{"type": "FeatureCollection", "features": [{"type": "Feature", "properties": {"zone_id": "CAL-C406", "zone_status": "Evacuation Warning", "zone_status_reason": "This is an emergency message from the Los Angeles County Fire Department. An EVACUATION WARNING has been issued in your area.  Remain vigilant of any threats and be ready to evacuate. Gather loved ones, pets, and supplies. Continue to monitor local weather, news, and the webpage alertla.org for more", "county_abbr": "XLA", "north_of": "Mulholland Hwy", "east_of": "Prado De Las Flores", "south_of": "Ventura Freeway", "west_of": "Parkway Calabasas", "acreage": 1289, "est_population": 2330, "city_abbr": "CAL", "zone_sequence": "C406", "zone_approval_status": "Published", "last_updated": 1736272094000, "url": "https://protect.genasys.com/zones/US-CA-XLA-CAL-C406", "County_Name": "Los Angeles", "Data_Source_Name": "Zonehaven", "Original_Source_URL": "https://protect.genasys.com/zones/US-CA-XLA-CAL-C406"}, "geometry": {"type": "Polygon", "coordinates": [[[-118.66755, 34.14884], [-118.66755, 34.14786], [-118.66754, 34.14728], [-118.66756, 34.14728], [-118.66756, 34.14728], [-118.66786, 34.14728], [-118.66786, 34.14692], [-118.66786, 34.14571], [-118.66786, 34.14562], [-118.66786, 34.14552], [-118.66786, 34.14521], [-118.66785, 34.14511], [-118.66785, 34.14355], [-118.66785, 34.14278], [-118.66791, 34.14278], [-118.66791, 34.14226], [-118.66843, 34.14192], [-118.66799, 34.14133], [-118.67031, 34.13946], [-118.67035, 34.13943], [-118.67041, 34.13938], [-118.67047, 34.13933], [-118.67043, 34.13919], [-118.67041, 34.13914], [-118.67039, 34.13907], [-118.67036, 34.13898], [-118.66922, 34.13534], [-118.66949, 34.13456], [-118.66954, 34.13442], [-118.66979, 34.13369], [-118.66981, 34.13363], [-118.66952, 34.13331], [-118.66903, 34.13277], [-118.66882, 34.13254], [-118.66757, 34.13116], [-118.66754, 34.13116], [-118.66754, 34.13094], [-118.66758, 34.13085], [-118.66758, 34.13085], [-118.66763, 34.13076], [-118.66763, 34.13076], [-118.6677, 34.1306], [-118.6677, 34.13059], [-118.66778, 34.13041], [-118.66794, 34.13033], [-118.66826, 34.13015], [-118.669, 34.13017], [-118.66919, 34.12962], [-118.66965, 34.12857], [-118.67011, 34.128], [-118.67056, 34.12762], [-118.67129, 34.12764], [-118.67097, 34.12528], [-118.67202, 34.12527], [-118.67318, 34.12526], [-118.67337, 34.12526], [-118.67404, 34.12527], [-118.67407, 34.12527], [-118.6742, 34.12527], [-118.67437, 34.12527], [-118.67442, 34.12527], [-118.67466, 34.12527], [-118.67478, 34.12527], [-118.67638, 34.12528], [-118.6778, 34.12529], [-118.68065, 34.12531], [-118.68074, 34.12531], [-118.68173, 34.12531], [-118.68215, 34.12532], [-118.68262, 34.12532], [-118.68272, 34.12532], [-118.68311, 34.12532], [-118.68367, 34.12533], [-118.68518, 34.12533], [-118.68519, 34.12533], [-118.68526, 34.12534], [-118.68624, 34.12534], [-118.68939, 34.12536], [-118.68941, 34.12535], [-118.68941, 34.12536], [-118.68943, 34.129], [-118.68943, 34.129], [-118.68943, 34.12902], [-118.68944, 34.13037], [-118.68944, 34.13086], [-118.6894, 34.13263], [-118.68931, 34.13627], [-118.68932, 34.13693], [-118.68932, 34.13694], [-118.68937, 34.13993], [-118.68945, 34.14402], [-118.6895, 34.14732], [-118.68952, 34.15018], [-118.68952, 34.15066], [-118.68944, 34.15065], [-118.68915, 34.15059], [-118.68906, 34.15058], [-118.68879, 34.15054], [-118.68838, 34.15049], [-118.68784, 34.15046], [-118.6876, 34.15047], [-118.68736, 34.15048], [-118.68688, 34.15052], [-118.68644, 34.15058], [-118.68641, 34.15059], [-118.68478, 34.15092], [-118.68417, 34.15101], [-118.68379, 34.15104], [-118.68357, 34.15105], [-118.68347, 34.15106], [-118.68343, 34.15106], [-118.6829, 34.15106], [-118.68237, 34.15106], [-118.68054, 34.15105], [-118.68031, 34.15105], [-118.67981, 34.15102], [-118.67931, 34.15097], [-118.67909, 34.15093], [-118.67887, 34.15089], [-118.67859, 34.15082], [-118.67845, 34.15078], [-118.67802, 34.15065], [-118.67635, 34.15007], [-118.67464, 34.14948], [-118.67433, 34.14939], [-118.6742, 34.14935], [-118.67376, 34.14924], [-118.67338, 34.14918], [-118.67334, 34.14917], [-118.6728, 34.14911], [-118.67263, 34.14911], [-118.67232, 34.1491], [-118.67203, 34.1491], [-118.67166, 34.14912], [-118.67129, 34.14913], [-118.67114, 34.14914], [-118.67098, 34.14915], [-118.66824, 34.1493], [-118.66756, 34.14934], [-118.66755, 34.14884]]]}}, {"type": "Feature", "properties": {"zone_id": "CAL-C407", "zone_status": "Evacuation Warning", "zone_status_reason": "This is an emergency message from the Los Angeles County Fire Department. An EVACUATION WARNING has been issued in your area.  Remain vigilant of any threats and be ready to evacuate. Gather loved ones, pets, and supplies. Continue to monitor local weather, news, and the webpage alertla.org for more", "county_abbr": "XLA", "north_of": "West Barkpoint Drive", "east_of": "Dry Canyon Cold Creek Rd, Mulholland Hwy", "south_of": "Mulholland Hwy, Saint Andrews Lane", "west_of": "Linden Terrace, Saint Andrews Lane", "acreage": 883, "est_population": 521, "city_abbr": "CAL", "zone_sequence": "C407", "zone_approval_status": "Published", "last_updated": 1736272094000, "url": "https://protect.genasys.com/zones/US-CA-XLA-CAL-C407", "County_Name": "Los Angeles", "Data_Source_Name": "Zonehaven", "Original_Source_URL": "https://protect.genasys.com/zones/US-CA-XLA-CAL-C407"}, "geometry": {"type": "Polygon", "coordinates": [[[-118.65, 34.13273], [-118.65, 34.1326], [-118.65, 34.13248], [-118.65, 34.13236], [-118.65001, 34.13223], [-118.65001, 34.13204], [-118.65001, 34.132], [-118.65002, 34.13161], [-118.65003, 34.13097], [-118.65003, 34.13088], [-118.65003, 34.13069], [-118.65004, 34.13059], [-118.65004, 34.13053], [-118.65004, 34.13023], [-118.65005, 34.12971], [-118.65006, 34.12908], [-118.65009, 34.12814], [-118.65015, 34.12535], [-118.65021, 34.12172], [-118.65026, 34.1181], [-118.6545, 34.1181], [-118.65873, 34.11811], [-118.65874, 34.11811], [-118.66762, 34.11813], [-118.67637, 34.11811], [-118.67865, 34.11811], [-118.68061, 34.11811], [-118.68133, 34.11811], [-118.68156, 34.11811], [-118.68286, 34.11812], [-118.68515, 34.11813], [-118.68937, 34.11813], [-118.68941, 34.12535], [-118.68939, 34.12536], [-118.68624, 34.12534], [-118.68526, 34.12534], [-118.68519, 34.12533], [-118.68518, 34.12533], [-118.68367, 34.12533], [-118.68311, 34.12532], [-118.68272, 34.12532], [-118.68262, 34.12532], [-118.68215, 34.12532], [-118.68173, 34.12531], [-118.68074, 34.12531], [-118.68065, 34.12531], [-118.6778, 34.12529], [-118.67638, 34.12528], [-118.67478, 34.12527], [-118.67466, 34.12527], [-118.67442, 34.12527], [-118.67437, 34.12527], [-118.6742, 34.12527], [-118.67407, 34.12527], [-118.67404, 34.12527], [-118.67337, 34.12526], [-118.67318, 34.12526], [-118.67202, 34.12527], [-118.67097, 34.12528], [-118.66873, 34.12529], [-118.66576, 34.12532], [-118.66573, 34.12532], [-118.66569, 34.12532], [-118.6655, 34.12532], [-118.66502, 34.12532], [-118.66465, 34.12533], [-118.66462, 34.12533], [-118.6646, 34.12533], [-118.66456, 34.12533], [-118.66447, 34.12533], [-118.6613, 34.12535], [-118.66007, 34.12536], [-118.66006, 34.12557], [-118.66004, 34.12563], [-118.65998, 34.12566], [-118.65991, 34.1257], [-118.65982, 34.12575], [-118.65976, 34.1258], [-118.6597, 34.12585], [-118.65968, 34.12593], [-118.65968, 34.12602], [-118.65969, 34.12613], [-118.65969, 34.12625], [-118.65965, 34.12636], [-118.65928, 34.1269], [-118.65926, 34.12701], [-118.65925, 34.12709], [-118.65926, 34.12718], [-118.65928, 34.1273], [-118.65934, 34.12749], [-118.6594, 34.12762], [-118.65943, 34.12773], [-118.65942, 34.12783], [-118.65937, 34.12792], [-118.65911, 34.12822], [-118.65893, 34.12839], [-118.65875, 34.12852], [-118.65874, 34.12866], [-118.65874, 34.12873], [-118.65874, 34.12936], [-118.65874, 34.12947], [-118.65873, 34.13102], [-118.65873, 34.1316], [-118.65873, 34.13191], [-118.65947, 34.13191], [-118.65947, 34.13273], [-118.65873, 34.13273], [-118.65373, 34.13273], [-118.65, 34.13273]]]}}, {"type": "Feature", "properties": {"zone_id": "CAL-C408", "zone_status": "Evacuation Warning", "zone_status_reason": "This is an emergency message from the Los Angeles County Fire Department. An EVACUATION WARNING has been issued in your area.  Remain vigilant of any threats and be ready to evacuate. Gather loved ones, pets, and supplies. Continue to monitor local weather, news, and the webpage alertla.org for more", "county_abbr": "XLA", "north_of": "Dry Canyon Cold Creek Road, Parkway Calabasas", "east_of": "-", "south_of": "Parkway Calabasas, Palmilla Drive", "west_of": "Cordova Drive", "acreage": 415, "est_population": 327, "city_abbr": "CAL", "zone_sequence": "C408", "zone_approval_status": "Published", "last_updated": 1736272094000, "url": "https://protect.genasys.com/zones/US-CA-XLA-CAL-C408", "County_Name": "Los Angeles", "Data_Source_Name": "Zonehaven", "Original_Source_URL": "https://protect.genasys.com/zones/US-CA-XLA-CAL-C408"}, "geometry": {"type": "Polygon", "coordinates": [[[-118.6677, 34.14138], [-118.66754, 34.14141], [-118.66679, 34.14153], [-118.66669, 34.14155], [-118.6661, 34.14171], [-118.66576, 34.14172], [-118.66553, 34.14174], [-118.66509, 34.14171], [-118.66462, 34.14164], [-118.66446, 34.14163], [-118.66412, 34.14146], [-118.66314, 34.14143], [-118.66277, 34.14135], [-118.6616, 34.14135], [-118.66173, 34.14115], [-118.66187, 34.14092], [-118.66195, 34.14074], [-118.66204, 34.14053], [-118.66218, 34.14038], [-118.66249, 34.14006], [-118.66252, 34.14002], [-118.66259, 34.13986], [-118.66262, 34.13981], [-118.66228, 34.13966], [-118.66143, 34.13927], [-118.66098, 34.1391], [-118.66038, 34.13896], [-118.66005, 34.13891], [-118.6598, 34.13889], [-118.65939, 34.13887], [-118.65919, 34.13887], [-118.65907, 34.13887], [-118.65909, 34.13884], [-118.6591, 34.13881], [-118.6591, 34.13877], [-118.65908, 34.13873], [-118.65905, 34.1387], [-118.659, 34.13868], [-118.65895, 34.13866], [-118.65895, 34.13858], [-118.65891, 34.13813], [-118.65891, 34.13812], [-118.65895, 34.13811], [-118.65906, 34.1381], [-118.65906, 34.1381], [-118.65905, 34.13805], [-118.65904, 34.13793], [-118.65896, 34.13741], [-118.65898, 34.13736], [-118.65877, 34.13728], [-118.65861, 34.13721], [-118.65848, 34.13715], [-118.65833, 34.13707], [-118.65832, 34.1369], [-118.65821, 34.13673], [-118.65813, 34.1366], [-118.65834, 34.13639], [-118.6586, 34.13629], [-118.65867, 34.13614], [-118.65875, 34.13608], [-118.65867, 34.13601], [-118.65857, 34.13586], [-118.65854, 34.13582], [-118.65847, 34.13563], [-118.6584, 34.13547], [-118.6583, 34.1353], [-118.65819, 34.13513], [-118.65814, 34.13497], [-118.65822, 34.13476], [-118.65826, 34.13464], [-118.65833, 34.13457], [-118.65842, 34.13447], [-118.65851, 34.13409], [-118.65855, 34.13393], [-118.65863, 34.13361], [-118.65947, 34.13361], [-118.65947, 34.13273], [-118.65947, 34.13191], [-118.65873, 34.13191], [-118.65873, 34.1316], [-118.65873, 34.13102], [-118.65874, 34.12947], [-118.65874, 34.12936], [-118.65874, 34.12873], [-118.65874, 34.12866], [-118.65875, 34.12852], [-118.65893, 34.12839], [-118.65911, 34.12822], [-118.65937, 34.12792], [-118.65942, 34.12783], [-118.65943, 34.12773], [-118.6594, 34.12762], [-118.65934, 34.12749], [-118.65928, 34.1273], [-118.65926, 34.12718], [-118.65925, 34.12709], [-118.65926, 34.12701], [-118.65928, 34.1269], [-118.65965, 34.12636], [-118.65969, 34.12625], [-118.65969, 34.12613], [-118.65968, 34.12602], [-118.65968, 34.12593], [-118.6597, 34.12585], [-118.65976, 34.1258], [-118.65982, 34.12575], [-118.65991, 34.1257], [-118.65998, 34.12566], [-118.66004, 34.12563], [-118.66006, 34.12557], [-118.66007, 34.12536], [-118.6613, 34.12535], [-118.66447, 34.12533], [-118.66456, 34.12533], [-118.6646, 34.12533], [-118.66462, 34.12533], [-118.66465, 34.12533], [-118.66502, 34.12532], [-118.6655, 34.12532], [-118.66569, 34.12532], [-118.66573, 34.12532], [-118.66576, 34.12532], [-118.66873, 34.12529], [-118.67097, 34.12528], [-118.67129, 34.12764], [-118.67056, 34.12762], [-118.67011, 34.128], [-118.66965, 34.12857], [-118.66919, 34.12962], [-118.669, 34.13017], [-118.66826, 34.13015], [-118.66794, 34.13033], [-118.66778, 34.13041], [-118.6677, 34.13059], [-118.6677, 34.1306], [-118.66763, 34.13076], [-118.66763, 34.13076], [-118.66758, 34.13085], [-118.66758, 34.13085], [-118.66754, 34.13094], [-118.66754, 34.13116], [-118.66757, 34.13116], [-118.66882, 34.13254], [-118.66903, 34.13277], [-118.66952, 34.13331], [-118.66981, 34.13363], [-118.66979, 34.13369], [-118.66954, 34.13442], [-118.66949, 34.13456], [-118.66922, 34.13534], [-118.67036, 34.13898], [-118.67039, 34.13907], [-118.67041, 34.13914], [-118.67043, 34.13919], [-118.67047, 34.13933], [-118.67041, 34.13938], [-118.67035, 34.13943], [-118.67031, 34.13946], [-118.66799, 34.14133], [-118.6677, 34.14138]]]}}, {"type": "Feature", "properties": {"zone_id": "CAL-C409", "zone_status": "Evacuation Warning", "zone_status_reason": "This is an emergency message from the Los Angeles County Fire Department. An EVACUATION WARNING has been issued in your area.  Remain vigilant of any threats and be ready to evacuate. Gather loved ones, pets, and supplies. Continue to monitor local weather, news, and the webpage alertla.org for more", "county_abbr": "XLA", "north_of": "Palmilla Dr. , Parkway Calabasas, Saint Andrews HOA", "east_of": "Parkway Calabasas", "south_of": " Calabasas Road, Ventura Freeway, Parkway Calabasas", "west_of": "Parkway Calabasas, Park South HOA", "acreage": 714, "est_population": 58, "city_abbr": "CAL", "zone_sequence": "C409", "zone_approval_status": "Published", "last_updated": 1736272094000, "url": "https://protect.genasys.com/zones/US-CA-XLA-CAL-C409", "County_Name": "Los Angeles", "Data_Source_Name": "Zonehaven", "Original_Source_URL": "https://protect.genasys.com/zones/US-CA-XLA-CAL-C409"}, "geometry": {"type": "Polygon", "coordinates": [[[-118.66259, 34.13986], [-118.66252, 34.14002], [-118.66249, 34.14006], [-118.66218, 34.14038], [-118.66204, 34.14053], [-118.66195, 34.14074], [-118.66187, 34.14092], [-118.66173, 34.14115], [-118.6616, 34.14135], [-118.66277, 34.14135], [-118.66314, 34.14143], [-118.66412, 34.14146], [-118.66446, 34.14163], [-118.66462, 34.14164], [-118.66509, 34.14171], [-118.66553, 34.14174], [-118.66576, 34.14172], [-118.6661, 34.14171], [-118.66669, 34.14155], [-118.66679, 34.14153], [-118.66754, 34.14141], [-118.6677, 34.14138], [-118.66799, 34.14133], [-118.66843, 34.14192], [-118.66791, 34.14226], [-118.66791, 34.14278], [-118.66785, 34.14278], [-118.66785, 34.14355], [-118.66785, 34.14511], [-118.66786, 34.14521], [-118.66786, 34.14552], [-118.66786, 34.14562], [-118.66786, 34.14571], [-118.66786, 34.14692], [-118.66786, 34.14728], [-118.66756, 34.14728], [-118.66756, 34.14728], [-118.66754, 34.14728], [-118.66755, 34.14786], [-118.66755, 34.14884], [-118.66756, 34.14934], [-118.66655, 34.1494], [-118.66611, 34.14944], [-118.66566, 34.14948], [-118.66515, 34.14955], [-118.66496, 34.14958], [-118.66483, 34.1496], [-118.6641, 34.14974], [-118.66381, 34.1498], [-118.66352, 34.14987], [-118.66301, 34.14999], [-118.66298, 34.15], [-118.66111, 34.15052], [-118.65865, 34.15123], [-118.65441, 34.15245], [-118.65372, 34.15267], [-118.65337, 34.15279], [-118.65302, 34.15292], [-118.65211, 34.15328], [-118.65199, 34.1531], [-118.65189, 34.15292], [-118.65179, 34.15276], [-118.65154, 34.15237], [-118.65148, 34.15228], [-118.65142, 34.1522], [-118.65128, 34.15203], [-118.65098, 34.15174], [-118.65065, 34.15147], [-118.65028, 34.15124], [-118.64987, 34.15104], [-118.64952, 34.15087], [-118.64895, 34.15061], [-118.64858, 34.15041], [-118.64837, 34.15028], [-118.64814, 34.15012], [-118.64797, 34.14997], [-118.64777, 34.14978], [-118.64744, 34.1494], [-118.64738, 34.1493], [-118.64722, 34.14903], [-118.64714, 34.14886], [-118.64705, 34.14863], [-118.64699, 34.14841], [-118.64694, 34.1482], [-118.64691, 34.14796], [-118.6469, 34.14774], [-118.64691, 34.14753], [-118.64694, 34.14733], [-118.64698, 34.14711], [-118.64703, 34.14693], [-118.64712, 34.14668], [-118.64725, 34.14641], [-118.64738, 34.14617], [-118.64742, 34.14461], [-118.64747, 34.14413], [-118.64766, 34.14232], [-118.64748, 34.14173], [-118.6477, 34.14145], [-118.64726, 34.14112], [-118.64726, 34.14039], [-118.64726, 34.14008], [-118.64837, 34.14007], [-118.64999, 34.14006], [-118.64999, 34.13888], [-118.64999, 34.13757], [-118.64999, 34.1364], [-118.64999, 34.13458], [-118.65, 34.13273], [-118.65373, 34.13273], [-118.65873, 34.13273], [-118.65947, 34.13273], [-118.65947, 34.13361], [-118.65863, 34.13361], [-118.65855, 34.13393], [-118.65851, 34.13409], [-118.65842, 34.13447], [-118.65833, 34.13457], [-118.65826, 34.13464], [-118.65822, 34.13476], [-118.65814, 34.13497], [-118.65819, 34.13513], [-118.6583, 34.1353], [-118.6584, 34.13547], [-118.65847, 34.13563], [-118.65854, 34.13582], [-118.65857, 34.13586], [-118.65867, 34.13601], [-118.65875, 34.13608], [-118.65867, 34.13614], [-118.6586, 34.13629], [-118.65834, 34.13639], [-118.65813, 34.1366], [-118.65821, 34.13673], [-118.65832, 34.1369], [-118.65833, 34.13707], [-118.65848, 34.13715], [-118.65861, 34.13721], [-118.65877, 34.13728], [-118.65898, 34.13736], [-118.65896, 34.13741], [-118.65904, 34.13793], [-118.65905, 34.13805], [-118.65906, 34.1381], [-118.65906, 34.1381], [-118.65895, 34.13811], [-118.65891, 34.13812], [-118.65891, 34.13813], [-118.65895, 34.13858], [-118.65895, 34.13866], [-118.659, 34.13868], [-118.65905, 34.1387], [-118.65908, 34.13873], [-118.6591, 34.13877], [-118.6591, 34.13881], [-118.65909, 34.13884], [-118.65907, 34.13887], [-118.65919, 34.13887], [-118.65939, 34.13887], [-118.6598, 34.13889], [-118.66005, 34.13891], [-118.66038, 34.13896], [-118.66098, 34.1391], [-118.66143, 34.13927], [-118.66228, 34.13966], [-118.66262, 34.13981], [-118.66259, 34.13986]]]}}, {"type": "Feature", "properties": {"zone_id": "CAL-C410", "zone_status": "Evacuation Warning", "zone_status_reason": "This is an emergency message from the Los Angeles County Fire Department. An EVACUATION WARNING has been issued in your area. Remain vigilant of any threats and be ready to evacuate. Gather loved ones, pets, and supplies. Continue to monitor local weather, news, and the webpage alertla.org for more", "county_abbr": "XLA", "north_of": null, "east_of": "Parkway Calabasas", "south_of": "Ventura Freeway", "west_of": "Park Sorrento", "acreage": 634, "est_population": 2573, "city_abbr": "CAL", "zone_sequence": "C410", "zone_approval_status": "Published", "last_updated": 1736301668000, "url": "https://protect.genasys.com/zones/US-CA-XLA-CAL-C410", "County_Name": "Los Angeles", "Data_Source_Name": "Zonehaven", "Original_Source_URL": "https://protect.genasys.com/zones/US-CA-XLA-CAL-C410"}, "geometry": {"type": "Polygon", "coordinates": [[[-118.63852, 34.15764], [-118.63803, 34.15709], [-118.638, 34.15706], [-118.63794, 34.15699], [-118.63773, 34.15675], [-118.63765, 34.15667], [-118.63684, 34.15576], [-118.63676, 34.15567], [-118.63623, 34.15508], [-118.63561, 34.15439], [-118.63463, 34.15329], [-118.634, 34.15258], [-118.63385, 34.15241], [-118.63217, 34.15053], [-118.63219, 34.15051], [-118.63214, 34.15043], [-118.6321, 34.15035], [-118.63206, 34.15026], [-118.63204, 34.15017], [-118.63201, 34.15008], [-118.632, 34.14998], [-118.63199, 34.14989], [-118.63199, 34.14988], [-118.63196, 34.14919], [-118.63196, 34.14914], [-118.63195, 34.14888], [-118.63195, 34.14877], [-118.63196, 34.14877], [-118.63206, 34.14877], [-118.63216, 34.14878], [-118.63224, 34.14879], [-118.63225, 34.1487], [-118.63225, 34.14819], [-118.63225, 34.1481], [-118.63225, 34.14806], [-118.63225, 34.14792], [-118.63225, 34.14778], [-118.63225, 34.14761], [-118.63225, 34.14739], [-118.63225, 34.14727], [-118.63225, 34.14727], [-118.63251, 34.14727], [-118.63251, 34.14723], [-118.63251, 34.14711], [-118.63251, 34.14692], [-118.63251, 34.14692], [-118.63251, 34.14683], [-118.63251, 34.14678], [-118.63251, 34.14667], [-118.63251, 34.14666], [-118.6325, 34.14655], [-118.6325, 34.14649], [-118.6325, 34.14648], [-118.6325, 34.14646], [-118.6325, 34.14632], [-118.6325, 34.14614], [-118.6325, 34.14611], [-118.6325, 34.14607], [-118.6325, 34.14599], [-118.6325, 34.14597], [-118.6325, 34.1458], [-118.6325, 34.14564], [-118.6325, 34.14558], [-118.6325, 34.14547], [-118.63249, 34.14544], [-118.63249, 34.14508], [-118.63249, 34.14486], [-118.63249, 34.14459], [-118.63248, 34.14427], [-118.63248, 34.14417], [-118.63248, 34.14366], [-118.63248, 34.14363], [-118.63248, 34.14323], [-118.63248, 34.14323], [-118.63247, 34.14219], [-118.63253, 34.14219], [-118.63286, 34.14219], [-118.63306, 34.14219], [-118.63312, 34.14219], [-118.63347, 34.14219], [-118.63349, 34.14219], [-118.63374, 34.14219], [-118.63385, 34.14219], [-118.63388, 34.14185], [-118.63391, 34.14158], [-118.63396, 34.14101], [-118.63397, 34.14095], [-118.63398, 34.14085], [-118.63399, 34.14067], [-118.63405, 34.14005], [-118.63418, 34.14005], [-118.63438, 34.14005], [-118.63473, 34.14006], [-118.63506, 34.14006], [-118.63544, 34.14006], [-118.63576, 34.14007], [-118.63607, 34.14007], [-118.63635, 34.14007], [-118.63707, 34.14008], [-118.63713, 34.14008], [-118.63746, 34.14008], [-118.63933, 34.14009], [-118.63975, 34.1401], [-118.64003, 34.1401], [-118.6402, 34.1401], [-118.64122, 34.14011], [-118.6428, 34.1401], [-118.6432, 34.1401], [-118.6436, 34.1401], [-118.64401, 34.14009], [-118.64486, 34.14009], [-118.6457, 34.14009], [-118.64593, 34.14008], [-118.64596, 34.13993], [-118.64667, 34.13982], [-118.64673, 34.14008], [-118.64726, 34.14008], [-118.64726, 34.14039], [-118.64726, 34.14112], [-118.6477, 34.14145], [-118.64748, 34.14173], [-118.64766, 34.14232], [-118.64747, 34.14413], [-118.64742, 34.14461], [-118.64738, 34.14617], [-118.64725, 34.14641], [-118.64712, 34.14668], [-118.64703, 34.14693], [-118.64698, 34.14711], [-118.64694, 34.14733], [-118.64691, 34.14753], [-118.6469, 34.14774], [-118.64691, 34.14796], [-118.64694, 34.1482], [-118.64699, 34.14841], [-118.64705, 34.14863], [-118.64714, 34.14886], [-118.64722, 34.14903], [-118.64738, 34.1493], [-118.64744, 34.1494], [-118.64777, 34.14978], [-118.64797, 34.14997], [-118.64814, 34.15012], [-118.64837, 34.15028], [-118.64858, 34.15041], [-118.64895, 34.15061], [-118.64952, 34.15087], [-118.64987, 34.15104], [-118.65028, 34.15124], [-118.65065, 34.15147], [-118.65098, 34.15174], [-118.65128, 34.15203], [-118.65142, 34.1522], [-118.65148, 34.15228], [-118.65154, 34.15237], [-118.65179, 34.15276], [-118.65189, 34.15292], [-118.65199, 34.1531], [-118.65211, 34.15328], [-118.65189, 34.15336], [-118.64827, 34.15495], [-118.64368, 34.15696], [-118.64292, 34.15729], [-118.64263, 34.15741], [-118.64231, 34.15754], [-118.642, 34.15767], [-118.64158, 34.15784], [-118.64128, 34.15794], [-118.64128, 34.15794], [-118.64124, 34.15796], [-118.63844, 34.159], [-118.63842, 34.15901], [-118.63779, 34.15822], [-118.63793, 34.15812], [-118.63796, 34.1581], [-118.63805, 34.15802], [-118.63811, 34.15797], [-118.63827, 34.15782], [-118.63836, 34.15775], [-118.63846, 34.15768], [-118.63851, 34.15765], [-118.63852, 34.15764]]]}}, {"type": "Feature", "properties": {"zone_id": "CAL-C411", "zone_status": "Evacuation Warning", "zone_status_reason": "This is an emergency message from the Los Angeles County Fire Department. An EVACUATION WARNING has been issued in your area.  Remain vigilant of any threats and be ready to evacuate. Gather loved ones, pets, and supplies. Continue to monitor local weather, news, and the webpage alertla.org for more", "county_abbr": "XLA", "north_of": "Summit Drive", "east_of": "Condell Dr, Alcamo Dr, Canyon Dr", "south_of": "Parksouth Street", "west_of": "Mulholland Highway, Ivy Trail", "acreage": 234, "est_population": 2081, "city_abbr": "CAL", "zone_sequence": "C411", "zone_approval_status": "Published", "last_updated": 1736272094000, "url": "https://protect.genasys.com/zones/US-CA-XLA-CAL-C411", "County_Name": "Los Angeles", "Data_Source_Name": "Zonehaven", "Original_Source_URL": "https://protect.genasys.com/zones/US-CA-XLA-CAL-C411"}, "geometry": {"type": "Polygon", "coordinates": [[[-118.63742, 34.13806], [-118.63764, 34.13815], [-118.63788, 34.13823], [-118.63812, 34.1383], [-118.63833, 34.13834], [-118.63839, 34.13835], [-118.63866, 34.13838], [-118.63892, 34.1384], [-118.63918, 34.13839], [-118.63945, 34.13837], [-118.63964, 34.13835], [-118.63983, 34.13831], [-118.63986, 34.13831], [-118.63999, 34.13828], [-118.64004, 34.13827], [-118.64024, 34.1382], [-118.64046, 34.13812], [-118.64066, 34.13803], [-118.64088, 34.13791], [-118.64107, 34.13779], [-118.64114, 34.13774], [-118.64177, 34.13731], [-118.64183, 34.13726], [-118.64318, 34.13627], [-118.64343, 34.1361], [-118.64406, 34.13568], [-118.64463, 34.13526], [-118.64491, 34.13506], [-118.64484, 34.135], [-118.64475, 34.13494], [-118.64467, 34.13491], [-118.6446, 34.13488], [-118.64407, 34.1348], [-118.64398, 34.13477], [-118.64396, 34.13473], [-118.64396, 34.13464], [-118.64391, 34.13274], [-118.64391, 34.13272], [-118.64391, 34.13272], [-118.6438, 34.13272], [-118.64361, 34.13272], [-118.64343, 34.13272], [-118.64326, 34.13272], [-118.64325, 34.13272], [-118.64309, 34.13272], [-118.64304, 34.13272], [-118.64299, 34.13272], [-118.64275, 34.13272], [-118.64264, 34.13272], [-118.64264, 34.13272], [-118.64254, 34.13272], [-118.64248, 34.13272], [-118.64242, 34.13272], [-118.64237, 34.13272], [-118.64216, 34.13272], [-118.64199, 34.13272], [-118.64199, 34.13272], [-118.64198, 34.13272], [-118.64169, 34.13272], [-118.6416, 34.13272], [-118.64118, 34.13272], [-118.64118, 34.1327], [-118.64118, 34.13268], [-118.64118, 34.13261], [-118.64118, 34.13261], [-118.64118, 34.13253], [-118.64118, 34.1325], [-118.64118, 34.1325], [-118.64118, 34.13239], [-118.64118, 34.13234], [-118.64118, 34.13228], [-118.64118, 34.13228], [-118.64118, 34.13217], [-118.64118, 34.13217], [-118.64117, 34.13206], [-118.64117, 34.13195], [-118.64117, 34.13194], [-118.64117, 34.13192], [-118.64117, 34.1319], [-118.64117, 34.13188], [-118.64117, 34.13187], [-118.64117, 34.13185], [-118.64117, 34.13183], [-118.64117, 34.13182], [-118.64117, 34.1318], [-118.64117, 34.13178], [-118.64117, 34.13176], [-118.64117, 34.13175], [-118.64117, 34.13173], [-118.64117, 34.13171], [-118.64117, 34.13158], [-118.64117, 34.13146], [-118.64117, 34.13135], [-118.64117, 34.13124], [-118.64117, 34.13113], [-118.64116, 34.13101], [-118.64116, 34.13089], [-118.64116, 34.13086], [-118.64116, 34.13085], [-118.64116, 34.13069], [-118.64116, 34.13061], [-118.64116, 34.1306], [-118.64116, 34.13052], [-118.64116, 34.13036], [-118.64116, 34.13019], [-118.64116, 34.13015], [-118.64116, 34.13011], [-118.64115, 34.12998], [-118.64115, 34.12984], [-118.64115, 34.12981], [-118.64115, 34.12973], [-118.64115, 34.12965], [-118.64115, 34.12964], [-118.64115, 34.12956], [-118.64115, 34.12948], [-118.64115, 34.12932], [-118.64115, 34.12927], [-118.64115, 34.12913], [-118.64115, 34.1291], [-118.64115, 34.12904], [-118.64115, 34.12904], [-118.64143, 34.12904], [-118.64163, 34.12904], [-118.64183, 34.12904], [-118.64203, 34.12904], [-118.64205, 34.12904], [-118.64223, 34.12904], [-118.64242, 34.12904], [-118.64262, 34.12904], [-118.64282, 34.12905], [-118.64285, 34.12905], [-118.64288, 34.12905], [-118.64296, 34.12905], [-118.64308, 34.12905], [-118.64328, 34.12905], [-118.64348, 34.12905], [-118.64384, 34.12905], [-118.64387, 34.12905], [-118.64395, 34.12905], [-118.64404, 34.12905], [-118.64411, 34.12905], [-118.64411, 34.12905], [-118.64446, 34.12905], [-118.64457, 34.12905], [-118.64459, 34.12905], [-118.64461, 34.12905], [-118.64464, 34.12905], [-118.64467, 34.12905], [-118.64469, 34.12905], [-118.64477, 34.12905], [-118.64477, 34.12905], [-118.64488, 34.12905], [-118.64496, 34.12905], [-118.64497, 34.12905], [-118.64497, 34.12906], [-118.64763, 34.12907], [-118.65001, 34.12908], [-118.65006, 34.12908], [-118.65005, 34.12971], [-118.65004, 34.13023], [-118.65004, 34.13053], [-118.65004, 34.13059], [-118.65003, 34.13069], [-118.65003, 34.13088], [-118.65003, 34.13097], [-118.65002, 34.13161], [-118.65001, 34.132], [-118.65001, 34.13204], [-118.65001, 34.13223], [-118.65, 34.13236], [-118.65, 34.13248], [-118.65, 34.1326], [-118.65, 34.13273], [-118.64999, 34.13458], [-118.64999, 34.1364], [-118.64999, 34.13757], [-118.64999, 34.13888], [-118.64999, 34.14006], [-118.64837, 34.14007], [-118.64726, 34.14008], [-118.64673, 34.14008], [-118.64667, 34.13982], [-118.64596, 34.13993], [-118.64593, 34.14008], [-118.6457, 34.14009], [-118.64486, 34.14009], [-118.64401, 34.14009], [-118.6436, 34.1401], [-118.6432, 34.1401], [-118.6428, 34.1401], [-118.64122, 34.14011], [-118.6402, 34.1401], [-118.64003, 34.1401], [-118.63975, 34.1401], [-118.63933, 34.14009], [-118.63746, 34.14008], [-118.63746, 34.13824], [-118.63742, 34.13806]]]}}, {"type": "Feature", "properties": {"zone_id": "CAL-C412", "zone_status": "Evacuation Warning", "zone_status_reason": "This is an emergency message from the Los Angeles County Fire Department. An EVACUATION WARNING has been issued in your area.  Remain vigilant of any threats and be ready to evacuate. Gather loved ones, pets, and supplies. Continue to monitor local weather, news, and the webpage alertla.org for more", "county_abbr": "XLA", "north_of": "Mulholland Highway, Old Topanga Canyon Road", "east_of": "Mulholland Highway", "south_of": "Valmar/Mulholland Dr", "west_of": "Valmar Rd, Old Topanga Cyn", "acreage": 143, "est_population": 1143, "city_abbr": "CAL", "zone_sequence": "C412", "zone_approval_status": "Published", "last_updated": 1736272094000, "url": "https://protect.genasys.com/zones/US-CA-XLA-CAL-C412", "County_Name": "Los Angeles", "Data_Source_Name": "Zonehaven", "Original_Source_URL": "https://protect.genasys.com/zones/US-CA-XLA-CAL-C412"}, "geometry": {"type": "Polygon", "coordinates": [[[-118.63195, 34.14888], [-118.63196, 34.14914], [-118.63196, 34.14919], [-118.63199, 34.14988], [-118.63199, 34.14989], [-118.632, 34.14998], [-118.63201, 34.15008], [-118.63204, 34.15017], [-118.63206, 34.15026], [-118.6321, 34.15035], [-118.63214, 34.15043], [-118.63219, 34.15051], [-118.63217, 34.15053], [-118.63162, 34.15087], [-118.63125, 34.15109], [-118.63115, 34.15102], [-118.63069, 34.1507], [-118.63027, 34.15039], [-118.63008, 34.14983], [-118.62996, 34.14986], [-118.62982, 34.14989], [-118.62969, 34.14948], [-118.62962, 34.14927], [-118.62953, 34.14902], [-118.62946, 34.1488], [-118.62934, 34.14844], [-118.6292, 34.14801], [-118.62908, 34.14764], [-118.62907, 34.14761], [-118.62899, 34.14736], [-118.629, 34.14728], [-118.62919, 34.14729], [-118.62919, 34.14727], [-118.6292, 34.14722], [-118.62925, 34.14691], [-118.62934, 34.14653], [-118.62951, 34.14587], [-118.62953, 34.1458], [-118.62956, 34.14567], [-118.62958, 34.14559], [-118.62965, 34.14531], [-118.62986, 34.14443], [-118.62993, 34.14414], [-118.63005, 34.14381], [-118.63016, 34.14359], [-118.63068, 34.14273], [-118.63078, 34.14255], [-118.63087, 34.1423], [-118.63095, 34.14201], [-118.63102, 34.14175], [-118.63105, 34.14166], [-118.63106, 34.14158], [-118.63109, 34.14134], [-118.63112, 34.14102], [-118.63111, 34.14064], [-118.63104, 34.14014], [-118.6308, 34.13941], [-118.63077, 34.13926], [-118.63076, 34.13912], [-118.63073, 34.13887], [-118.63073, 34.13881], [-118.63073, 34.13876], [-118.63071, 34.13834], [-118.6307, 34.1379], [-118.63066, 34.13744], [-118.63064, 34.13717], [-118.63062, 34.13678], [-118.63061, 34.13666], [-118.6306, 34.13658], [-118.63056, 34.13651], [-118.63047, 34.13645], [-118.63065, 34.1362], [-118.63068, 34.13617], [-118.63079, 34.13598], [-118.63092, 34.13578], [-118.63105, 34.13555], [-118.63115, 34.13541], [-118.63119, 34.13535], [-118.63131, 34.13521], [-118.63147, 34.13507], [-118.6316, 34.13497], [-118.63166, 34.13493], [-118.63176, 34.13487], [-118.63189, 34.1348], [-118.63197, 34.13477], [-118.63205, 34.13473], [-118.63224, 34.13468], [-118.63243, 34.13465], [-118.63246, 34.13464], [-118.6326, 34.13463], [-118.63277, 34.13463], [-118.63281, 34.13464], [-118.63299, 34.13465], [-118.63309, 34.13466], [-118.6332, 34.13468], [-118.63327, 34.13469], [-118.63333, 34.13471], [-118.63339, 34.13473], [-118.63346, 34.13475], [-118.63356, 34.13479], [-118.63366, 34.13484], [-118.63374, 34.13488], [-118.63385, 34.13495], [-118.634, 34.13505], [-118.63402, 34.13507], [-118.63406, 34.13511], [-118.63417, 34.1352], [-118.63423, 34.13526], [-118.63431, 34.13533], [-118.63472, 34.13572], [-118.63477, 34.13577], [-118.63498, 34.13598], [-118.63525, 34.13625], [-118.63533, 34.13632], [-118.63564, 34.13662], [-118.63602, 34.13698], [-118.63644, 34.13739], [-118.63657, 34.13752], [-118.63672, 34.13764], [-118.63678, 34.13769], [-118.63687, 34.13776], [-118.63704, 34.13787], [-118.63708, 34.13789], [-118.63722, 34.13797], [-118.63731, 34.13801], [-118.63742, 34.13806], [-118.63746, 34.13824], [-118.63746, 34.14008], [-118.63713, 34.14008], [-118.63707, 34.14008], [-118.63635, 34.14007], [-118.63607, 34.14007], [-118.63576, 34.14007], [-118.63544, 34.14006], [-118.63506, 34.14006], [-118.63473, 34.14006], [-118.63438, 34.14005], [-118.63418, 34.14005], [-118.63405, 34.14005], [-118.63399, 34.14067], [-118.63398, 34.14085], [-118.63397, 34.14095], [-118.63396, 34.14101], [-118.63391, 34.14158], [-118.63388, 34.14185], [-118.63385, 34.14219], [-118.63374, 34.14219], [-118.63349, 34.14219], [-118.63347, 34.14219], [-118.63312, 34.14219], [-118.63306, 34.14219], [-118.63286, 34.14219], [-118.63253, 34.14219], [-118.63247, 34.14219], [-118.63248, 34.14323], [-118.63248, 34.14323], [-118.63248, 34.14363], [-118.63248, 34.14366], [-118.63248, 34.14417], [-118.63248, 34.14427], [-118.63249, 34.14459], [-118.63249, 34.14486], [-118.63249, 34.14508], [-118.63249, 34.14544], [-118.6325, 34.14547], [-118.6325, 34.14558], [-118.6325, 34.14564], [-118.6325, 34.1458], [-118.6325, 34.14597], [-118.6325, 34.14599], [-118.6325, 34.14607], [-118.6325, 34.14611], [-118.6325, 34.14614], [-118.6325, 34.14632], [-118.6325, 34.14646], [-118.6325, 34.14648], [-118.6325, 34.14649], [-118.6325, 34.14655], [-118.63251, 34.14666], [-118.63251, 34.14667], [-118.63251, 34.14678], [-118.63251, 34.14683], [-118.63251, 34.14692], [-118.63251, 34.14692], [-118.63251, 34.14711], [-118.63251, 34.14723], [-118.63251, 34.14727], [-118.63225, 34.14727], [-118.63225, 34.14727], [-118.63225, 34.14739], [-118.63225, 34.14761], [-118.63225, 34.14778], [-118.63225, 34.14792], [-118.63225, 34.14806], [-118.63225, 34.1481], [-118.63225, 34.14819], [-118.63225, 34.1487], [-118.63224, 34.14879], [-118.63216, 34.14878], [-118.63206, 34.14877], [-118.63196, 34.14877], [-118.63195, 34.14877], [-118.63195, 34.14888]]]}}, {"type": "Feature", "properties": {"zone_id": "CAL-C413", "zone_status": "Evacuation Warning", "zone_status_reason": "This is an emergency message from the Los Angeles County Fire Department. An EVACUATION WARNING has been issued in your area.  Remain vigilant of any threats and be ready to evacuate. Gather loved ones, pets, and supplies. Continue to monitor local weather, news, and the webpage alertla.org for more", "county_abbr": "XLA", "north_of": "Old Topanga Canyon Road", "east_of": "Dry Canyon Cold Creek Road, Mulholland Highway, Summit Drive", "south_of": "Mulholland Highway", "west_of": "-", "acreage": 712, "est_population": 98, "city_abbr": "CAL", "zone_sequence": "C413", "zone_approval_status": "Published", "last_updated": 1736272094000, "url": "https://protect.genasys.com/zones/US-CA-XLA-CAL-C413", "County_Name": "Los Angeles", "Data_Source_Name": "Zonehaven", "Original_Source_URL": "https://protect.genasys.com/zones/US-CA-XLA-CAL-C413"}, "geometry": {"type": "Polygon", "coordinates": [[[-118.64112, 34.12531], [-118.64384, 34.12532], [-118.64384, 34.12532], [-118.64428, 34.12532], [-118.64494, 34.12532], [-118.64497, 34.12905], [-118.64496, 34.12905], [-118.64488, 34.12905], [-118.64477, 34.12905], [-118.64477, 34.12905], [-118.64469, 34.12905], [-118.64467, 34.12905], [-118.64464, 34.12905], [-118.64461, 34.12905], [-118.64459, 34.12905], [-118.64457, 34.12905], [-118.64446, 34.12905], [-118.64411, 34.12905], [-118.64411, 34.12905], [-118.64404, 34.12905], [-118.64395, 34.12905], [-118.64387, 34.12905], [-118.64384, 34.12905], [-118.64348, 34.12905], [-118.64328, 34.12905], [-118.64308, 34.12905], [-118.64296, 34.12905], [-118.64288, 34.12905], [-118.64285, 34.12905], [-118.64282, 34.12905], [-118.64262, 34.12904], [-118.64242, 34.12904], [-118.64223, 34.12904], [-118.64205, 34.12904], [-118.64203, 34.12904], [-118.64183, 34.12904], [-118.64163, 34.12904], [-118.64143, 34.12904], [-118.64115, 34.12904], [-118.64115, 34.12904], [-118.64115, 34.1291], [-118.64115, 34.12913], [-118.64115, 34.12927], [-118.64115, 34.12932], [-118.64115, 34.12948], [-118.64115, 34.12956], [-118.64115, 34.12964], [-118.64115, 34.12965], [-118.64115, 34.12973], [-118.64115, 34.12981], [-118.64115, 34.12984], [-118.64115, 34.12998], [-118.64116, 34.13011], [-118.64116, 34.13015], [-118.64116, 34.13019], [-118.64116, 34.13036], [-118.64116, 34.13052], [-118.64116, 34.1306], [-118.64116, 34.13061], [-118.64116, 34.13069], [-118.64116, 34.13085], [-118.64116, 34.13086], [-118.64116, 34.13089], [-118.64116, 34.13101], [-118.64117, 34.13113], [-118.64117, 34.13124], [-118.64117, 34.13135], [-118.64117, 34.13146], [-118.64117, 34.13158], [-118.64117, 34.13171], [-118.64117, 34.13173], [-118.64117, 34.13175], [-118.64117, 34.13176], [-118.64117, 34.13178], [-118.64117, 34.1318], [-118.64117, 34.13182], [-118.64117, 34.13183], [-118.64117, 34.13185], [-118.64117, 34.13187], [-118.64117, 34.13188], [-118.64117, 34.1319], [-118.64117, 34.13192], [-118.64117, 34.13194], [-118.64117, 34.13195], [-118.64117, 34.13206], [-118.64118, 34.13217], [-118.64118, 34.13217], [-118.64118, 34.13228], [-118.64118, 34.13228], [-118.64118, 34.13234], [-118.64118, 34.13239], [-118.64118, 34.1325], [-118.64118, 34.1325], [-118.64118, 34.13253], [-118.64118, 34.13261], [-118.64118, 34.13261], [-118.64118, 34.13268], [-118.64118, 34.1327], [-118.64118, 34.13272], [-118.6416, 34.13272], [-118.64169, 34.13272], [-118.64198, 34.13272], [-118.64199, 34.13272], [-118.64199, 34.13272], [-118.64216, 34.13272], [-118.64237, 34.13272], [-118.64242, 34.13272], [-118.64248, 34.13272], [-118.64254, 34.13272], [-118.64264, 34.13272], [-118.64264, 34.13272], [-118.64275, 34.13272], [-118.64299, 34.13272], [-118.64304, 34.13272], [-118.64309, 34.13272], [-118.64325, 34.13272], [-118.64326, 34.13272], [-118.64343, 34.13272], [-118.64361, 34.13272], [-118.6438, 34.13272], [-118.64391, 34.13272], [-118.64391, 34.13272], [-118.64391, 34.13274], [-118.64396, 34.13464], [-118.64396, 34.13473], [-118.64398, 34.13477], [-118.64407, 34.1348], [-118.6446, 34.13488], [-118.64467, 34.13491], [-118.64475, 34.13494], [-118.64484, 34.135], [-118.64491, 34.13506], [-118.64463, 34.13526], [-118.64406, 34.13568], [-118.64343, 34.1361], [-118.64318, 34.13627], [-118.64183, 34.13726], [-118.64177, 34.13731], [-118.64114, 34.13774], [-118.64107, 34.13779], [-118.64088, 34.13791], [-118.64066, 34.13803], [-118.64046, 34.13812], [-118.64024, 34.1382], [-118.64004, 34.13827], [-118.63999, 34.13828], [-118.63986, 34.13831], [-118.63983, 34.13831], [-118.63964, 34.13835], [-118.63945, 34.13837], [-118.63918, 34.13839], [-118.63892, 34.1384], [-118.63866, 34.13838], [-118.63839, 34.13835], [-118.63833, 34.13834], [-118.63812, 34.1383], [-118.63788, 34.13823], [-118.63764, 34.13815], [-118.63742, 34.13806], [-118.63731, 34.13801], [-118.63722, 34.13797], [-118.63708, 34.13789], [-118.63704, 34.13787], [-118.63687, 34.13776], [-118.63678, 34.13769], [-118.63672, 34.13764], [-118.63657, 34.13752], [-118.63644, 34.13739], [-118.63602, 34.13698], [-118.63564, 34.13662], [-118.63533, 34.13632], [-118.63525, 34.13625], [-118.63498, 34.13598], [-118.63477, 34.13577], [-118.63472, 34.13572], [-118.63431, 34.13533], [-118.63423, 34.13526], [-118.63417, 34.1352], [-118.63406, 34.13511], [-118.63402, 34.13507], [-118.634, 34.13505], [-118.63385, 34.13495], [-118.63374, 34.13488], [-118.63366, 34.13484], [-118.63356, 34.13479], [-118.63346, 34.13475], [-118.63339, 34.13473], [-118.63333, 34.13471], [-118.63327, 34.13469], [-118.6332, 34.13468], [-118.63309, 34.13466], [-118.63299, 34.13465], [-118.63281, 34.13464], [-118.63277, 34.13463], [-118.6326, 34.13463], [-118.63246, 34.13464], [-118.63243, 34.13465], [-118.63224, 34.13468], [-118.63205, 34.13473], [-118.63197, 34.13477], [-118.63189, 34.1348], [-118.63176, 34.13487], [-118.63166, 34.13493], [-118.6316, 34.13497], [-118.63147, 34.13507], [-118.63131, 34.13521], [-118.63119, 34.13535], [-118.63115, 34.13541], [-118.63105, 34.13555], [-118.63092, 34.13578], [-118.63079, 34.13598], [-118.63068, 34.13617], [-118.63065, 34.1362], [-118.63047, 34.13645], [-118.63033, 34.13667], [-118.63029, 34.13673], [-118.63021, 34.13686], [-118.6301, 34.13699], [-118.62999, 34.13708], [-118.62983, 34.13721], [-118.62971, 34.13727], [-118.62968, 34.13729], [-118.62951, 34.13737], [-118.62938, 34.13742], [-118.62934, 34.13744], [-118.62904, 34.13752], [-118.62879, 34.13757], [-118.62873, 34.13757], [-118.62868, 34.13757], [-118.62845, 34.13757], [-118.62832, 34.13757], [-118.62748, 34.13757], [-118.62697, 34.13757], [-118.62634, 34.13759], [-118.62596, 34.13761], [-118.62571, 34.13763], [-118.62552, 34.13765], [-118.62535, 34.13768], [-118.62523, 34.1377], [-118.62519, 34.1377], [-118.62471, 34.13778], [-118.62451, 34.13783], [-118.62425, 34.13788], [-118.62405, 34.13794], [-118.62385, 34.13799], [-118.62379, 34.138], [-118.62376, 34.13801], [-118.62358, 34.13807], [-118.62314, 34.1382], [-118.62276, 34.1383], [-118.62276, 34.1383], [-118.62269, 34.13815], [-118.62269, 34.13814], [-118.62268, 34.13814], [-118.62268, 34.13813], [-118.62267, 34.13812], [-118.62267, 34.13811], [-118.62267, 34.13811], [-118.62266, 34.1381], [-118.62265, 34.13808], [-118.62264, 34.13806], [-118.62263, 34.13804], [-118.62262, 34.13801], [-118.62261, 34.13799], [-118.6226, 34.13797], [-118.62258, 34.13795], [-118.62193, 34.13802], [-118.62193, 34.13801], [-118.62193, 34.13801], [-118.62192, 34.138], [-118.62192, 34.13799], [-118.62191, 34.13798], [-118.62191, 34.13798], [-118.6219, 34.13797], [-118.6219, 34.13796], [-118.62189, 34.13796], [-118.62188, 34.13795], [-118.62187, 34.13795], [-118.62187, 34.13794], [-118.62186, 34.13794], [-118.62185, 34.13794], [-118.62184, 34.13793], [-118.62183, 34.13793], [-118.62182, 34.13793], [-118.62181, 34.13793], [-118.6218, 34.13793], [-118.62179, 34.13792], [-118.62178, 34.13792], [-118.62177, 34.13793], [-118.62176, 34.13793], [-118.62175, 34.13793], [-118.62174, 34.13793], [-118.62174, 34.13793], [-118.62173, 34.13794], [-118.62172, 34.13794], [-118.62151, 34.13803], [-118.62145, 34.13806], [-118.62124, 34.13774], [-118.62118, 34.13766], [-118.62094, 34.13755], [-118.62063, 34.13742], [-118.62051, 34.1373], [-118.6203, 34.13705], [-118.62012, 34.13686], [-118.61993, 34.13664], [-118.61976, 34.13645], [-118.61967, 34.13635], [-118.61966, 34.13635], [-118.61946, 34.13635], [-118.61944, 34.13635], [-118.61944, 34.13597], [-118.61939, 34.13597], [-118.61939, 34.13596], [-118.61939, 34.13596], [-118.61939, 34.13555], [-118.61939, 34.13536], [-118.6194, 34.13484], [-118.6194, 34.13467], [-118.6194, 34.1342], [-118.6194, 34.1341], [-118.6194, 34.13387], [-118.6194, 34.13364], [-118.6194, 34.13332], [-118.61941, 34.13307], [-118.61941, 34.13281], [-118.61941, 34.1327], [-118.61941, 34.1323], [-118.61941, 34.1322], [-118.61941, 34.13215], [-118.61942, 34.13049], [-118.61942, 34.12904], [-118.61942, 34.12538], [-118.62383, 34.12541], [-118.62598, 34.1254], [-118.62873, 34.12538], [-118.63028, 34.12537], [-118.63096, 34.12537], [-118.63244, 34.12536], [-118.63245, 34.12536], [-118.63309, 34.12536], [-118.63452, 34.12535], [-118.63469, 34.12535], [-118.63487, 34.12535], [-118.63541, 34.12534], [-118.63675, 34.12533], [-118.63679, 34.12533], [-118.63691, 34.12533], [-118.63773, 34.12533], [-118.63785, 34.12532], [-118.6389, 34.12532], [-118.63957, 34.12532], [-118.63964, 34.12532], [-118.63973, 34.12532], [-118.64021, 34.12532], [-118.64066, 34.12532], [-118.64111, 34.12531], [-118.64112, 34.12531]]]}}, {"type": "Feature", "properties": {"zone_id": "CAL-C414", "zone_status": "Evacuation Warning", "zone_status_reason": "This is an emergency message from the Los Angeles County Fire Department. An EVACUATION WARNING has been issued in your area.  Remain vigilant of any threats and be ready to evacuate. Gather loved ones, pets, and supplies. Continue to monitor local weather, news, and the webpage alertla.org for more", "county_abbr": "XLA", "north_of": "Mulholland Highway", "east_of": "Old Topanga Canyon Rd", "south_of": null, "west_of": "Mulholland Highway", "acreage": 348, "est_population": 2800, "city_abbr": "CAL", "zone_sequence": "C414", "zone_approval_status": "Published", "last_updated": 1736272094000, "url": "https://protect.genasys.com/zones/US-CA-XLA-CAL-C414", "County_Name": "Los Angeles", "Data_Source_Name": "Zonehaven", "Original_Source_URL": "https://protect.genasys.com/zones/US-CA-XLA-CAL-C414"}, "geometry": {"type": "Polygon", "coordinates": [[[-118.629, 34.14728], [-118.62862, 34.14728], [-118.62853, 34.14728], [-118.6282, 34.14728], [-118.62794, 34.14728], [-118.6279, 34.14728], [-118.62763, 34.14728], [-118.6275, 34.14728], [-118.62744, 34.14728], [-118.6271, 34.14728], [-118.6269, 34.14728], [-118.62678, 34.14728], [-118.62647, 34.14728], [-118.62626, 34.14728], [-118.62617, 34.14728], [-118.62603, 34.14728], [-118.62591, 34.14728], [-118.6258, 34.14728], [-118.62548, 34.14728], [-118.62537, 34.14728], [-118.62514, 34.14728], [-118.62463, 34.14728], [-118.62443, 34.14728], [-118.62378, 34.14728], [-118.62352, 34.14728], [-118.62335, 34.14728], [-118.62331, 34.14728], [-118.62299, 34.14728], [-118.62264, 34.14728], [-118.62252, 34.14728], [-118.62242, 34.14727], [-118.6223, 34.14728], [-118.62217, 34.14727], [-118.62206, 34.14728], [-118.62181, 34.14728], [-118.62166, 34.14728], [-118.62156, 34.14728], [-118.62153, 34.14728], [-118.6213, 34.14727], [-118.62116, 34.14728], [-118.62107, 34.14728], [-118.62082, 34.14728], [-118.62057, 34.14728], [-118.62052, 34.14728], [-118.62046, 34.14728], [-118.62032, 34.14728], [-118.62017, 34.14728], [-118.62006, 34.14728], [-118.62, 34.14728], [-118.61977, 34.14728], [-118.61936, 34.14728], [-118.61927, 34.14728], [-118.61903, 34.14728], [-118.61879, 34.14727], [-118.61874, 34.14727], [-118.61866, 34.14727], [-118.61841, 34.14728], [-118.61833, 34.14728], [-118.61817, 34.14727], [-118.61814, 34.14727], [-118.61785, 34.14727], [-118.61776, 34.14727], [-118.61762, 34.14728], [-118.61757, 34.14728], [-118.61745, 34.14727], [-118.61706, 34.14728], [-118.61699, 34.14728], [-118.61673, 34.14728], [-118.61664, 34.14728], [-118.6166, 34.14728], [-118.61644, 34.14728], [-118.61624, 34.14728], [-118.61614, 34.14728], [-118.61608, 34.14728], [-118.61602, 34.14728], [-118.61596, 34.14728], [-118.61586, 34.14728], [-118.61556, 34.14728], [-118.61539, 34.14728], [-118.61497, 34.14728], [-118.61498, 34.14927], [-118.61368, 34.14878], [-118.61248, 34.14832], [-118.61241, 34.14829], [-118.61234, 34.14827], [-118.61231, 34.14826], [-118.61224, 34.14823], [-118.61227, 34.14813], [-118.6123, 34.14799], [-118.61232, 34.14788], [-118.61235, 34.14768], [-118.61235, 34.14761], [-118.61236, 34.1475], [-118.61236, 34.14738], [-118.61237, 34.1472], [-118.61236, 34.14694], [-118.61236, 34.14671], [-118.61237, 34.14657], [-118.61238, 34.14652], [-118.61239, 34.14646], [-118.61242, 34.14627], [-118.61244, 34.14619], [-118.61249, 34.14604], [-118.61252, 34.14596], [-118.61254, 34.14592], [-118.61255, 34.1459], [-118.61264, 34.14573], [-118.61268, 34.14566], [-118.61276, 34.14552], [-118.61319, 34.14498], [-118.6133, 34.14484], [-118.61339, 34.14472], [-118.6135, 34.14459], [-118.61368, 34.14436], [-118.61381, 34.1442], [-118.61386, 34.14414], [-118.61389, 34.14409], [-118.61401, 34.14395], [-118.61418, 34.14377], [-118.61423, 34.14366], [-118.61447, 34.14345], [-118.61479, 34.14318], [-118.61497, 34.14303], [-118.61538, 34.14274], [-118.61557, 34.14264], [-118.61587, 34.14244], [-118.61656, 34.14198], [-118.61675, 34.14186], [-118.61706, 34.14166], [-118.61719, 34.14156], [-118.61736, 34.14144], [-118.61752, 34.14132], [-118.61857, 34.14064], [-118.61917, 34.14025], [-118.62104, 34.13905], [-118.62129, 34.13891], [-118.62158, 34.13876], [-118.62167, 34.13873], [-118.62219, 34.1385], [-118.62276, 34.1383], [-118.62276, 34.1383], [-118.62314, 34.1382], [-118.62358, 34.13807], [-118.62376, 34.13801], [-118.62379, 34.138], [-118.62385, 34.13799], [-118.62405, 34.13794], [-118.62425, 34.13788], [-118.62451, 34.13783], [-118.62471, 34.13778], [-118.62519, 34.1377], [-118.62523, 34.1377], [-118.62535, 34.13768], [-118.62552, 34.13765], [-118.62571, 34.13763], [-118.62596, 34.13761], [-118.62634, 34.13759], [-118.62697, 34.13757], [-118.62748, 34.13757], [-118.62832, 34.13757], [-118.62845, 34.13757], [-118.62868, 34.13757], [-118.62873, 34.13757], [-118.62879, 34.13757], [-118.62904, 34.13752], [-118.62934, 34.13744], [-118.62938, 34.13742], [-118.62951, 34.13737], [-118.62968, 34.13729], [-118.62971, 34.13727], [-118.62983, 34.13721], [-118.62999, 34.13708], [-118.6301, 34.13699], [-118.63021, 34.13686], [-118.63029, 34.13673], [-118.63033, 34.13667], [-118.63047, 34.13645], [-118.63056, 34.13651], [-118.6306, 34.13658], [-118.63061, 34.13666], [-118.63062, 34.13678], [-118.63064, 34.13717], [-118.63066, 34.13744], [-118.6307, 34.1379], [-118.63071, 34.13834], [-118.63073, 34.13876], [-118.63073, 34.13881], [-118.63073, 34.13887], [-118.63076, 34.13912], [-118.63077, 34.13926], [-118.6308, 34.13941], [-118.63104, 34.14014], [-118.63111, 34.14064], [-118.63112, 34.14102], [-118.63109, 34.14134], [-118.63106, 34.14158], [-118.63105, 34.14166], [-118.63102, 34.14175], [-118.63095, 34.14201], [-118.63087, 34.1423], [-118.63078, 34.14255], [-118.63068, 34.14273], [-118.63016, 34.14359], [-118.63005, 34.14381], [-118.62993, 34.14414], [-118.62986, 34.14443], [-118.62965, 34.14531], [-118.62958, 34.14559], [-118.62956, 34.14567], [-118.62953, 34.1458], [-118.62951, 34.14587], [-118.62934, 34.14653], [-118.62925, 34.14691], [-118.6292, 34.14722], [-118.62919, 34.14727], [-118.62919, 34.14729], [-118.629, 34.14728]]]}}, {"type": "Feature", "properties": {"zone_id": "CAL-C415", "zone_status": "Evacuation Warning", "zone_status_reason": "This is an emergency message from the Los Angeles County Fire Department. An EVACUATION WARNING has been issued in your area.  Remain vigilant of any threats and be ready to evacuate. Gather loved ones, pets, and supplies. Continue to monitor local weather, news, and the webpage alertla.org for more", "county_abbr": "XLA", "north_of": "Summit to Summit Motorway", "east_of": "Eddingham, Dardenne Street, Adamsville", "south_of": "Mulholland Highway", "west_of": "Summit to Summit Motorway", "acreage": 545, "est_population": 1551, "city_abbr": "CAL", "zone_sequence": "C415", "zone_approval_status": "Published", "last_updated": 1736272094000, "url": "https://protect.genasys.com/zones/US-CA-XLA-CAL-C415", "County_Name": "Los Angeles", "Data_Source_Name": "Zonehaven", "Original_Source_URL": "https://protect.genasys.com/zones/US-CA-XLA-CAL-C415"}, "geometry": {"type": "Polygon", "coordinates": [[[-118.62269, 34.13815], [-118.62276, 34.1383], [-118.62219, 34.1385], [-118.62167, 34.13873], [-118.62158, 34.13876], [-118.62129, 34.13891], [-118.62104, 34.13905], [-118.61917, 34.14025], [-118.61857, 34.14064], [-118.61752, 34.14132], [-118.61736, 34.14144], [-118.61719, 34.14156], [-118.61706, 34.14166], [-118.61675, 34.14186], [-118.61656, 34.14198], [-118.61587, 34.14244], [-118.61557, 34.14264], [-118.61538, 34.14274], [-118.61497, 34.14303], [-118.61479, 34.14318], [-118.61447, 34.14345], [-118.61423, 34.14366], [-118.61418, 34.14377], [-118.61401, 34.14395], [-118.61389, 34.14409], [-118.61386, 34.14414], [-118.61381, 34.1442], [-118.61368, 34.14436], [-118.6135, 34.14459], [-118.61339, 34.14472], [-118.6133, 34.14484], [-118.61319, 34.14498], [-118.61276, 34.14552], [-118.61268, 34.14566], [-118.61264, 34.14573], [-118.61255, 34.1459], [-118.61254, 34.14592], [-118.61252, 34.14596], [-118.61249, 34.14604], [-118.61244, 34.14619], [-118.61242, 34.14627], [-118.61239, 34.14646], [-118.61238, 34.14652], [-118.61237, 34.14657], [-118.61236, 34.14671], [-118.61236, 34.14694], [-118.61237, 34.1472], [-118.61236, 34.14738], [-118.61236, 34.1475], [-118.61235, 34.14761], [-118.61235, 34.14768], [-118.61232, 34.14788], [-118.6123, 34.14799], [-118.61227, 34.14813], [-118.61224, 34.14823], [-118.61219, 34.14821], [-118.61207, 34.14816], [-118.61204, 34.14815], [-118.61194, 34.14811], [-118.6117, 34.14802], [-118.61144, 34.14792], [-118.60965, 34.14724], [-118.61057, 34.14725], [-118.61058, 34.14365], [-118.61059, 34.14006], [-118.6062, 34.14009], [-118.60625, 34.129], [-118.61061, 34.12902], [-118.61063, 34.12533], [-118.61502, 34.12536], [-118.61942, 34.12538], [-118.61942, 34.12904], [-118.61942, 34.13049], [-118.61941, 34.13215], [-118.61941, 34.1322], [-118.61941, 34.1323], [-118.61941, 34.1327], [-118.61941, 34.13281], [-118.61941, 34.13307], [-118.6194, 34.13332], [-118.6194, 34.13364], [-118.6194, 34.13387], [-118.6194, 34.1341], [-118.6194, 34.1342], [-118.6194, 34.13467], [-118.6194, 34.13484], [-118.61939, 34.13536], [-118.61939, 34.13555], [-118.61939, 34.13596], [-118.61939, 34.13596], [-118.61939, 34.13597], [-118.61944, 34.13597], [-118.61944, 34.13635], [-118.61946, 34.13635], [-118.61966, 34.13635], [-118.61967, 34.13635], [-118.61976, 34.13645], [-118.61993, 34.13664], [-118.62012, 34.13686], [-118.6203, 34.13705], [-118.62051, 34.1373], [-118.62063, 34.13742], [-118.62094, 34.13755], [-118.62118, 34.13766], [-118.62124, 34.13774], [-118.62145, 34.13806], [-118.62151, 34.13803], [-118.62172, 34.13794], [-118.62173, 34.13794], [-118.62174, 34.13793], [-118.62174, 34.13793], [-118.62175, 34.13793], [-118.62176, 34.13793], [-118.62177, 34.13793], [-118.62178, 34.13792], [-118.62179, 34.13792], [-118.6218, 34.13793], [-118.62181, 34.13793], [-118.62182, 34.13793], [-118.62183, 34.13793], [-118.62184, 34.13793], [-118.62185, 34.13794], [-118.62186, 34.13794], [-118.62187, 34.13794], [-118.62187, 34.13795], [-118.62188, 34.13795], [-118.62189, 34.13796], [-118.6219, 34.13796], [-118.6219, 34.13797], [-118.62191, 34.13798], [-118.62191, 34.13798], [-118.62192, 34.13799], [-118.62192, 34.138], [-118.62193, 34.13801], [-118.62193, 34.13801], [-118.62193, 34.13802], [-118.62258, 34.13795], [-118.6226, 34.13797], [-118.62261, 34.13799], [-118.62262, 34.13801], [-118.62263, 34.13804], [-118.62264, 34.13806], [-118.62265, 34.13808], [-118.62266, 34.1381], [-118.62267, 34.13811], [-118.62267, 34.13811], [-118.62267, 34.13812], [-118.62268, 34.13813], [-118.62268, 34.13814], [-118.62269, 34.13814], [-118.62269, 34.13815]]]}}, {"type": "Feature", "properties": {"zone_id": "DRY-U026-A", "zone_status": "Evacuation Order", "zone_status_reason": "Los Angeles County Fire Dept: Wind-driven fire. An EVACUATION ORDER for  west of Topanga Canyon Rd. LEAVE NOW. Follow instructions from emergency personnel. Dial 9-1-1 for emergency help. Visit alertla.org for more information.", "county_abbr": "XLA", "north_of": "Cold Canyon Rd", "east_of": "Mulholland Hwy, Las Virgenes Rd", "south_of": "Stokes Canyon Rd", "west_of": "Calabasas Peak Mtwy, Cold Canyon Rd", "acreage": 1118, "est_population": 546, "city_abbr": "DRY", "zone_sequence": "U026-A", "zone_approval_status": "Published", "last_updated": 1736295953000, "url": "https://protect.genasys.com/zones/US-CA-XLA-DRY-U026-A", "County_Name": "Los Angeles", "Data_Source_Name": "Zonehaven", "Original_Source_URL": "https://protect.genasys.com/zones/US-CA-XLA-DRY-U026-A"}, "geometry": {"type": "Polygon", "coordinates": [[[-118.71108, 34.10407], [-118.71107, 34.10415], [-118.71108, 34.10719], [-118.71042, 34.10719], [-118.70977, 34.10719], [-118.70809, 34.10719], [-118.70674, 34.10718], [-118.70672, 34.10818], [-118.65456, 34.10758], [-118.65458, 34.1035], [-118.65025, 34.10352], [-118.65024, 34.10257], [-118.65377, 34.10015], [-118.65387, 34.10011], [-118.6539, 34.10017], [-118.65391, 34.10018], [-118.65403, 34.1004], [-118.6541, 34.10056], [-118.65413, 34.1006], [-118.65428, 34.10088], [-118.65436, 34.10103], [-118.65445, 34.10116], [-118.65456, 34.10129], [-118.65471, 34.10139], [-118.65486, 34.10146], [-118.655, 34.1015], [-118.65521, 34.10152], [-118.65545, 34.10153], [-118.65558, 34.10152], [-118.65631, 34.10146], [-118.65635, 34.10145], [-118.65711, 34.1014], [-118.65782, 34.10135], [-118.65817, 34.10132], [-118.65836, 34.10133], [-118.65851, 34.10134], [-118.65865, 34.10137], [-118.65877, 34.10141], [-118.6589, 34.10146], [-118.65904, 34.10152], [-118.6592, 34.10161], [-118.65932, 34.10168], [-118.65944, 34.10174], [-118.65959, 34.10179], [-118.65974, 34.10185], [-118.65989, 34.1019], [-118.65998, 34.10193], [-118.66001, 34.10176], [-118.66003, 34.10161], [-118.66009, 34.10142], [-118.66019, 34.10123], [-118.66032, 34.10103], [-118.66049, 34.10085], [-118.6608, 34.10062], [-118.66087, 34.10057], [-118.66129, 34.10039], [-118.66184, 34.10027], [-118.66235, 34.10018], [-118.66256, 34.10014], [-118.66425, 34.09987], [-118.66487, 34.09976], [-118.66704, 34.09941], [-118.66944, 34.09901], [-118.6733, 34.09838], [-118.67393, 34.09827], [-118.67441, 34.09822], [-118.6747, 34.0982], [-118.67506, 34.0982], [-118.67535, 34.09819], [-118.67575, 34.09822], [-118.67615, 34.09826], [-118.67644, 34.0983], [-118.67657, 34.09832], [-118.67674, 34.09835], [-118.67723, 34.09847], [-118.6773, 34.09849], [-118.67818, 34.09875], [-118.67849, 34.09884], [-118.67866, 34.09888], [-118.67896, 34.09894], [-118.67938, 34.09899], [-118.67986, 34.09896], [-118.68096, 34.09875], [-118.68144, 34.09864], [-118.68184, 34.09855], [-118.68226, 34.09845], [-118.68235, 34.09843], [-118.68313, 34.09826], [-118.68378, 34.09812], [-118.68394, 34.09808], [-118.68425, 34.09801], [-118.68442, 34.09797], [-118.68489, 34.09787], [-118.68489, 34.09788], [-118.68803, 34.09718], [-118.6891, 34.09684], [-118.69542, 34.09468], [-118.69598, 34.09453], [-118.69641, 34.09455], [-118.69693, 34.09474], [-118.69723, 34.09498], [-118.69743, 34.09526], [-118.69753, 34.09577], [-118.69739, 34.09622], [-118.69705, 34.0966], [-118.69462, 34.09846], [-118.69422, 34.09879], [-118.69384, 34.09924], [-118.69357, 34.09977], [-118.69302, 34.10143], [-118.69304, 34.10188], [-118.69355, 34.1025], [-118.69398, 34.10265], [-118.69459, 34.10268], [-118.69614, 34.1025], [-118.69694, 34.10245], [-118.69801, 34.10262], [-118.69999, 34.10301], [-118.70077, 34.10322], [-118.70237, 34.10391], [-118.70306, 34.10424], [-118.704, 34.10458], [-118.70544, 34.10491], [-118.70639, 34.10501], [-118.70737, 34.10502], [-118.70868, 34.10486], [-118.70996, 34.10455], [-118.71108, 34.10407]]]}}, {"type": "Feature", "properties": {"zone_id": "DRY-U026-B", "zone_status": "Evacuation Warning", "zone_status_reason": "This is an emergency message from the Los Angeles County Fire Department. An EVACUATION WARNING has been issued in your area.  Remain vigilant of any threats and be ready to evacuate. Gather loved ones, pets, and supplies. Continue to monitor local weather, news, and the webpage alertla.org for more", "county_abbr": "XLA", "north_of": "Thousand Peaks Rd", "east_of": "Las Virgenes Rd", "south_of": "Stokes Canyon Rd", "west_of": "Calabasas Peak Mtwy", "acreage": 1190, "est_population": 393, "city_abbr": "DRY", "zone_sequence": "U026-B", "zone_approval_status": "Published", "last_updated": 1736294619000, "url": "https://protect.genasys.com/zones/US-CA-XLA-DRY-U026-B", "County_Name": "Los Angeles", "Data_Source_Name": "Zonehaven", "Original_Source_URL": "https://protect.genasys.com/zones/US-CA-XLA-DRY-U026-B"}, "geometry": {"type": "Polygon", "coordinates": [[[-118.70672, 34.10818], [-118.70669, 34.11083], [-118.7067, 34.11264], [-118.70671, 34.1131], [-118.70671, 34.11356], [-118.70672, 34.11448], [-118.70448, 34.11447], [-118.70235, 34.11447], [-118.70015, 34.11446], [-118.69795, 34.11446], [-118.69354, 34.11444], [-118.68983, 34.11444], [-118.68936, 34.11444], [-118.68938, 34.11812], [-118.68938, 34.11813], [-118.68937, 34.11813], [-118.68515, 34.11813], [-118.68286, 34.11812], [-118.68156, 34.11811], [-118.68133, 34.11811], [-118.68061, 34.11811], [-118.67865, 34.11811], [-118.67637, 34.11811], [-118.66762, 34.11813], [-118.65874, 34.11811], [-118.65873, 34.11811], [-118.6545, 34.1181], [-118.65456, 34.10758], [-118.70672, 34.10818]]]}}, {"type": "Feature", "properties": {"zone_id": "LOS-Q0406-A", "zone_status": "Evacuation Warning", "zone_status_reason": "LAFD: Evacuation Warning for Palisades Fire. People on the perimeter of the Palisades Fire should be prepared to evacuate if the Palisades wildfire shifts to that direction. Updates at lafd.org/alerts. ", "county_abbr": "XLA", "north_of": "San Vicente Blvd", "east_of": "Allenford Ave, 26th St", "south_of": "S Canyon View Dr", "west_of": "S Bundy Dr", "acreage": 255, "est_population": 1825, "city_abbr": "LOS", "zone_sequence": "Q0406-A", "zone_approval_status": "Published", "last_updated": 1736524249000, "url": "https://protect.genasys.com/zones/US-CA-XLA-LOS-Q0406-A", "County_Name": "Los Angeles", "Data_Source_Name": "Zonehaven", "Original_Source_URL": "https://protect.genasys.com/zones/US-CA-XLA-LOS-Q0406-A"}, "geometry": {"type": "Polygon", "coordinates": [[[-118.49191, 34.04847], [-118.49191, 34.04847], [-118.49202, 34.04845], [-118.49202, 34.04845], [-118.49267, 34.04899], [-118.49307, 34.04934], [-118.49389, 34.05005], [-118.49448, 34.05055], [-118.49442, 34.05062], [-118.49439, 34.0507], [-118.49433, 34.05088], [-118.49425, 34.05112], [-118.49424, 34.05115], [-118.49418, 34.05133], [-118.49415, 34.05141], [-118.4941, 34.05154], [-118.49406, 34.05168], [-118.49403, 34.05175], [-118.49396, 34.05196], [-118.49389, 34.05217], [-118.49388, 34.0522], [-118.49382, 34.05238], [-118.49379, 34.05247], [-118.49375, 34.05259], [-118.4937, 34.05273], [-118.49367, 34.05281], [-118.49361, 34.053], [-118.49359, 34.05305], [-118.49352, 34.05326], [-118.49345, 34.05347], [-118.49343, 34.05353], [-118.49335, 34.05375], [-118.49333, 34.05381], [-118.49331, 34.05388], [-118.47695, 34.05694], [-118.47638, 34.05625], [-118.47593, 34.05565], [-118.47572, 34.05533], [-118.47537, 34.05434], [-118.47518, 34.05382], [-118.47477, 34.05264], [-118.47472, 34.05248], [-118.47467, 34.05232], [-118.47465, 34.05228], [-118.47454, 34.05194], [-118.47566, 34.05171], [-118.47592, 34.05165], [-118.47598, 34.05164], [-118.47601, 34.05163], [-118.47605, 34.05163], [-118.47609, 34.05162], [-118.47634, 34.05157], [-118.47748, 34.05135], [-118.47751, 34.05134], [-118.47766, 34.05131], [-118.47803, 34.05123], [-118.47932, 34.05097], [-118.48077, 34.05069], [-118.48131, 34.05058], [-118.48195, 34.05045], [-118.48215, 34.05041], [-118.48233, 34.05037], [-118.48239, 34.05036], [-118.48251, 34.05034], [-118.48276, 34.05029], [-118.48316, 34.0502], [-118.48527, 34.04979], [-118.48542, 34.04976], [-118.48548, 34.04975], [-118.48558, 34.04973], [-118.48563, 34.04972], [-118.48663, 34.04952], [-118.48667, 34.04951], [-118.48673, 34.0495], [-118.4872, 34.04941], [-118.48723, 34.0494], [-118.48731, 34.04939], [-118.4874, 34.04937], [-118.48749, 34.04935], [-118.48753, 34.04934], [-118.48813, 34.04922], [-118.48971, 34.04891], [-118.48993, 34.04887], [-118.48998, 34.04886], [-118.49002, 34.04885], [-118.49042, 34.04877], [-118.49049, 34.04876], [-118.49083, 34.04869], [-118.49143, 34.04857], [-118.49191, 34.04847]]]}}, {"type": "Feature", "properties": {"zone_id": "LOS-Q0407", "zone_status": "Evacuation Warning", "zone_status_reason": "LAFD: Evacuation Warning for Palisades Fire. People on the perimeter of the Palisades Fire should be prepared to evacuate if the Palisades wildfire shifts to that direction. Updates at lafd.org/alerts. ", "county_abbr": "XLA", "north_of": "West San Vicente Boulevard", "east_of": "South Bundy Drive", "south_of": "Sunset Boulevard", "west_of": "South Barrington Avenue", "acreage": 222, "est_population": 3515, "city_abbr": "LOS", "zone_sequence": "Q0407", "zone_approval_status": "Published", "last_updated": 1736524249000, "url": "https://protect.genasys.com/zones/US-CA-XLA-LOS-Q0407", "County_Name": "Los Angeles", "Data_Source_Name": "Zonehaven", "Original_Source_URL": "https://protect.genasys.com/zones/US-CA-XLA-LOS-Q0407"}, "geometry": {"type": "Polygon", "coordinates": [[[-118.47379, 34.05191], [-118.47385, 34.05198], [-118.47393, 34.05201], [-118.47403, 34.05203], [-118.4741, 34.05202], [-118.47454, 34.05194], [-118.47465, 34.05228], [-118.47467, 34.05232], [-118.47472, 34.05248], [-118.47477, 34.05264], [-118.47518, 34.05382], [-118.47537, 34.05434], [-118.47572, 34.05533], [-118.47593, 34.05565], [-118.47638, 34.05625], [-118.47825, 34.05851], [-118.47814, 34.05857], [-118.47803, 34.05863], [-118.47793, 34.0587], [-118.47783, 34.05878], [-118.47766, 34.05893], [-118.47711, 34.0594], [-118.47666, 34.05976], [-118.47642, 34.05994], [-118.47606, 34.06023], [-118.47594, 34.06032], [-118.47584, 34.0604], [-118.4754, 34.06074], [-118.47526, 34.06086], [-118.47471, 34.06133], [-118.4746, 34.06141], [-118.4744, 34.06156], [-118.47379, 34.06206], [-118.47346, 34.06234], [-118.47325, 34.06251], [-118.47281, 34.06288], [-118.47231, 34.06329], [-118.47171, 34.06376], [-118.47155, 34.06388], [-118.47153, 34.0639], [-118.47147, 34.06394], [-118.47138, 34.06402], [-118.47121, 34.06416], [-118.47115, 34.06421], [-118.4711, 34.06425], [-118.471, 34.06434], [-118.47094, 34.06439], [-118.47074, 34.06456], [-118.47068, 34.06462], [-118.47064, 34.06464], [-118.47057, 34.06471], [-118.47049, 34.0648], [-118.47046, 34.06482], [-118.47043, 34.06487], [-118.47031, 34.06503], [-118.47025, 34.06515], [-118.4702, 34.06527], [-118.47005, 34.06512], [-118.47001, 34.0651], [-118.46993, 34.06503], [-118.46978, 34.06491], [-118.46958, 34.06478], [-118.46943, 34.06468], [-118.46939, 34.06466], [-118.46915, 34.06451], [-118.46894, 34.06438], [-118.46888, 34.06434], [-118.46879, 34.06425], [-118.46873, 34.06417], [-118.46869, 34.06409], [-118.46865, 34.064], [-118.46862, 34.06378], [-118.46858, 34.06356], [-118.46856, 34.06349], [-118.46854, 34.0634], [-118.46845, 34.06296], [-118.46841, 34.06279], [-118.46841, 34.06269], [-118.46841, 34.0626], [-118.46842, 34.06251], [-118.46847, 34.0624], [-118.46853, 34.0622], [-118.46856, 34.06209], [-118.46858, 34.06198], [-118.46859, 34.06186], [-118.46857, 34.06175], [-118.46853, 34.0615], [-118.46847, 34.06116], [-118.46841, 34.06086], [-118.46841, 34.06083], [-118.46838, 34.06065], [-118.46838, 34.06056], [-118.46839, 34.06051], [-118.4684, 34.06044], [-118.46844, 34.0603], [-118.46848, 34.06019], [-118.46854, 34.06006], [-118.46861, 34.05992], [-118.46865, 34.05979], [-118.46868, 34.05966], [-118.46869, 34.05953], [-118.46866, 34.05937], [-118.46864, 34.05932], [-118.46862, 34.05925], [-118.46856, 34.0591], [-118.46853, 34.059], [-118.46848, 34.05886], [-118.46809, 34.05769], [-118.46798, 34.05735], [-118.46765, 34.05632], [-118.46729, 34.05519], [-118.46727, 34.05514], [-118.46721, 34.05502], [-118.46715, 34.05493], [-118.46707, 34.05487], [-118.4666, 34.05448], [-118.46626, 34.05419], [-118.46607, 34.05403], [-118.46571, 34.05372], [-118.46664, 34.05353], [-118.46668, 34.05352], [-118.4669, 34.05347], [-118.46706, 34.05344], [-118.46765, 34.05332], [-118.4687, 34.0531], [-118.46935, 34.05298], [-118.46966, 34.05289], [-118.46987, 34.05287], [-118.46991, 34.05287], [-118.47021, 34.05281], [-118.47068, 34.05271], [-118.47116, 34.05262], [-118.47121, 34.05261], [-118.47124, 34.0526], [-118.47134, 34.05258], [-118.47146, 34.05256], [-118.47151, 34.05255], [-118.47166, 34.05252], [-118.47238, 34.05238], [-118.47298, 34.05226], [-118.4736, 34.05212], [-118.47371, 34.05205], [-118.47376, 34.052], [-118.47379, 34.05191]]]}}, {"type": "Feature", "properties": {"zone_id": "LOS-Q0751", "zone_status": "Evacuation Warning", "zone_status_reason": "LAFD: Evacuation Warning for Palisades Fire. People on the perimeter of the Palisades Fire should be prepared to evacuate if the Palisades wildfire shifts to that direction. Updates at lafd.org/alerts. ", "county_abbr": "XLA", "north_of": "Ulmus Drive", "east_of": "Mulholland Drive", "south_of": "Mulholland Drive", "west_of": "Mulholland Drive", "acreage": 210, "est_population": 660, "city_abbr": "LOS", "zone_sequence": "Q0751", "zone_approval_status": "Published", "last_updated": 1736524249000, "url": "https://protect.genasys.com/zones/US-CA-XLA-LOS-Q0751", "County_Name": "Los Angeles", "Data_Source_Name": "Zonehaven", "Original_Source_URL": "https://protect.genasys.com/zones/US-CA-XLA-LOS-Q0751"}, "geometry": {"type": "Polygon", "coordinates": [[[-118.5883, 34.13913], [-118.58843, 34.13918], [-118.58843, 34.13918], [-118.58895, 34.13937], [-118.58904, 34.13941], [-118.5892, 34.13947], [-118.58939, 34.13954], [-118.59085, 34.14009], [-118.59087, 34.1401], [-118.591, 34.14015], [-118.59184, 34.14047], [-118.59292, 34.14088], [-118.59325, 34.14101], [-118.59326, 34.14101], [-118.59755, 34.14264], [-118.59756, 34.14265], [-118.59758, 34.14266], [-118.59787, 34.14277], [-118.59788, 34.14277], [-118.59804, 34.14283], [-118.59832, 34.14293], [-118.59835, 34.14295], [-118.5986, 34.14304], [-118.59892, 34.14316], [-118.59927, 34.1433], [-118.5996, 34.14342], [-118.59993, 34.14355], [-118.60024, 34.14366], [-118.60024, 34.14367], [-118.60051, 34.14377], [-118.60051, 34.14377], [-118.60077, 34.14387], [-118.60077, 34.14387], [-118.60097, 34.14394], [-118.60121, 34.14403], [-118.60122, 34.14404], [-118.60156, 34.14417], [-118.60157, 34.14417], [-118.60158, 34.14417], [-118.60175, 34.14424], [-118.60189, 34.14429], [-118.6019, 34.1443], [-118.60218, 34.1444], [-118.60218, 34.1444], [-118.60218, 34.1444], [-118.60244, 34.1445], [-118.60244, 34.1445], [-118.6027, 34.1446], [-118.60295, 34.14469], [-118.60296, 34.1447], [-118.60321, 34.14479], [-118.60322, 34.1448], [-118.60337, 34.14486], [-118.60347, 34.14489], [-118.60347, 34.14489], [-118.6038, 34.14502], [-118.60381, 34.14502], [-118.60382, 34.14503], [-118.60411, 34.14514], [-118.60412, 34.14514], [-118.60423, 34.14518], [-118.60453, 34.1453], [-118.60457, 34.14531], [-118.60512, 34.14552], [-118.60556, 34.14569], [-118.60569, 34.14574], [-118.60569, 34.14574], [-118.60597, 34.14584], [-118.60597, 34.14584], [-118.60617, 34.14592], [-118.60619, 34.14593], [-118.60628, 34.14596], [-118.60674, 34.14613], [-118.60686, 34.14618], [-118.60877, 34.14691], [-118.60965, 34.14724], [-118.61144, 34.14792], [-118.6117, 34.14802], [-118.61194, 34.14811], [-118.61204, 34.14815], [-118.61207, 34.14816], [-118.61219, 34.14821], [-118.61224, 34.14823], [-118.6122, 34.14837], [-118.61217, 34.14849], [-118.61212, 34.14865], [-118.61205, 34.14888], [-118.61204, 34.14896], [-118.61204, 34.14901], [-118.61181, 34.14904], [-118.61162, 34.14909], [-118.61146, 34.14915], [-118.61132, 34.14921], [-118.61118, 34.14928], [-118.61103, 34.14938], [-118.61083, 34.14953], [-118.60951, 34.1505], [-118.60903, 34.15086], [-118.60856, 34.15121], [-118.60843, 34.15129], [-118.6083, 34.15137], [-118.60818, 34.15144], [-118.60805, 34.1515], [-118.60792, 34.15156], [-118.60777, 34.15162], [-118.60764, 34.15166], [-118.60742, 34.15172], [-118.60733, 34.15175], [-118.6072, 34.15177], [-118.60705, 34.15179], [-118.6069, 34.1518], [-118.60674, 34.1518], [-118.6066, 34.15179], [-118.60643, 34.15177], [-118.60606, 34.15169], [-118.6059, 34.15165], [-118.60575, 34.1516], [-118.60557, 34.15154], [-118.60531, 34.1514], [-118.60522, 34.15133], [-118.60512, 34.15126], [-118.60504, 34.15123], [-118.60499, 34.15122], [-118.60491, 34.1512], [-118.60476, 34.15118], [-118.60463, 34.15115], [-118.60459, 34.15114], [-118.60456, 34.15113], [-118.60329, 34.14991], [-118.60119, 34.14789], [-118.60088, 34.14755], [-118.60055, 34.14704], [-118.59979, 34.1459], [-118.59961, 34.14571], [-118.59833, 34.14494], [-118.59822, 34.14487], [-118.59836, 34.14472], [-118.59826, 34.14465], [-118.59692, 34.14376], [-118.5968, 34.1437], [-118.59667, 34.14363], [-118.59654, 34.14357], [-118.5964, 34.14352], [-118.59626, 34.14348], [-118.5961, 34.14344], [-118.59595, 34.14342], [-118.59581, 34.1434], [-118.59564, 34.14338], [-118.59551, 34.14338], [-118.59536, 34.14338], [-118.59521, 34.14338], [-118.59506, 34.14339], [-118.59499, 34.1434], [-118.5949, 34.14341], [-118.59472, 34.14345], [-118.59454, 34.14349], [-118.59436, 34.14356], [-118.59419, 34.14364], [-118.59383, 34.14384], [-118.59351, 34.14404], [-118.59338, 34.14416], [-118.59326, 34.14428], [-118.59285, 34.14494], [-118.59277, 34.14504], [-118.59269, 34.14513], [-118.59263, 34.14518], [-118.59256, 34.14523], [-118.59247, 34.14527], [-118.59237, 34.14529], [-118.5923, 34.14531], [-118.59222, 34.14532], [-118.59211, 34.14531], [-118.592, 34.1453], [-118.59194, 34.14526], [-118.59189, 34.14522], [-118.59182, 34.14515], [-118.59177, 34.14506], [-118.59173, 34.14499], [-118.5917, 34.14491], [-118.59156, 34.14418], [-118.59153, 34.14409], [-118.59148, 34.144], [-118.59143, 34.14395], [-118.59137, 34.1439], [-118.59131, 34.14388], [-118.59124, 34.14385], [-118.59115, 34.14385], [-118.59107, 34.14386], [-118.59069, 34.14399], [-118.59058, 34.14402], [-118.59046, 34.14404], [-118.59038, 34.14403], [-118.58983, 34.14351], [-118.58929, 34.14291], [-118.58917, 34.14281], [-118.58904, 34.14272], [-118.5889, 34.14264], [-118.58876, 34.1426], [-118.58862, 34.14258], [-118.5885, 34.14261], [-118.58831, 34.14267], [-118.58831, 34.14232], [-118.58831, 34.14216], [-118.58831, 34.1421], [-118.58831, 34.14122], [-118.5883, 34.13913], [-118.5883, 34.13913]]]}}, {"type": "Feature", "properties": {"zone_id": "LOS-Q0762-A", "zone_status": "Evacuation Order", "zone_status_reason": "An evacuation ORDER has been issued for these zones. LEAVE NOW. More information: lafd.org/alerts. ", "county_abbr": "XLA", "north_of": "Mulholland Dr", "east_of": "Mulholland Dr", "south_of": "Alonzo Ave", "west_of": "Mulholland Dr, Escalon Dr, Encino Hills Dr", "acreage": 658, "est_population": 0, "city_abbr": "LOS", "zone_sequence": "Q0762-A", "zone_approval_status": "Published", "last_updated": 1736535919000, "url": "https://protect.genasys.com/zones/US-CA-XLA-LOS-Q0762-A", "County_Name": "Los Angeles", "Data_Source_Name": "Zonehaven", "Original_Source_URL": "https://protect.genasys.com/zones/US-CA-XLA-LOS-Q0762-A"}, "geometry": {"type": "Polygon", "coordinates": [[[-118.50534, 34.14093], [-118.50518, 34.14064], [-118.50613, 34.13863], [-118.50663, 34.13797], [-118.50663, 34.13617], [-118.50663, 34.13351], [-118.50663, 34.13327], [-118.50663, 34.13276], [-118.50663, 34.13258], [-118.50663, 34.13146], [-118.50663, 34.1314], [-118.5053, 34.13143], [-118.50569, 34.13068], [-118.50508, 34.13046], [-118.50469, 34.1312], [-118.50414, 34.13113], [-118.50365, 34.13088], [-118.50298, 34.13069], [-118.502, 34.13121], [-118.50211, 34.13134], [-118.5016, 34.13151], [-118.50155, 34.13151], [-118.50153, 34.13133], [-118.50156, 34.13118], [-118.50162, 34.13106], [-118.50197, 34.13069], [-118.50225, 34.13051], [-118.50245, 34.13039], [-118.50261, 34.13026], [-118.50267, 34.13014], [-118.50294, 34.12968], [-118.50303, 34.12949], [-118.50312, 34.12922], [-118.50314, 34.12915], [-118.50312, 34.12905], [-118.50293, 34.12866], [-118.50275, 34.12823], [-118.50289, 34.12804], [-118.50302, 34.12797], [-118.50312, 34.12794], [-118.50339, 34.12785], [-118.50388, 34.1277], [-118.50398, 34.12771], [-118.50407, 34.12774], [-118.50426, 34.12781], [-118.50444, 34.12788], [-118.50458, 34.12799], [-118.50469, 34.12814], [-118.50485, 34.1284], [-118.50503, 34.12859], [-118.50524, 34.12872], [-118.50565, 34.12884], [-118.50596, 34.12874], [-118.50599, 34.12874], [-118.50627, 34.1287], [-118.50639, 34.12873], [-118.50653, 34.12875], [-118.50701, 34.1289], [-118.50722, 34.12899], [-118.50729, 34.12905], [-118.5073, 34.12931], [-118.50733, 34.12941], [-118.50735, 34.12948], [-118.50748, 34.12963], [-118.50758, 34.12989], [-118.50777, 34.1302], [-118.50798, 34.13032], [-118.50842, 34.13064], [-118.5087, 34.13067], [-118.50891, 34.13057], [-118.50916, 34.13038], [-118.50924, 34.13031], [-118.50946, 34.13018], [-118.50956, 34.13017], [-118.50991, 34.13022], [-118.51012, 34.13027], [-118.51026, 34.13024], [-118.51045, 34.13012], [-118.51067, 34.12987], [-118.51072, 34.12982], [-118.51109, 34.12944], [-118.51122, 34.12936], [-118.51151, 34.12926], [-118.51155, 34.12925], [-118.51188, 34.12921], [-118.51237, 34.1291], [-118.51247, 34.12902], [-118.51254, 34.12902], [-118.51256, 34.129], [-118.51282, 34.12875], [-118.51309, 34.12889], [-118.51351, 34.12904], [-118.51366, 34.12906], [-118.51422, 34.12904], [-118.5148, 34.12901], [-118.51542, 34.12892], [-118.51617, 34.12874], [-118.51651, 34.12865], [-118.51666, 34.12859], [-118.51691, 34.12855], [-118.51712, 34.12855], [-118.51731, 34.12868], [-118.51763, 34.12883], [-118.51795, 34.12878], [-118.51846, 34.1288], [-118.51853, 34.1288], [-118.51879, 34.1288], [-118.51896, 34.12871], [-118.51911, 34.12862], [-118.51927, 34.12862], [-118.51951, 34.12867], [-118.51977, 34.12867], [-118.52, 34.12868], [-118.52023, 34.12858], [-118.52048, 34.12854], [-118.52076, 34.12835], [-118.52097, 34.12819], [-118.52113, 34.12813], [-118.5212, 34.12806], [-118.52126, 34.128], [-118.52129, 34.12796], [-118.52132, 34.12794], [-118.52157, 34.12754], [-118.5217, 34.12769], [-118.52202, 34.12779], [-118.52217, 34.12795], [-118.5225, 34.1282], [-118.52305, 34.12846], [-118.52349, 34.12849], [-118.52389, 34.1285], [-118.52414, 34.1285], [-118.5243, 34.12848], [-118.52437, 34.12847], [-118.52448, 34.1284], [-118.52461, 34.12833], [-118.52483, 34.12846], [-118.52493, 34.12853], [-118.52527, 34.12859], [-118.52558, 34.12865], [-118.52562, 34.12866], [-118.52625, 34.1287], [-118.52679, 34.12875], [-118.52709, 34.12868], [-118.52729, 34.1287], [-118.52752, 34.12873], [-118.52775, 34.12875], [-118.52827, 34.1287], [-118.52839, 34.12886], [-118.52886, 34.12915], [-118.52911, 34.12936], [-118.52918, 34.1294], [-118.5293, 34.12949], [-118.52951, 34.12951], [-118.52957, 34.12951], [-118.52969, 34.1295], [-118.53003, 34.12949], [-118.53049, 34.12943], [-118.53091, 34.12937], [-118.53156, 34.12912], [-118.53184, 34.12896], [-118.53199, 34.12889], [-118.53205, 34.12886], [-118.53212, 34.12889], [-118.53226, 34.12894], [-118.53259, 34.12891], [-118.53273, 34.1289], [-118.5336, 34.12885], [-118.53398, 34.12883], [-118.53418, 34.12889], [-118.53426, 34.12892], [-118.53485, 34.12893], [-118.53502, 34.12889], [-118.53522, 34.12884], [-118.53567, 34.12877], [-118.53571, 34.12876], [-118.53621, 34.12874], [-118.53661, 34.1288], [-118.53678, 34.12882], [-118.53717, 34.12874], [-118.5376, 34.12855], [-118.53803, 34.12836], [-118.53827, 34.12825], [-118.53888, 34.12814], [-118.53912, 34.12819], [-118.53942, 34.12841], [-118.53978, 34.12837], [-118.53984, 34.12837], [-118.54009, 34.12834], [-118.54048, 34.1283], [-118.54071, 34.12828], [-118.54097, 34.12814], [-118.54116, 34.12793], [-118.5414, 34.12769], [-118.54176, 34.12751], [-118.54242, 34.12723], [-118.54307, 34.12699], [-118.54387, 34.12677], [-118.54416, 34.12657], [-118.54444, 34.12628], [-118.54498, 34.12628], [-118.54511, 34.12619], [-118.54544, 34.12602], [-118.54566, 34.12597], [-118.54631, 34.12592], [-118.54684, 34.12591], [-118.54709, 34.12591], [-118.5474, 34.12586], [-118.54755, 34.12583], [-118.5479, 34.12572], [-118.54815, 34.12573], [-118.54856, 34.12576], [-118.54885, 34.12581], [-118.54903, 34.12584], [-118.54946, 34.12577], [-118.55001, 34.1256], [-118.5503, 34.1255], [-118.55078, 34.12532], [-118.55131, 34.12514], [-118.55207, 34.12483], [-118.55212, 34.12481], [-118.55261, 34.12486], [-118.5533, 34.12486], [-118.55359, 34.12487], [-118.55377, 34.12488], [-118.55396, 34.12503], [-118.55406, 34.12523], [-118.55418, 34.12542], [-118.55426, 34.12554], [-118.55467, 34.12572], [-118.55494, 34.12576], [-118.55499, 34.12577], [-118.55501, 34.12577], [-118.50534, 34.14093]]]}}, {"type": "Feature", "properties": {"zone_id": "LOS-Q0762-B", "zone_status": "Evacuation Warning", "zone_status_reason": "LAFD: Evacuation Warning for Palisades Fire. People on the perimeter of the Palisades Fire should be prepared to evacuate if the Palisades wildfire shifts to that direction. Updates at lafd.org/alerts. ", "county_abbr": "XLA", "north_of": "Alonzo Ave", "east_of": "Mulholland Dr, Reseda Blvd, Vanalden Ave", "south_of": "Hilton Head Way", "west_of": "Charmion Ln, Encino Ave, Quesan Pl", "acreage": 1372, "est_population": 27, "city_abbr": "LOS", "zone_sequence": "Q0762-B", "zone_approval_status": "Published", "last_updated": 1736535403000, "url": "https://protect.genasys.com/zones/US-CA-XLA-LOS-Q0762-B", "County_Name": "Los Angeles", "Data_Source_Name": "Zonehaven", "Original_Source_URL": "https://protect.genasys.com/zones/US-CA-XLA-LOS-Q0762-B"}, "geometry": {"type": "Polygon", "coordinates": [[[-118.54255, 34.14092], [-118.54251, 34.14091], [-118.54228, 34.14084], [-118.54199, 34.1408], [-118.54183, 34.14078], [-118.54139, 34.14102], [-118.54101, 34.14179], [-118.54051, 34.14228], [-118.54038, 34.14241], [-118.54016, 34.14262], [-118.5395, 34.14289], [-118.53878, 34.14312], [-118.53833, 34.14302], [-118.53813, 34.14298], [-118.53741, 34.14281], [-118.5374, 34.14194], [-118.53691, 34.14196], [-118.53666, 34.14178], [-118.53619, 34.14153], [-118.53622, 34.14148], [-118.53641, 34.14111], [-118.53645, 34.14103], [-118.53603, 34.1408], [-118.53577, 34.14053], [-118.53554, 34.14029], [-118.5353, 34.14005], [-118.53475, 34.13978], [-118.53417, 34.13949], [-118.53399, 34.13947], [-118.53363, 34.13943], [-118.53339, 34.13947], [-118.53311, 34.13954], [-118.53277, 34.13963], [-118.53245, 34.1398], [-118.53207, 34.14001], [-118.53202, 34.14015], [-118.53195, 34.14037], [-118.53184, 34.14071], [-118.53188, 34.14103], [-118.53193, 34.1414], [-118.53246, 34.14137], [-118.53247, 34.14143], [-118.53249, 34.14148], [-118.5325, 34.14153], [-118.53216, 34.14161], [-118.53235, 34.14213], [-118.53159, 34.14215], [-118.53023, 34.14221], [-118.52987, 34.14223], [-118.5293, 34.14138], [-118.52914, 34.14114], [-118.52894, 34.14084], [-118.52892, 34.1408], [-118.52846, 34.14013], [-118.52841, 34.14006], [-118.5282, 34.13974], [-118.52802, 34.13946], [-118.52763, 34.13889], [-118.52727, 34.13835], [-118.52693, 34.13785], [-118.52667, 34.13804], [-118.52659, 34.1381], [-118.52623, 34.13835], [-118.52626, 34.13839], [-118.52642, 34.13864], [-118.52655, 34.13884], [-118.52661, 34.13906], [-118.52671, 34.13941], [-118.52619, 34.13982], [-118.52636, 34.14002], [-118.52654, 34.14024], [-118.52653, 34.14036], [-118.5265, 34.14087], [-118.5259, 34.14104], [-118.52555, 34.14114], [-118.52518, 34.14126], [-118.52508, 34.14129], [-118.52495, 34.1414], [-118.52491, 34.14143], [-118.52487, 34.14146], [-118.52485, 34.14148], [-118.52458, 34.14171], [-118.52428, 34.14153], [-118.52415, 34.1416], [-118.52406, 34.14166], [-118.52372, 34.14185], [-118.52359, 34.14193], [-118.52349, 34.14199], [-118.52344, 34.14202], [-118.52348, 34.14205], [-118.52388, 34.14234], [-118.52433, 34.14267], [-118.52403, 34.14305], [-118.524, 34.14306], [-118.52338, 34.14347], [-118.52334, 34.1435], [-118.52284, 34.14367], [-118.52256, 34.14376], [-118.52179, 34.14386], [-118.52154, 34.14426], [-118.52167, 34.14439], [-118.52253, 34.14524], [-118.52255, 34.14572], [-118.52281, 34.14589], [-118.5228, 34.14591], [-118.52257, 34.14623], [-118.52221, 34.1463], [-118.52179, 34.14638], [-118.52171, 34.14642], [-118.52138, 34.14658], [-118.52113, 34.14669], [-118.52071, 34.14689], [-118.52054, 34.14697], [-118.52043, 34.14698], [-118.52024, 34.14698], [-118.52015, 34.14699], [-118.52002, 34.14722], [-118.51992, 34.1474], [-118.51985, 34.14751], [-118.52001, 34.14762], [-118.51992, 34.14767], [-118.51975, 34.14776], [-118.51946, 34.14793], [-118.51942, 34.14802], [-118.51938, 34.14812], [-118.51933, 34.14824], [-118.51925, 34.14844], [-118.51921, 34.14846], [-118.51899, 34.1486], [-118.51871, 34.14877], [-118.51851, 34.14889], [-118.51851, 34.14899], [-118.51851, 34.14934], [-118.51851, 34.14974], [-118.51851, 34.1502], [-118.51851, 34.15062], [-118.51852, 34.15098], [-118.51754, 34.15098], [-118.51666, 34.15098], [-118.51607, 34.15098], [-118.5155, 34.15097], [-118.51472, 34.15097], [-118.51405, 34.15097], [-118.51399, 34.15097], [-118.51387, 34.15097], [-118.51362, 34.15097], [-118.51326, 34.15097], [-118.51311, 34.15097], [-118.51276, 34.15097], [-118.51235, 34.15097], [-118.51197, 34.15097], [-118.51171, 34.15097], [-118.51138, 34.15097], [-118.51066, 34.15096], [-118.51052, 34.15096], [-118.51032, 34.15096], [-118.51029, 34.15083], [-118.51024, 34.15057], [-118.51025, 34.15054], [-118.51032, 34.15027], [-118.51042, 34.1499], [-118.51042, 34.14967], [-118.50964, 34.14967], [-118.50959, 34.14967], [-118.50959, 34.14914], [-118.50959, 34.14869], [-118.50959, 34.14803], [-118.50949, 34.14804], [-118.50892, 34.14808], [-118.50865, 34.14809], [-118.50841, 34.14803], [-118.50811, 34.14795], [-118.5078, 34.14787], [-118.50754, 34.1478], [-118.50751, 34.14776], [-118.50749, 34.14772], [-118.50733, 34.14748], [-118.50723, 34.14734], [-118.50746, 34.14668], [-118.50729, 34.14617], [-118.50731, 34.14565], [-118.50719, 34.14545], [-118.50723, 34.14542], [-118.50723, 34.14529], [-118.50723, 34.14497], [-118.50723, 34.14474], [-118.50723, 34.14441], [-118.50723, 34.144], [-118.50723, 34.14394], [-118.50712, 34.14375], [-118.50697, 34.14347], [-118.50676, 34.1431], [-118.5065, 34.14294], [-118.50643, 34.1429], [-118.506, 34.14213], [-118.50566, 34.14151], [-118.50548, 34.1412], [-118.50534, 34.14093], [-118.55501, 34.12577], [-118.55527, 34.12578], [-118.55533, 34.12584], [-118.5555, 34.12605], [-118.55559, 34.12625], [-118.55566, 34.12644], [-118.55567, 34.12647], [-118.55571, 34.12649], [-118.55576, 34.12651], [-118.55604, 34.12654], [-118.55609, 34.12654], [-118.55618, 34.12654], [-118.55706, 34.1266], [-118.55749, 34.12671], [-118.55776, 34.12697], [-118.55782, 34.12702], [-118.55792, 34.12704], [-118.55803, 34.12706], [-118.55818, 34.12726], [-118.55837, 34.12737], [-118.55856, 34.12741], [-118.55872, 34.12766], [-118.55877, 34.12774], [-118.5588, 34.12775], [-118.55985, 34.12852], [-118.56, 34.12868], [-118.56025, 34.12909], [-118.56054, 34.1295], [-118.5608, 34.12979], [-118.56099, 34.12994], [-118.56128, 34.13001], [-118.56132, 34.13002], [-118.56153, 34.13007], [-118.5621, 34.13016], [-118.56256, 34.13036], [-118.56291, 34.13046], [-118.56345, 34.13048], [-118.56397, 34.13041], [-118.56418, 34.13041], [-118.56431, 34.13038], [-118.56441, 34.13035], [-118.56467, 34.13025], [-118.56482, 34.13019], [-118.56492, 34.13023], [-118.56338, 34.13366], [-118.56335, 34.1337], [-118.56331, 34.13375], [-118.56328, 34.13379], [-118.56326, 34.13382], [-118.56323, 34.13387], [-118.5632, 34.13392], [-118.56318, 34.13395], [-118.56316, 34.13398], [-118.56315, 34.13402], [-118.56313, 34.13405], [-118.56311, 34.13411], [-118.56309, 34.13415], [-118.56307, 34.13419], [-118.56305, 34.13424], [-118.56304, 34.13429], [-118.56303, 34.13432], [-118.56301, 34.13438], [-118.563, 34.13441], [-118.56299, 34.13447], [-118.56299, 34.1345], [-118.56298, 34.13453], [-118.56298, 34.13457], [-118.56295, 34.13456], [-118.56144, 34.13608], [-118.5614, 34.13612], [-118.56093, 34.13659], [-118.56084, 34.13667], [-118.56075, 34.13675], [-118.56065, 34.13682], [-118.56055, 34.13688], [-118.56044, 34.13694], [-118.56033, 34.13698], [-118.56022, 34.13703], [-118.56011, 34.13706], [-118.55999, 34.13709], [-118.55987, 34.13711], [-118.55976, 34.13712], [-118.55862, 34.13722], [-118.55856, 34.13723], [-118.55849, 34.13724], [-118.55843, 34.13725], [-118.55836, 34.13726], [-118.5583, 34.13728], [-118.55824, 34.13729], [-118.55818, 34.13731], [-118.55807, 34.13735], [-118.55797, 34.13739], [-118.55786, 34.13744], [-118.55776, 34.1375], [-118.55767, 34.13756], [-118.55758, 34.13763], [-118.55747, 34.13771], [-118.55744, 34.13772], [-118.55741, 34.13771], [-118.55734, 34.13768], [-118.55728, 34.13765], [-118.55721, 34.13763], [-118.55715, 34.1376], [-118.55708, 34.13759], [-118.55701, 34.13757], [-118.55694, 34.13757], [-118.5569, 34.13756], [-118.55686, 34.13756], [-118.55682, 34.13756], [-118.55678, 34.13756], [-118.55674, 34.13756], [-118.5567, 34.13756], [-118.55665, 34.13757], [-118.55667, 34.13751], [-118.5561, 34.13735], [-118.55556, 34.13662], [-118.55572, 34.13609], [-118.55589, 34.13551], [-118.55574, 34.13537], [-118.55552, 34.13517], [-118.55501, 34.13472], [-118.55457, 34.13475], [-118.55347, 34.13449], [-118.5534, 34.13448], [-118.55319, 34.13443], [-118.5529, 34.13436], [-118.55259, 34.13408], [-118.5525, 34.134], [-118.55237, 34.13383], [-118.55212, 34.13397], [-118.55207, 34.134], [-118.55133, 34.1344], [-118.55045, 34.13488], [-118.55034, 34.13494], [-118.55024, 34.13501], [-118.55014, 34.13508], [-118.55005, 34.13516], [-118.54996, 34.13525], [-118.54988, 34.13534], [-118.54981, 34.13543], [-118.54974, 34.13554], [-118.54968, 34.13564], [-118.54963, 34.13575], [-118.54959, 34.13587], [-118.54955, 34.13598], [-118.54952, 34.13612], [-118.54951, 34.13615], [-118.54951, 34.13619], [-118.54951, 34.13623], [-118.54945, 34.13683], [-118.54944, 34.13699], [-118.54941, 34.13716], [-118.54937, 34.13732], [-118.54933, 34.13748], [-118.54928, 34.13763], [-118.54922, 34.13779], [-118.54915, 34.13794], [-118.54858, 34.13917], [-118.54818, 34.13899], [-118.54765, 34.13876], [-118.54743, 34.13878], [-118.54683, 34.13882], [-118.54632, 34.13886], [-118.54595, 34.13934], [-118.54548, 34.13993], [-118.54534, 34.14021], [-118.54521, 34.14054], [-118.54447, 34.14042], [-118.54422, 34.1404], [-118.54396, 34.14041], [-118.54367, 34.14044], [-118.54334, 34.14052], [-118.54304, 34.14063], [-118.54279, 34.14075], [-118.54257, 34.1409], [-118.54255, 34.14092]]]}}, {"type": "Feature", "properties": {"zone_id": "LOS-Q0764", "zone_status": "Evacuation Warning", "zone_status_reason": "An evacuation WARNING has been issued for these zones. GET READY for potential evacuation. More information at lafd.org/alerts. ", "county_abbr": "XLA", "north_of": "Louise Avenue, Adlon Road", "east_of": "Louise Avenue", "south_of": "Balboa Boulevard", "west_of": "Hayvenhurst Avenue", "acreage": 477, "est_population": 3296, "city_abbr": "LOS", "zone_sequence": "Q0764", "zone_approval_status": "Published", "last_updated": 1736536424000, "url": "https://protect.genasys.com/zones/US-CA-XLA-LOS-Q0764", "County_Name": "Los Angeles", "Data_Source_Name": "Zonehaven", "Original_Source_URL": "https://protect.genasys.com/zones/US-CA-XLA-LOS-Q0764"}, "geometry": {"type": "Polygon", "coordinates": [[[-118.50983, 34.16088], [-118.5097, 34.16086], [-118.50932, 34.1608], [-118.50916, 34.16078], [-118.50887, 34.16073], [-118.50878, 34.16072], [-118.50871, 34.16071], [-118.50868, 34.1607], [-118.50861, 34.1607], [-118.50857, 34.16069], [-118.50835, 34.16066], [-118.50828, 34.16065], [-118.50819, 34.16063], [-118.50812, 34.16062], [-118.508, 34.1606], [-118.50785, 34.16058], [-118.50771, 34.16056], [-118.50768, 34.16056], [-118.50762, 34.16055], [-118.50759, 34.16054], [-118.50748, 34.16053], [-118.50744, 34.16052], [-118.50733, 34.16051], [-118.50712, 34.16048], [-118.50702, 34.16046], [-118.50676, 34.16042], [-118.50649, 34.16039], [-118.50642, 34.16038], [-118.50618, 34.16034], [-118.50609, 34.16033], [-118.50603, 34.16032], [-118.50593, 34.16031], [-118.50586, 34.1603], [-118.50582, 34.16029], [-118.50575, 34.16028], [-118.50555, 34.16026], [-118.50551, 34.16025], [-118.50547, 34.16025], [-118.50543, 34.16024], [-118.5054, 34.16023], [-118.50532, 34.16022], [-118.50522, 34.1602], [-118.50462, 34.16008], [-118.50444, 34.16004], [-118.5038, 34.1599], [-118.50338, 34.1598], [-118.50328, 34.15978], [-118.5032, 34.15976], [-118.50289, 34.15968], [-118.50271, 34.15964], [-118.50262, 34.15962], [-118.50254, 34.1596], [-118.5022, 34.15952], [-118.50211, 34.1595], [-118.50205, 34.15949], [-118.50193, 34.15946], [-118.50188, 34.15945], [-118.50172, 34.15942], [-118.50166, 34.1594], [-118.50153, 34.15937], [-118.50133, 34.15932], [-118.50124, 34.1593], [-118.50115, 34.15928], [-118.50108, 34.15927], [-118.50101, 34.15925], [-118.5009, 34.15922], [-118.50047, 34.15911], [-118.50042, 34.1591], [-118.50012, 34.15903], [-118.50009, 34.15902], [-118.50002, 34.15901], [-118.49993, 34.15898], [-118.49965, 34.15892], [-118.49951, 34.15889], [-118.49946, 34.15888], [-118.49941, 34.15886], [-118.49935, 34.15885], [-118.4993, 34.15884], [-118.49893, 34.15875], [-118.49885, 34.15873], [-118.4988, 34.15872], [-118.49872, 34.1587], [-118.49814, 34.15857], [-118.49801, 34.15854], [-118.49796, 34.15853], [-118.49787, 34.15851], [-118.49784, 34.1585], [-118.49765, 34.15846], [-118.49758, 34.15844], [-118.49748, 34.15842], [-118.49732, 34.15838], [-118.49663, 34.15822], [-118.49636, 34.15816], [-118.49615, 34.15812], [-118.49606, 34.1581], [-118.49598, 34.15809], [-118.49564, 34.15802], [-118.49559, 34.15802], [-118.49547, 34.158], [-118.49541, 34.15799], [-118.49532, 34.15797], [-118.49516, 34.15795], [-118.49491, 34.15791], [-118.4948, 34.1579], [-118.49464, 34.15788], [-118.49454, 34.15787], [-118.49445, 34.15785], [-118.49423, 34.15782], [-118.49409, 34.1578], [-118.49395, 34.15778], [-118.49388, 34.15777], [-118.4938, 34.15776], [-118.49371, 34.15775], [-118.49337, 34.1577], [-118.49323, 34.15768], [-118.49314, 34.15767], [-118.49289, 34.15764], [-118.49252, 34.15759], [-118.49236, 34.15757], [-118.49236, 34.15743], [-118.49233, 34.15696], [-118.49233, 34.15671], [-118.49234, 34.15663], [-118.49234, 34.15655], [-118.49236, 34.15647], [-118.49236, 34.15603], [-118.49236, 34.15499], [-118.49236, 34.15409], [-118.49236, 34.15372], [-118.49237, 34.15364], [-118.49266, 34.15225], [-118.49273, 34.15195], [-118.493, 34.15096], [-118.4941, 34.1509], [-118.49418, 34.15088], [-118.49423, 34.15085], [-118.49427, 34.1508], [-118.49447, 34.15028], [-118.49473, 34.14963], [-118.49487, 34.14931], [-118.49496, 34.14914], [-118.49502, 34.14906], [-118.4951, 34.14899], [-118.49517, 34.1489], [-118.49526, 34.14881], [-118.49535, 34.14871], [-118.49562, 34.1484], [-118.49718, 34.14683], [-118.49732, 34.14683], [-118.49797, 34.14683], [-118.49858, 34.14683], [-118.49872, 34.14681], [-118.4993, 34.14671], [-118.49975, 34.14665], [-118.50139, 34.1463], [-118.50166, 34.14626], [-118.50186, 34.14628], [-118.50216, 34.14637], [-118.50238, 34.1464], [-118.50257, 34.14638], [-118.50273, 34.14633], [-118.5032, 34.14608], [-118.50341, 34.14602], [-118.5036, 34.146], [-118.50383, 34.14603], [-118.50477, 34.14622], [-118.50512, 34.14623], [-118.50541, 34.14618], [-118.50564, 34.1461], [-118.50596, 34.14641], [-118.50614, 34.14652], [-118.50634, 34.14657], [-118.50718, 34.14659], [-118.50746, 34.14668], [-118.50723, 34.14734], [-118.50693, 34.14731], [-118.50691, 34.14735], [-118.50689, 34.14739], [-118.50686, 34.14742], [-118.50673, 34.14747], [-118.50661, 34.14757], [-118.50642, 34.14771], [-118.50613, 34.14792], [-118.50602, 34.14807], [-118.50597, 34.14821], [-118.50596, 34.14842], [-118.50604, 34.14878], [-118.50624, 34.1491], [-118.50642, 34.14948], [-118.50708, 34.15063], [-118.50804, 34.1524], [-118.5086, 34.15332], [-118.50891, 34.15372], [-118.50929, 34.15424], [-118.50949, 34.15449], [-118.50973, 34.15481], [-118.50976, 34.15487], [-118.50979, 34.15499], [-118.50983, 34.15525], [-118.50982, 34.15555], [-118.50982, 34.15599], [-118.50981, 34.15629], [-118.50981, 34.15645], [-118.50981, 34.15694], [-118.50981, 34.15849], [-118.50982, 34.15858], [-118.50983, 34.15865], [-118.50984, 34.15973], [-118.50987, 34.15985], [-118.50988, 34.1599], [-118.50998, 34.16004], [-118.51003, 34.16013], [-118.51006, 34.16022], [-118.51007, 34.1603], [-118.51006, 34.16038], [-118.50997, 34.16058], [-118.50988, 34.16074], [-118.50983, 34.16088]]]}}, {"type": "Feature", "properties": {"zone_id": "LOS-Q0765", "zone_status": "Evacuation Order", "zone_status_reason": "An evacuation ORDER has been issued for these zones. LEAVE NOW. More information: lafd.org/alerts. ", "county_abbr": "XLA", "north_of": "Standish, Mulholland Drive", "east_of": "Escalon Drive", "south_of": "Adlon Road", "west_of": "Hayvenhurst Avenue", "acreage": 409, "est_population": 1534, "city_abbr": "LOS", "zone_sequence": "Q0765", "zone_approval_status": "Published", "last_updated": 1736535919000, "url": "https://protect.genasys.com/zones/US-CA-XLA-LOS-Q0765", "County_Name": "Los Angeles", "Data_Source_Name": "Zonehaven", "Original_Source_URL": "https://protect.genasys.com/zones/US-CA-XLA-LOS-Q0765"}, "geometry": {"type": "Polygon", "coordinates": [[[-118.50746, 34.14668], [-118.50718, 34.14659], [-118.50634, 34.14657], [-118.50614, 34.14652], [-118.50596, 34.14641], [-118.50564, 34.1461], [-118.50541, 34.14618], [-118.50512, 34.14623], [-118.50477, 34.14622], [-118.50383, 34.14603], [-118.5036, 34.146], [-118.50341, 34.14602], [-118.5032, 34.14608], [-118.50273, 34.14633], [-118.50257, 34.14638], [-118.50238, 34.1464], [-118.50216, 34.14637], [-118.50186, 34.14628], [-118.50166, 34.14626], [-118.50139, 34.1463], [-118.49975, 34.14665], [-118.4993, 34.14671], [-118.49872, 34.14681], [-118.49858, 34.14683], [-118.49797, 34.14683], [-118.49732, 34.14683], [-118.49718, 34.14683], [-118.4978, 34.14578], [-118.49792, 34.14553], [-118.49803, 34.14537], [-118.49821, 34.14451], [-118.49826, 34.14418], [-118.49824, 34.14393], [-118.49821, 34.14375], [-118.49811, 34.14349], [-118.49754, 34.14228], [-118.49734, 34.14186], [-118.49724, 34.14137], [-118.497, 34.13801], [-118.49702, 34.13783], [-118.49706, 34.13771], [-118.49691, 34.13766], [-118.49678, 34.13763], [-118.49664, 34.13754], [-118.49655, 34.13742], [-118.4965, 34.13724], [-118.49636, 34.13682], [-118.49628, 34.1367], [-118.49618, 34.13658], [-118.49556, 34.13599], [-118.49549, 34.13587], [-118.49549, 34.13582], [-118.49549, 34.13574], [-118.4955, 34.13547], [-118.49547, 34.13537], [-118.49539, 34.13526], [-118.49509, 34.13499], [-118.49496, 34.13486], [-118.49489, 34.13472], [-118.49487, 34.13455], [-118.49491, 34.1344], [-118.49515, 34.13387], [-118.49517, 34.13377], [-118.49517, 34.13366], [-118.49516, 34.13363], [-118.49514, 34.13356], [-118.49491, 34.13306], [-118.49485, 34.13277], [-118.49491, 34.13178], [-118.49494, 34.13138], [-118.495, 34.13096], [-118.49499, 34.13085], [-118.49496, 34.13075], [-118.49489, 34.13064], [-118.49476, 34.13055], [-118.49462, 34.13051], [-118.49447, 34.1305], [-118.49432, 34.13053], [-118.49414, 34.1306], [-118.49404, 34.13062], [-118.49397, 34.13063], [-118.49388, 34.13059], [-118.49373, 34.13044], [-118.49378, 34.1304], [-118.49424, 34.1301], [-118.4944, 34.13001], [-118.49456, 34.12994], [-118.49474, 34.12989], [-118.49492, 34.12986], [-118.49506, 34.12986], [-118.49521, 34.12986], [-118.49535, 34.12988], [-118.49554, 34.12993], [-118.49574, 34.12998], [-118.49594, 34.13004], [-118.49657, 34.13045], [-118.49672, 34.13053], [-118.49685, 34.13056], [-118.497, 34.13056], [-118.49714, 34.13054], [-118.49725, 34.13048], [-118.49756, 34.13023], [-118.49771, 34.13016], [-118.49788, 34.13011], [-118.49835, 34.13008], [-118.49851, 34.13005], [-118.4988, 34.12996], [-118.49914, 34.12979], [-118.49928, 34.12975], [-118.49959, 34.12973], [-118.49972, 34.1297], [-118.49984, 34.12966], [-118.49996, 34.1296], [-118.50044, 34.12925], [-118.50087, 34.12899], [-118.501, 34.12894], [-118.50111, 34.12892], [-118.50125, 34.12893], [-118.50205, 34.12912], [-118.5022, 34.12919], [-118.50232, 34.12929], [-118.50241, 34.12943], [-118.50243, 34.12957], [-118.50239, 34.12974], [-118.50229, 34.12987], [-118.50192, 34.13019], [-118.50187, 34.13029], [-118.50185, 34.13039], [-118.50197, 34.13069], [-118.50162, 34.13106], [-118.50156, 34.13118], [-118.50153, 34.13133], [-118.50155, 34.13151], [-118.5016, 34.13151], [-118.50211, 34.13134], [-118.502, 34.13121], [-118.50298, 34.13069], [-118.50365, 34.13088], [-118.50414, 34.13113], [-118.50469, 34.1312], [-118.50508, 34.13046], [-118.50569, 34.13068], [-118.5053, 34.13143], [-118.50663, 34.1314], [-118.50663, 34.13146], [-118.50663, 34.13258], [-118.50663, 34.13276], [-118.50663, 34.13327], [-118.50663, 34.13351], [-118.50663, 34.13617], [-118.50663, 34.13797], [-118.50613, 34.13863], [-118.50518, 34.14064], [-118.50548, 34.1412], [-118.50566, 34.14151], [-118.506, 34.14213], [-118.50643, 34.1429], [-118.5065, 34.14294], [-118.50676, 34.1431], [-118.50697, 34.14347], [-118.50712, 34.14375], [-118.50723, 34.14394], [-118.50723, 34.144], [-118.50723, 34.14441], [-118.50723, 34.14474], [-118.50723, 34.14497], [-118.50723, 34.14529], [-118.50723, 34.14542], [-118.50719, 34.14545], [-118.50731, 34.14565], [-118.50729, 34.14617], [-118.50746, 34.14668]]]}}, {"type": "Feature", "properties": {"zone_id": "LOS-Q0767", "zone_status": "Evacuation Order", "zone_status_reason": "LAFD: Evacuate now. Evacuation order for Palisades Fire Fire for Palisades Area. All in that area must evacuate now. Gather people and pets and leave immediately. All others shelter in place. Info & map: www.lafd.org/alerts", "county_abbr": "XLA", "north_of": "La Mesa Dr, Pacific Coast Hwy", "east_of": "Topanga Canyon Blvd, California, Prier Rd", "south_of": "Farmer Fire Rd", "west_of": "N Kenter Ave", "acreage": 19634, "est_population": 30447, "city_abbr": "LOS", "zone_sequence": "Q0767", "zone_approval_status": "Published", "last_updated": 1736282196000, "url": "https://protect.genasys.com/zones/US-CA-XLA-LOS-Q0767", "County_Name": "Los Angeles", "Data_Source_Name": "Zonehaven", "Original_Source_URL": "https://protect.genasys.com/zones/US-CA-XLA-LOS-Q0767"}, "geometry": {"type": "Polygon", "coordinates": [[[-118.58148, 34.10307], [-118.58127, 34.10341], [-118.58065, 34.10441], [-118.58018, 34.10518], [-118.58015, 34.10522], [-118.58012, 34.10527], [-118.58005, 34.10539], [-118.57996, 34.10553], [-118.57925, 34.10668], [-118.57914, 34.10685], [-118.57902, 34.10706], [-118.57899, 34.10711], [-118.57895, 34.10717], [-118.57893, 34.1072], [-118.57882, 34.10738], [-118.57877, 34.10746], [-118.57874, 34.10752], [-118.57865, 34.10765], [-118.57861, 34.10772], [-118.57857, 34.10779], [-118.57848, 34.10793], [-118.5784, 34.10807], [-118.57831, 34.1082], [-118.57823, 34.10833], [-118.57814, 34.10848], [-118.57806, 34.10862], [-118.578, 34.10871], [-118.57797, 34.10875], [-118.57794, 34.10881], [-118.57792, 34.10884], [-118.57789, 34.10889], [-118.57787, 34.10893], [-118.57785, 34.10896], [-118.5778, 34.10903], [-118.57777, 34.10908], [-118.57775, 34.10911], [-118.57772, 34.10916], [-118.57769, 34.10921], [-118.57763, 34.1093], [-118.5775, 34.10952], [-118.57742, 34.10965], [-118.57738, 34.10971], [-118.57733, 34.10979], [-118.57726, 34.1099], [-118.57724, 34.10994], [-118.57719, 34.11003], [-118.57716, 34.11007], [-118.5771, 34.11017], [-118.57707, 34.11021], [-118.57705, 34.11024], [-118.57703, 34.11028], [-118.57694, 34.11043], [-118.5767, 34.11082], [-118.57666, 34.11088], [-118.57639, 34.11132], [-118.57633, 34.11141], [-118.57605, 34.11187], [-118.57589, 34.11213], [-118.57573, 34.11238], [-118.57554, 34.11269], [-118.57548, 34.1128], [-118.57544, 34.11286], [-118.57523, 34.1132], [-118.57477, 34.11395], [-118.57443, 34.1145], [-118.57439, 34.11457], [-118.57435, 34.11463], [-118.57427, 34.11477], [-118.57418, 34.11491], [-118.57411, 34.11501], [-118.57409, 34.11505], [-118.57406, 34.11509], [-118.57401, 34.11518], [-118.57395, 34.11528], [-118.57392, 34.11532], [-118.57384, 34.11546], [-118.57376, 34.11559], [-118.57278, 34.11717], [-118.57224, 34.11806], [-118.57145, 34.11934], [-118.57131, 34.11957], [-118.57124, 34.11968], [-118.57003, 34.12164], [-118.56989, 34.12187], [-118.56807, 34.12482], [-118.56761, 34.12557], [-118.567, 34.12656], [-118.56541, 34.12915], [-118.56532, 34.12928], [-118.5653, 34.12931], [-118.56521, 34.12946], [-118.5652, 34.12949], [-118.56517, 34.12952], [-118.56514, 34.12958], [-118.56508, 34.12968], [-118.56478, 34.13017], [-118.56482, 34.13019], [-118.56467, 34.13025], [-118.56441, 34.13035], [-118.56431, 34.13038], [-118.56418, 34.13041], [-118.56397, 34.13041], [-118.56345, 34.13048], [-118.56291, 34.13046], [-118.56256, 34.13036], [-118.5621, 34.13016], [-118.56153, 34.13007], [-118.56132, 34.13002], [-118.56128, 34.13001], [-118.56099, 34.12994], [-118.5608, 34.12979], [-118.56054, 34.1295], [-118.56025, 34.12909], [-118.56, 34.12868], [-118.55985, 34.12852], [-118.5588, 34.12775], [-118.55877, 34.12774], [-118.55872, 34.12766], [-118.55856, 34.12741], [-118.55837, 34.12737], [-118.55818, 34.12726], [-118.55803, 34.12706], [-118.55792, 34.12704], [-118.55782, 34.12702], [-118.55776, 34.12697], [-118.55749, 34.12671], [-118.55706, 34.1266], [-118.55618, 34.12654], [-118.55609, 34.12654], [-118.55604, 34.12654], [-118.55576, 34.12651], [-118.55571, 34.12649], [-118.55567, 34.12647], [-118.55566, 34.12644], [-118.55559, 34.12625], [-118.5555, 34.12605], [-118.55533, 34.12584], [-118.55527, 34.12578], [-118.55499, 34.12577], [-118.55494, 34.12576], [-118.55467, 34.12572], [-118.55426, 34.12554], [-118.55418, 34.12542], [-118.55406, 34.12523], [-118.55396, 34.12503], [-118.55377, 34.12488], [-118.55359, 34.12487], [-118.5533, 34.12486], [-118.55261, 34.12486], [-118.55212, 34.12481], [-118.55207, 34.12483], [-118.55131, 34.12514], [-118.55078, 34.12532], [-118.5503, 34.1255], [-118.55001, 34.1256], [-118.54946, 34.12577], [-118.54903, 34.12584], [-118.54885, 34.12581], [-118.54856, 34.12576], [-118.54815, 34.12573], [-118.5479, 34.12572], [-118.54755, 34.12583], [-118.5474, 34.12586], [-118.54709, 34.12591], [-118.54684, 34.12591], [-118.54631, 34.12592], [-118.54566, 34.12597], [-118.54544, 34.12602], [-118.54511, 34.12619], [-118.54498, 34.12628], [-118.54444, 34.12628], [-118.54416, 34.12657], [-118.54387, 34.12677], [-118.54307, 34.12699], [-118.54242, 34.12723], [-118.54176, 34.12751], [-118.5414, 34.12769], [-118.54116, 34.12793], [-118.54097, 34.12814], [-118.54071, 34.12828], [-118.54048, 34.1283], [-118.54009, 34.12834], [-118.53984, 34.12837], [-118.53978, 34.12837], [-118.53942, 34.12841], [-118.53912, 34.12819], [-118.53888, 34.12814], [-118.53827, 34.12825], [-118.53803, 34.12836], [-118.5376, 34.12855], [-118.53717, 34.12874], [-118.53678, 34.12882], [-118.53661, 34.1288], [-118.53621, 34.12874], [-118.53571, 34.12876], [-118.53567, 34.12877], [-118.53522, 34.12884], [-118.53502, 34.12889], [-118.53485, 34.12893], [-118.53426, 34.12892], [-118.53418, 34.12889], [-118.53398, 34.12883], [-118.5336, 34.12885], [-118.53273, 34.1289], [-118.53259, 34.12891], [-118.53226, 34.12894], [-118.53212, 34.12889], [-118.53205, 34.12886], [-118.53199, 34.12889], [-118.53184, 34.12896], [-118.53156, 34.12912], [-118.53091, 34.12937], [-118.53049, 34.12943], [-118.53003, 34.12949], [-118.52969, 34.1295], [-118.52957, 34.12951], [-118.52951, 34.12951], [-118.5293, 34.12949], [-118.52918, 34.1294], [-118.52911, 34.12936], [-118.52886, 34.12915], [-118.52839, 34.12886], [-118.52827, 34.1287], [-118.52775, 34.12875], [-118.52752, 34.12873], [-118.52729, 34.1287], [-118.52709, 34.12868], [-118.52679, 34.12875], [-118.52625, 34.1287], [-118.52562, 34.12866], [-118.52558, 34.12865], [-118.52527, 34.12859], [-118.52493, 34.12853], [-118.52483, 34.12846], [-118.52461, 34.12833], [-118.52448, 34.1284], [-118.52437, 34.12847], [-118.5243, 34.12848], [-118.52414, 34.1285], [-118.52389, 34.1285], [-118.52349, 34.12849], [-118.52305, 34.12846], [-118.5225, 34.1282], [-118.52217, 34.12795], [-118.52202, 34.12779], [-118.5217, 34.12769], [-118.52157, 34.12754], [-118.52132, 34.12794], [-118.52129, 34.12796], [-118.52126, 34.128], [-118.5212, 34.12806], [-118.52113, 34.12813], [-118.52097, 34.12819], [-118.52076, 34.12835], [-118.52048, 34.12854], [-118.52023, 34.12858], [-118.52, 34.12868], [-118.51977, 34.12867], [-118.51951, 34.12867], [-118.51927, 34.12862], [-118.51911, 34.12862], [-118.51896, 34.12871], [-118.51879, 34.1288], [-118.51853, 34.1288], [-118.51846, 34.1288], [-118.51795, 34.12878], [-118.51763, 34.12883], [-118.51731, 34.12868], [-118.51712, 34.12855], [-118.51691, 34.12855], [-118.51666, 34.12859], [-118.51651, 34.12865], [-118.51617, 34.12874], [-118.51542, 34.12892], [-118.5148, 34.12901], [-118.51422, 34.12904], [-118.51366, 34.12906], [-118.51351, 34.12904], [-118.51309, 34.12889], [-118.51282, 34.12875], [-118.51256, 34.129], [-118.51254, 34.12902], [-118.51247, 34.12902], [-118.51237, 34.1291], [-118.51188, 34.12921], [-118.51155, 34.12925], [-118.51151, 34.12926], [-118.51122, 34.12936], [-118.51109, 34.12944], [-118.51072, 34.12982], [-118.51067, 34.12987], [-118.51045, 34.13012], [-118.51026, 34.13024], [-118.51012, 34.13027], [-118.50991, 34.13022], [-118.50956, 34.13017], [-118.50946, 34.13018], [-118.50924, 34.13031], [-118.50916, 34.13038], [-118.50891, 34.13057], [-118.5087, 34.13067], [-118.50842, 34.13064], [-118.50798, 34.13032], [-118.50777, 34.1302], [-118.50758, 34.12989], [-118.50748, 34.12963], [-118.50735, 34.12948], [-118.50733, 34.12941], [-118.5073, 34.12931], [-118.50729, 34.12905], [-118.50722, 34.12899], [-118.50701, 34.1289], [-118.50653, 34.12875], [-118.50639, 34.12873], [-118.50627, 34.1287], [-118.50599, 34.12874], [-118.50596, 34.12874], [-118.50565, 34.12884], [-118.50524, 34.12872], [-118.50503, 34.12859], [-118.50485, 34.1284], [-118.50469, 34.12814], [-118.50458, 34.12799], [-118.50444, 34.12788], [-118.50426, 34.12781], [-118.50407, 34.12774], [-118.50398, 34.12771], [-118.50388, 34.1277], [-118.50339, 34.12785], [-118.50312, 34.12794], [-118.50282, 34.12779], [-118.50259, 34.12767], [-118.50221, 34.12748], [-118.50198, 34.12735], [-118.50075, 34.12666], [-118.50027, 34.12661], [-118.49955, 34.12602], [-118.49913, 34.12568], [-118.49963, 34.12506], [-118.49968, 34.12384], [-118.49866, 34.12247], [-118.49772, 34.12127], [-118.49748, 34.12006], [-118.49621, 34.1184], [-118.49548, 34.11685], [-118.49427, 34.11595], [-118.49434, 34.11592], [-118.49434, 34.11592], [-118.49382, 34.11451], [-118.49344, 34.11397], [-118.49392, 34.11331], [-118.49528, 34.11142], [-118.49518, 34.11118], [-118.49493, 34.11118], [-118.49483, 34.10746], [-118.49391, 34.10485], [-118.49434, 34.1044], [-118.49421, 34.10423], [-118.49414, 34.10412], [-118.49567, 34.1], [-118.49758, 34.09719], [-118.49828, 34.09407], [-118.49777, 34.09217], [-118.4972, 34.08778], [-118.49535, 34.08529], [-118.49446, 34.08176], [-118.49448, 34.08175], [-118.49458, 34.0817], [-118.49483, 34.08158], [-118.49473, 34.08117], [-118.49468, 34.08097], [-118.4946, 34.08062], [-118.49458, 34.08054], [-118.49448, 34.08015], [-118.49442, 34.07991], [-118.4944, 34.0798], [-118.49329, 34.07848], [-118.49225, 34.07723], [-118.49258, 34.07715], [-118.49224, 34.07675], [-118.49255, 34.0767], [-118.4925, 34.07659], [-118.49281, 34.07638], [-118.49298, 34.07627], [-118.49324, 34.07605], [-118.49321, 34.07603], [-118.49306, 34.07587], [-118.49314, 34.07581], [-118.4933, 34.07579], [-118.49325, 34.07556], [-118.4932, 34.0753], [-118.49293, 34.07508], [-118.4928, 34.07485], [-118.49271, 34.07469], [-118.49269, 34.07464], [-118.49261, 34.0745], [-118.49255, 34.07439], [-118.4925, 34.0743], [-118.49248, 34.07426], [-118.49239, 34.0741], [-118.4923, 34.07394], [-118.49226, 34.0739], [-118.49223, 34.07388], [-118.49206, 34.07375], [-118.49183, 34.07358], [-118.49173, 34.07351], [-118.49145, 34.07343], [-118.4914, 34.07342], [-118.49119, 34.07336], [-118.49093, 34.07328], [-118.49074, 34.07323], [-118.49055, 34.073], [-118.4903, 34.07269], [-118.49019, 34.07255], [-118.49018, 34.0726], [-118.49017, 34.07265], [-118.49015, 34.0727], [-118.49013, 34.07274], [-118.49011, 34.07279], [-118.49008, 34.07283], [-118.49006, 34.07288], [-118.48999, 34.0728], [-118.48986, 34.07264], [-118.48976, 34.07252], [-118.48976, 34.0724], [-118.48973, 34.07104], [-118.48967, 34.07089], [-118.48934, 34.07024], [-118.48921, 34.06999], [-118.48912, 34.06982], [-118.48889, 34.06937], [-118.48869, 34.06909], [-118.48858, 34.06908], [-118.48856, 34.0691], [-118.48853, 34.06913], [-118.4885, 34.06917], [-118.48847, 34.06919], [-118.48843, 34.06922], [-118.48839, 34.06924], [-118.48835, 34.06925], [-118.48831, 34.06925], [-118.48828, 34.06926], [-118.48824, 34.06926], [-118.48821, 34.06927], [-118.48813, 34.06912], [-118.4879, 34.06886], [-118.48773, 34.06868], [-118.48765, 34.06858], [-118.48756, 34.06849], [-118.48737, 34.06834], [-118.48728, 34.06828], [-118.48721, 34.06823], [-118.48706, 34.06812], [-118.48703, 34.0681], [-118.48692, 34.06799], [-118.48682, 34.06788], [-118.48679, 34.06785], [-118.48666, 34.06772], [-118.48661, 34.06767], [-118.48654, 34.06758], [-118.48641, 34.06745], [-118.48648, 34.06741], [-118.48632, 34.06727], [-118.48626, 34.06722], [-118.48616, 34.06713], [-118.48608, 34.06706], [-118.486, 34.06699], [-118.48584, 34.06686], [-118.48568, 34.06672], [-118.48563, 34.06667], [-118.48552, 34.06658], [-118.4854, 34.06648], [-118.48536, 34.06644], [-118.48519, 34.0663], [-118.48512, 34.06624], [-118.48503, 34.06616], [-118.48493, 34.06604], [-118.48484, 34.06585], [-118.48477, 34.06569], [-118.48469, 34.06553], [-118.48466, 34.06545], [-118.4846, 34.06538], [-118.4845, 34.06524], [-118.48435, 34.0651], [-118.4843, 34.06505], [-118.48414, 34.06493], [-118.484, 34.06481], [-118.48386, 34.0647], [-118.48371, 34.06459], [-118.48357, 34.06447], [-118.48343, 34.06436], [-118.48331, 34.06425], [-118.4832, 34.06414], [-118.48308, 34.06403], [-118.48295, 34.06391], [-118.48283, 34.06378], [-118.48271, 34.06364], [-118.4826, 34.06351], [-118.48247, 34.06336], [-118.48238, 34.06323], [-118.48227, 34.06306], [-118.4822, 34.06297], [-118.48217, 34.06291], [-118.4821, 34.06276], [-118.48205, 34.06266], [-118.48204, 34.06263], [-118.48196, 34.06246], [-118.48193, 34.06241], [-118.48188, 34.0623], [-118.48182, 34.06217], [-118.4818, 34.06213], [-118.48171, 34.06194], [-118.48162, 34.06181], [-118.48158, 34.06174], [-118.48152, 34.06165], [-118.48145, 34.06153], [-118.48141, 34.06149], [-118.48127, 34.06133], [-118.48122, 34.06127], [-118.48109, 34.06113], [-118.48105, 34.06109], [-118.48096, 34.06099], [-118.48083, 34.06085], [-118.48069, 34.06071], [-118.48065, 34.06068], [-118.4805, 34.0606], [-118.48037, 34.06054], [-118.48006, 34.06038], [-118.47991, 34.06046], [-118.47978, 34.06043], [-118.47896, 34.05939], [-118.47866, 34.059], [-118.47852, 34.05884], [-118.47825, 34.05851], [-118.47695, 34.05694], [-118.49331, 34.05388], [-118.49333, 34.05381], [-118.49335, 34.05375], [-118.49343, 34.05353], [-118.49345, 34.05347], [-118.49352, 34.05326], [-118.49359, 34.05305], [-118.49361, 34.053], [-118.49367, 34.05281], [-118.4937, 34.05273], [-118.49375, 34.05259], [-118.49379, 34.05247], [-118.49382, 34.05238], [-118.49388, 34.0522], [-118.49389, 34.05217], [-118.49396, 34.05196], [-118.49403, 34.05175], [-118.49406, 34.05168], [-118.4941, 34.05154], [-118.49415, 34.05141], [-118.49418, 34.05133], [-118.49424, 34.05115], [-118.49425, 34.05112], [-118.49433, 34.05088], [-118.49439, 34.0507], [-118.49442, 34.05062], [-118.49448, 34.05055], [-118.49454, 34.05049], [-118.49448, 34.05043], [-118.49464, 34.05016], [-118.49476, 34.05026], [-118.49486, 34.05034], [-118.49491, 34.05021], [-118.49501, 34.05009], [-118.49514, 34.04994], [-118.49521, 34.04986], [-118.49533, 34.04972], [-118.49539, 34.04962], [-118.4954, 34.04959], [-118.49731, 34.04763], [-118.49747, 34.04746], [-118.4977, 34.04723], [-118.49774, 34.04719], [-118.49828, 34.04662], [-118.49888, 34.04601], [-118.49919, 34.04569], [-118.49949, 34.04538], [-118.50003, 34.04482], [-118.50008, 34.04477], [-118.50031, 34.04453], [-118.50056, 34.04427], [-118.5008, 34.04402], [-118.50105, 34.04377], [-118.50129, 34.04352], [-118.50153, 34.04327], [-118.50177, 34.04301], [-118.50201, 34.04276], [-118.50204, 34.04273], [-118.50231, 34.04245], [-118.50253, 34.04222], [-118.50272, 34.04202], [-118.50314, 34.04159], [-118.50353, 34.04119], [-118.50355, 34.04116], [-118.50361, 34.0411], [-118.50397, 34.04073], [-118.50412, 34.04087], [-118.50417, 34.04091], [-118.50426, 34.04099], [-118.50435, 34.04108], [-118.50448, 34.0412], [-118.50458, 34.04129], [-118.50464, 34.04126], [-118.50482, 34.0412], [-118.50491, 34.04117], [-118.50514, 34.04109], [-118.50574, 34.04088], [-118.50614, 34.04074], [-118.50636, 34.04067], [-118.50655, 34.0406], [-118.5066, 34.04058], [-118.50691, 34.04042], [-118.50754, 34.04007], [-118.50755, 34.04008], [-118.50757, 34.04004], [-118.50759, 34.04], [-118.50779, 34.03967], [-118.50782, 34.03962], [-118.50784, 34.03957], [-118.50786, 34.03954], [-118.50791, 34.03945], [-118.50808, 34.03915], [-118.5081, 34.03913], [-118.50832, 34.03921], [-118.50835, 34.03915], [-118.50812, 34.03908], [-118.50814, 34.03892], [-118.50816, 34.03878], [-118.50817, 34.03873], [-118.50821, 34.03857], [-118.50824, 34.03844], [-118.50826, 34.03835], [-118.50819, 34.03834], [-118.5082, 34.03826], [-118.50821, 34.03822], [-118.50822, 34.03817], [-118.50822, 34.0381], [-118.50809, 34.0381], [-118.50806, 34.03798], [-118.50803, 34.03784], [-118.508, 34.03771], [-118.50797, 34.03757], [-118.50796, 34.03754], [-118.50794, 34.03744], [-118.50791, 34.0373], [-118.5079, 34.03724], [-118.50788, 34.03717], [-118.50786, 34.03705], [-118.50784, 34.03699], [-118.50782, 34.0369], [-118.50779, 34.03676], [-118.50776, 34.0366], [-118.50774, 34.03653], [-118.50772, 34.03642], [-118.50769, 34.03627], [-118.5077, 34.03623], [-118.50776, 34.03608], [-118.50777, 34.03603], [-118.50782, 34.0359], [-118.50786, 34.03581], [-118.50787, 34.03577], [-118.50789, 34.03572], [-118.50792, 34.03564], [-118.50795, 34.03555], [-118.50797, 34.03551], [-118.508, 34.03542], [-118.50802, 34.03538], [-118.50806, 34.03526], [-118.50811, 34.03512], [-118.50816, 34.03498], [-118.50819, 34.0349], [-118.50821, 34.03485], [-118.50827, 34.03474], [-118.50829, 34.0347], [-118.50834, 34.03462], [-118.50837, 34.03457], [-118.5084, 34.0345], [-118.50845, 34.03442], [-118.50849, 34.03434], [-118.50854, 34.03426], [-118.50856, 34.03422], [-118.50865, 34.03405], [-118.50867, 34.03402], [-118.5087, 34.03397], [-118.50873, 34.03381], [-118.50874, 34.03374], [-118.50877, 34.03359], [-118.5088, 34.03336], [-118.50878, 34.03331], [-118.50876, 34.03327], [-118.50873, 34.03323], [-118.50864, 34.03313], [-118.50862, 34.0331], [-118.50859, 34.03306], [-118.50872, 34.03303], [-118.50881, 34.03301], [-118.50886, 34.033], [-118.50906, 34.03295], [-118.5095, 34.03283], [-118.50953, 34.03279], [-118.50965, 34.03268], [-118.50968, 34.03264], [-118.50976, 34.03257], [-118.50992, 34.03241], [-118.51008, 34.03224], [-118.51026, 34.03207], [-118.51031, 34.03201], [-118.51035, 34.03198], [-118.51044, 34.03189], [-118.51046, 34.03186], [-118.51048, 34.03184], [-118.51056, 34.03175], [-118.51061, 34.03168], [-118.51075, 34.03148], [-118.51082, 34.03142], [-118.51091, 34.03136], [-118.51102, 34.03132], [-118.51108, 34.03128], [-118.51114, 34.03126], [-118.51117, 34.03124], [-118.51123, 34.03121], [-118.51132, 34.03115], [-118.51139, 34.03109], [-118.51146, 34.03101], [-118.51151, 34.03092], [-118.51156, 34.03084], [-118.51165, 34.03078], [-118.51172, 34.03074], [-118.51173, 34.03073], [-118.51184, 34.03068], [-118.51193, 34.03063], [-118.51199, 34.03058], [-118.51224, 34.03038], [-118.51226, 34.03036], [-118.5123, 34.03033], [-118.51241, 34.03023], [-118.51251, 34.03015], [-118.51264, 34.03004], [-118.51272, 34.02998], [-118.51276, 34.02994], [-118.51282, 34.02987], [-118.51286, 34.02983], [-118.51292, 34.02976], [-118.51296, 34.02972], [-118.51305, 34.02962], [-118.51317, 34.0295], [-118.51322, 34.02945], [-118.51327, 34.02939], [-118.51336, 34.02931], [-118.51347, 34.02917], [-118.51351, 34.02912], [-118.51357, 34.02906], [-118.51367, 34.02894], [-118.51375, 34.02885], [-118.51379, 34.02879], [-118.51387, 34.02874], [-118.51406, 34.02861], [-118.51413, 34.02854], [-118.51443, 34.02823], [-118.51447, 34.02818], [-118.5146, 34.02805], [-118.51468, 34.02798], [-118.51478, 34.02792], [-118.51486, 34.02783], [-118.51489, 34.02778], [-118.51507, 34.02735], [-118.51518, 34.02709], [-118.51519, 34.02706], [-118.51524, 34.02694], [-118.51588, 34.02642], [-118.51599, 34.02634], [-118.51605, 34.02629], [-118.51608, 34.02626], [-118.51615, 34.0262], [-118.51617, 34.02618], [-118.51653, 34.02589], [-118.51669, 34.02577], [-118.51673, 34.02573], [-118.51707, 34.02545], [-118.51741, 34.02518], [-118.5176, 34.02502], [-118.51886, 34.02587], [-118.51965, 34.0264], [-118.52028, 34.02681], [-118.52079, 34.02716], [-118.52122, 34.02747], [-118.52196, 34.02789], [-118.5226, 34.02831], [-118.52325, 34.02876], [-118.52379, 34.02908], [-118.52425, 34.02939], [-118.52486, 34.02979], [-118.52533, 34.0301], [-118.52576, 34.03037], [-118.52613, 34.03059], [-118.52644, 34.03076], [-118.52667, 34.03086], [-118.52692, 34.03095], [-118.52714, 34.03101], [-118.52723, 34.03104], [-118.52726, 34.03103], [-118.52728, 34.031], [-118.52729, 34.03099], [-118.52732, 34.03099], [-118.52737, 34.03098], [-118.52744, 34.031], [-118.52774, 34.03117], [-118.52786, 34.03124], [-118.52802, 34.03133], [-118.52839, 34.03156], [-118.52867, 34.03174], [-118.52893, 34.03191], [-118.52935, 34.03213], [-118.52953, 34.03223], [-118.52979, 34.03233], [-118.52983, 34.03234], [-118.53006, 34.03242], [-118.53024, 34.03245], [-118.5304, 34.03247], [-118.53047, 34.03247], [-118.5305, 34.03245], [-118.53053, 34.03243], [-118.5306, 34.03241], [-118.53065, 34.03243], [-118.53065, 34.03243], [-118.53108, 34.03264], [-118.53135, 34.03278], [-118.53166, 34.03296], [-118.53203, 34.03315], [-118.53238, 34.03335], [-118.5328, 34.03354], [-118.53307, 34.03364], [-118.53339, 34.03375], [-118.53364, 34.0338], [-118.53371, 34.0338], [-118.53372, 34.03378], [-118.53373, 34.03377], [-118.53375, 34.03375], [-118.53376, 34.03372], [-118.53381, 34.03371], [-118.53388, 34.03369], [-118.53396, 34.0337], [-118.53433, 34.03387], [-118.53463, 34.03407], [-118.53491, 34.03422], [-118.53545, 34.03448], [-118.53574, 34.03463], [-118.536, 34.03476], [-118.53622, 34.03486], [-118.5364, 34.03492], [-118.5365, 34.03495], [-118.53653, 34.03495], [-118.53659, 34.03497], [-118.53666, 34.03498], [-118.53673, 34.03499], [-118.53685, 34.03501], [-118.53691, 34.03498], [-118.53698, 34.03498], [-118.53703, 34.035], [-118.53734, 34.03517], [-118.53756, 34.0353], [-118.53769, 34.03538], [-118.53815, 34.03564], [-118.53861, 34.03589], [-118.539, 34.03611], [-118.53966, 34.03646], [-118.54036, 34.0368], [-118.54116, 34.03718], [-118.54171, 34.03743], [-118.54212, 34.03759], [-118.54234, 34.03767], [-118.54248, 34.0377], [-118.54257, 34.03772], [-118.54264, 34.03772], [-118.54264, 34.03772], [-118.5427, 34.03772], [-118.54281, 34.03777], [-118.54325, 34.03795], [-118.54362, 34.03812], [-118.54366, 34.03814], [-118.5441, 34.03833], [-118.54459, 34.03853], [-118.54494, 34.03862], [-118.54511, 34.03864], [-118.54533, 34.03867], [-118.54535, 34.03868], [-118.54542, 34.03871], [-118.54558, 34.03878], [-118.54595, 34.03887], [-118.54621, 34.03891], [-118.54631, 34.03889], [-118.54632, 34.03886], [-118.54635, 34.0388], [-118.54658, 34.03885], [-118.54681, 34.0389], [-118.54719, 34.03898], [-118.54764, 34.03906], [-118.54795, 34.03912], [-118.54824, 34.03914], [-118.54844, 34.03918], [-118.54871, 34.03921], [-118.549, 34.03924], [-118.54922, 34.03927], [-118.54936, 34.03929], [-118.54944, 34.03931], [-118.5495, 34.03931], [-118.54955, 34.03931], [-118.54962, 34.03931], [-118.54968, 34.03931], [-118.54972, 34.03932], [-118.54979, 34.03933], [-118.54985, 34.03932], [-118.54993, 34.03932], [-118.55003, 34.03931], [-118.5502, 34.03928], [-118.55037, 34.03926], [-118.55049, 34.03925], [-118.55059, 34.03924], [-118.55069, 34.03922], [-118.55081, 34.03919], [-118.55093, 34.03916], [-118.55104, 34.03914], [-118.55118, 34.0391], [-118.55151, 34.03901], [-118.55184, 34.03893], [-118.552, 34.03889], [-118.55224, 34.03884], [-118.55242, 34.03881], [-118.55254, 34.03877], [-118.55264, 34.03875], [-118.55272, 34.03872], [-118.55283, 34.03869], [-118.55289, 34.03866], [-118.553, 34.0386], [-118.55307, 34.03857], [-118.55316, 34.03853], [-118.55328, 34.03846], [-118.5534, 34.03838], [-118.55356, 34.03826], [-118.55369, 34.03819], [-118.55379, 34.03813], [-118.5539, 34.03808], [-118.55401, 34.03803], [-118.55414, 34.03799], [-118.55432, 34.03794], [-118.55443, 34.03792], [-118.55451, 34.03791], [-118.55458, 34.0379], [-118.55477, 34.03791], [-118.55521, 34.0379], [-118.55547, 34.03792], [-118.55558, 34.03795], [-118.55565, 34.03796], [-118.55569, 34.038], [-118.55576, 34.03801], [-118.556, 34.03802], [-118.55622, 34.03804], [-118.55625, 34.03803], [-118.55627, 34.03801], [-118.55631, 34.03795], [-118.55637, 34.03793], [-118.55642, 34.03795], [-118.55651, 34.03798], [-118.55686, 34.03813], [-118.55734, 34.03835], [-118.55777, 34.03854], [-118.55824, 34.03872], [-118.55867, 34.03891], [-118.55875, 34.03894], [-118.55923, 34.03913], [-118.55946, 34.03924], [-118.55995, 34.03944], [-118.56029, 34.0396], [-118.56073, 34.03978], [-118.56131, 34.04001], [-118.56145, 34.04006], [-118.56157, 34.04009], [-118.56172, 34.04013], [-118.56184, 34.04019], [-118.56197, 34.04027], [-118.5622, 34.04037], [-118.56252, 34.04046], [-118.56272, 34.04051], [-118.56304, 34.04062], [-118.56344, 34.04075], [-118.56385, 34.04089], [-118.56424, 34.04099], [-118.56434, 34.04102], [-118.56447, 34.04105], [-118.56456, 34.04105], [-118.56461, 34.04104], [-118.56466, 34.04103], [-118.56472, 34.04104], [-118.5648, 34.04105], [-118.56493, 34.0411], [-118.56517, 34.04115], [-118.56533, 34.04119], [-118.56548, 34.04121], [-118.56558, 34.0412], [-118.56562, 34.04116], [-118.56564, 34.04115], [-118.56565, 34.04111], [-118.56568, 34.04111], [-118.56571, 34.04113], [-118.5657, 34.04116], [-118.56569, 34.0412], [-118.56576, 34.04123], [-118.56598, 34.04127], [-118.56625, 34.04131], [-118.56656, 34.04137], [-118.56676, 34.04139], [-118.56682, 34.04139], [-118.56688, 34.04139], [-118.56696, 34.0414], [-118.56705, 34.04141], [-118.56714, 34.04142], [-118.56719, 34.04143], [-118.56728, 34.04145], [-118.56735, 34.04147], [-118.56742, 34.0415], [-118.56761, 34.04157], [-118.56768, 34.04159], [-118.56766, 34.04184], [-118.56764, 34.04198], [-118.56764, 34.04211], [-118.56766, 34.0422], [-118.56771, 34.04229], [-118.56757, 34.04236], [-118.56747, 34.0424], [-118.56743, 34.04246], [-118.56737, 34.04252], [-118.56725, 34.04259], [-118.56706, 34.04273], [-118.56705, 34.04277], [-118.56712, 34.04285], [-118.56745, 34.04285], [-118.56736, 34.04324], [-118.56708, 34.04353], [-118.56708, 34.04365], [-118.56708, 34.04399], [-118.56708, 34.04413], [-118.56699, 34.04432], [-118.56684, 34.04467], [-118.56675, 34.04488], [-118.56655, 34.04533], [-118.56652, 34.04539], [-118.56645, 34.04565], [-118.56631, 34.04618], [-118.56626, 34.04625], [-118.56585, 34.04684], [-118.56581, 34.04689], [-118.56558, 34.04721], [-118.56555, 34.04726], [-118.56551, 34.04732], [-118.56547, 34.04738], [-118.56525, 34.04769], [-118.56528, 34.04777], [-118.56547, 34.04821], [-118.56549, 34.04831], [-118.56556, 34.04857], [-118.56556, 34.0486], [-118.5655, 34.04874], [-118.56541, 34.04893], [-118.56549, 34.04909], [-118.56575, 34.04918], [-118.56581, 34.04916], [-118.5659, 34.04896], [-118.56604, 34.04889], [-118.56608, 34.04891], [-118.56646, 34.04891], [-118.56659, 34.04929], [-118.56665, 34.04945], [-118.56687, 34.04939], [-118.56691, 34.04938], [-118.56694, 34.04937], [-118.56722, 34.04991], [-118.56771, 34.04945], [-118.56787, 34.04931], [-118.56795, 34.04934], [-118.56828, 34.04943], [-118.56858, 34.04952], [-118.56861, 34.04956], [-118.56886, 34.04987], [-118.56918, 34.05002], [-118.5693, 34.05007], [-118.56949, 34.05035], [-118.57015, 34.05034], [-118.57019, 34.05363], [-118.5703, 34.06187], [-118.5703, 34.06208], [-118.57032, 34.0634], [-118.57033, 34.06406], [-118.57034, 34.06476], [-118.57034, 34.06526], [-118.57035, 34.06572], [-118.57037, 34.06743], [-118.57039, 34.06935], [-118.5714, 34.06952], [-118.57172, 34.06958], [-118.5718, 34.06959], [-118.57202, 34.06963], [-118.57379, 34.06993], [-118.57477, 34.0701], [-118.57631, 34.07037], [-118.5775, 34.07058], [-118.57758, 34.07059], [-118.57835, 34.07072], [-118.57873, 34.07079], [-118.57942, 34.07091], [-118.5795, 34.07092], [-118.58014, 34.07103], [-118.58276, 34.07149], [-118.5828, 34.0715], [-118.58464, 34.07181], [-118.58637, 34.07212], [-118.58704, 34.07223], [-118.58713, 34.07225], [-118.58742, 34.0723], [-118.58766, 34.07234], [-118.58771, 34.07235], [-118.58775, 34.07235], [-118.58778, 34.07236], [-118.58784, 34.07237], [-118.58789, 34.07238], [-118.58796, 34.07239], [-118.58799, 34.0724], [-118.58803, 34.0724], [-118.58806, 34.07241], [-118.58819, 34.07243], [-118.58824, 34.07244], [-118.58827, 34.07244], [-118.5883, 34.07245], [-118.58833, 34.07245], [-118.59079, 34.07288], [-118.59161, 34.07302], [-118.59328, 34.07331], [-118.59474, 34.07356], [-118.59542, 34.07368], [-118.59647, 34.07386], [-118.59682, 34.07392], [-118.598, 34.07413], [-118.59838, 34.07419], [-118.59859, 34.07423], [-118.59863, 34.07424], [-118.59884, 34.07427], [-118.59893, 34.07429], [-118.59899, 34.0743], [-118.5991, 34.07432], [-118.59915, 34.07433], [-118.5992, 34.07434], [-118.59919, 34.07436], [-118.59917, 34.0744], [-118.59915, 34.07443], [-118.59913, 34.07446], [-118.59911, 34.07449], [-118.59909, 34.07452], [-118.59907, 34.07455], [-118.59906, 34.07457], [-118.59904, 34.0746], [-118.59902, 34.07464], [-118.599, 34.07467], [-118.59898, 34.0747], [-118.59896, 34.07473], [-118.59894, 34.07476], [-118.59892, 34.0748], [-118.59891, 34.07482], [-118.59888, 34.07486], [-118.59887, 34.07488], [-118.59885, 34.07491], [-118.59883, 34.07494], [-118.5988, 34.07499], [-118.59878, 34.07503], [-118.5987, 34.07515], [-118.59867, 34.0752], [-118.59862, 34.07528], [-118.59859, 34.07534], [-118.59857, 34.07537], [-118.59854, 34.07541], [-118.59852, 34.07545], [-118.59849, 34.07549], [-118.59844, 34.07558], [-118.5984, 34.07564], [-118.59836, 34.0757], [-118.59835, 34.07573], [-118.59832, 34.07577], [-118.59829, 34.07581], [-118.59826, 34.07586], [-118.59824, 34.0759], [-118.5982, 34.07596], [-118.59813, 34.07608], [-118.59809, 34.07614], [-118.59799, 34.0763], [-118.59797, 34.07633], [-118.59795, 34.07637], [-118.59786, 34.07651], [-118.5978, 34.07661], [-118.59776, 34.07667], [-118.59775, 34.0767], [-118.59772, 34.07674], [-118.5977, 34.07677], [-118.59769, 34.0768], [-118.59767, 34.07683], [-118.59765, 34.07686], [-118.59763, 34.07689], [-118.59761, 34.07691], [-118.5976, 34.07694], [-118.59758, 34.07697], [-118.59756, 34.07701], [-118.5975, 34.0771], [-118.59745, 34.07717], [-118.59744, 34.0772], [-118.59742, 34.07723], [-118.59739, 34.07729], [-118.59731, 34.0774], [-118.59725, 34.0775], [-118.5972, 34.07759], [-118.59718, 34.07763], [-118.59716, 34.07766], [-118.59714, 34.07769], [-118.59709, 34.07777], [-118.59707, 34.0778], [-118.59701, 34.07789], [-118.59695, 34.07799], [-118.5969, 34.07808], [-118.59688, 34.07811], [-118.59684, 34.07818], [-118.59678, 34.07826], [-118.59676, 34.0783], [-118.59672, 34.07836], [-118.59671, 34.07839], [-118.59661, 34.07854], [-118.5963, 34.07905], [-118.59612, 34.07934], [-118.59591, 34.07968], [-118.59585, 34.07977], [-118.59577, 34.07991], [-118.59574, 34.07995], [-118.59572, 34.07998], [-118.59567, 34.08006], [-118.59565, 34.0801], [-118.59566, 34.08013], [-118.5956, 34.08018], [-118.59559, 34.0802], [-118.59557, 34.08023], [-118.59555, 34.08026], [-118.59552, 34.0803], [-118.59551, 34.08033], [-118.59549, 34.08037], [-118.59542, 34.08047], [-118.59531, 34.08066], [-118.59523, 34.08078], [-118.59516, 34.0809], [-118.59501, 34.08113], [-118.5948, 34.08149], [-118.59473, 34.08159], [-118.59469, 34.08166], [-118.59464, 34.08174], [-118.59429, 34.0823], [-118.59409, 34.08263], [-118.59394, 34.08288], [-118.59365, 34.08334], [-118.59355, 34.08351], [-118.59347, 34.08363], [-118.59344, 34.08368], [-118.59335, 34.08382], [-118.5933, 34.0839], [-118.59325, 34.08398], [-118.59321, 34.08405], [-118.59318, 34.0841], [-118.59314, 34.08417], [-118.59309, 34.08425], [-118.59304, 34.08433], [-118.59267, 34.08493], [-118.59167, 34.08656], [-118.59162, 34.08663], [-118.59131, 34.08713], [-118.59123, 34.08726], [-118.59119, 34.08732], [-118.59116, 34.08738], [-118.59084, 34.0879], [-118.59081, 34.08794], [-118.59051, 34.08843], [-118.59044, 34.08855], [-118.59042, 34.08858], [-118.5904, 34.08861], [-118.59018, 34.08897], [-118.59017, 34.08899], [-118.5901, 34.0891], [-118.59007, 34.08915], [-118.58996, 34.08933], [-118.58984, 34.08951], [-118.58983, 34.08954], [-118.58978, 34.08962], [-118.58975, 34.08966], [-118.58973, 34.08969], [-118.5897, 34.08975], [-118.58968, 34.08977], [-118.58967, 34.0898], [-118.58965, 34.08983], [-118.58961, 34.08989], [-118.58959, 34.08992], [-118.58944, 34.09017], [-118.58938, 34.09026], [-118.58935, 34.09031], [-118.58929, 34.09041], [-118.58926, 34.09046], [-118.58924, 34.09049], [-118.58922, 34.09053], [-118.58914, 34.09065], [-118.58906, 34.09079], [-118.58904, 34.09082], [-118.58902, 34.09085], [-118.589, 34.09088], [-118.58899, 34.0909], [-118.58894, 34.09098], [-118.58841, 34.09184], [-118.58836, 34.09191], [-118.58828, 34.09205], [-118.58788, 34.09269], [-118.58787, 34.09272], [-118.58785, 34.09275], [-118.58774, 34.09291], [-118.5876, 34.09315], [-118.58743, 34.09342], [-118.5874, 34.09348], [-118.58717, 34.09385], [-118.58711, 34.09393], [-118.5869, 34.09428], [-118.58658, 34.0948], [-118.58641, 34.09509], [-118.58627, 34.09531], [-118.5861, 34.09558], [-118.58588, 34.09593], [-118.58581, 34.09605], [-118.58578, 34.0961], [-118.58575, 34.09614], [-118.58546, 34.09662], [-118.58507, 34.09725], [-118.58487, 34.09758], [-118.58483, 34.09764], [-118.58474, 34.09779], [-118.5847, 34.09785], [-118.58468, 34.09788], [-118.58461, 34.098], [-118.58455, 34.0981], [-118.58444, 34.09828], [-118.58441, 34.09832], [-118.5843, 34.0985], [-118.58383, 34.09927], [-118.58354, 34.09974], [-118.58351, 34.09977], [-118.58321, 34.10027], [-118.5816, 34.10287], [-118.58148, 34.10307]]]}}, {"type": "Feature", "properties": {"zone_id": "LOS-Q0772", "zone_status": "Evacuation Warning", "zone_status_reason": "An evacuation WARNING has been issued for these zones. GET READY for potential evacuation. More information at lafd.org/alerts. ", "county_abbr": "XLA", "north_of": "Mulholland Drive, Woodcliff Road", "east_of": "San Diego Freeway", "south_of": "Saugus Avenue", "west_of": "Woodcliff Road", "acreage": 344, "est_population": 2254, "city_abbr": "LOS", "zone_sequence": "Q0772", "zone_approval_status": "Published", "last_updated": 1736536424000, "url": "https://protect.genasys.com/zones/US-CA-XLA-LOS-Q0772", "County_Name": "Los Angeles", "Data_Source_Name": "Zonehaven", "Original_Source_URL": "https://protect.genasys.com/zones/US-CA-XLA-LOS-Q0772"}, "geometry": {"type": "Polygon", "coordinates": [[[-118.46796, 34.15193], [-118.46791, 34.15232], [-118.46776, 34.15223], [-118.46772, 34.15212], [-118.46768, 34.15208], [-118.46764, 34.15202], [-118.46755, 34.15196], [-118.46725, 34.15184], [-118.46711, 34.15173], [-118.46707, 34.15167], [-118.46697, 34.15149], [-118.46683, 34.15138], [-118.46669, 34.15132], [-118.46657, 34.15127], [-118.46641, 34.15124], [-118.46617, 34.15119], [-118.46616, 34.15048], [-118.46615, 34.15036], [-118.46612, 34.15017], [-118.46609, 34.15004], [-118.466, 34.14979], [-118.46586, 34.1494], [-118.46582, 34.14926], [-118.4658, 34.1491], [-118.4658, 34.1486], [-118.46579, 34.14844], [-118.46579, 34.14831], [-118.46582, 34.14818], [-118.46585, 34.14807], [-118.46594, 34.14779], [-118.46607, 34.14743], [-118.46611, 34.14726], [-118.46613, 34.14708], [-118.46614, 34.14692], [-118.46614, 34.14647], [-118.46616, 34.1455], [-118.46614, 34.14451], [-118.46615, 34.14439], [-118.46619, 34.14433], [-118.46655, 34.14411], [-118.46678, 34.144], [-118.46694, 34.14398], [-118.46728, 34.14401], [-118.46737, 34.14403], [-118.46746, 34.14361], [-118.46735, 34.1436], [-118.46736, 34.14356], [-118.46738, 34.14351], [-118.4674, 34.14347], [-118.46681, 34.14347], [-118.46675, 34.14347], [-118.46641, 34.14348], [-118.46619, 34.14348], [-118.46594, 34.14348], [-118.4656, 34.14348], [-118.46562, 34.14333], [-118.46564, 34.14307], [-118.46565, 34.14299], [-118.46567, 34.14271], [-118.46568, 34.14262], [-118.46569, 34.14244], [-118.46571, 34.14221], [-118.46572, 34.14216], [-118.46574, 34.14188], [-118.46574, 34.14182], [-118.46576, 34.1416], [-118.46577, 34.14147], [-118.46579, 34.14133], [-118.46581, 34.14105], [-118.46583, 34.14079], [-118.46585, 34.14061], [-118.46586, 34.14051], [-118.46588, 34.14022], [-118.4659, 34.14003], [-118.46591, 34.13994], [-118.46571, 34.13996], [-118.46542, 34.13999], [-118.46535, 34.13999], [-118.46533, 34.13987], [-118.46533, 34.13983], [-118.46531, 34.13963], [-118.46529, 34.13945], [-118.46528, 34.13936], [-118.46527, 34.13924], [-118.46522, 34.13916], [-118.46518, 34.13909], [-118.4651, 34.13896], [-118.46507, 34.1389], [-118.46499, 34.13877], [-118.46497, 34.13873], [-118.46486, 34.13855], [-118.46475, 34.13837], [-118.4647, 34.13829], [-118.46468, 34.13825], [-118.46481, 34.13806], [-118.46496, 34.13785], [-118.46498, 34.13782], [-118.46511, 34.13763], [-118.46514, 34.13759], [-118.46517, 34.13736], [-118.46519, 34.13724], [-118.46522, 34.13707], [-118.46523, 34.13699], [-118.46524, 34.13693], [-118.46521, 34.13687], [-118.46517, 34.13677], [-118.46512, 34.13663], [-118.46509, 34.13656], [-118.46502, 34.1364], [-118.46497, 34.13622], [-118.46495, 34.13612], [-118.46492, 34.13603], [-118.46487, 34.13581], [-118.46492, 34.13574], [-118.46503, 34.13561], [-118.46482, 34.1355], [-118.46475, 34.13542], [-118.46459, 34.13524], [-118.46444, 34.13506], [-118.46429, 34.13488], [-118.46416, 34.13473], [-118.46414, 34.1347], [-118.46402, 34.13456], [-118.46398, 34.13452], [-118.46386, 34.13438], [-118.46381, 34.13428], [-118.46375, 34.13417], [-118.4637, 34.13408], [-118.46362, 34.13393], [-118.46359, 34.13388], [-118.46348, 34.13368], [-118.46337, 34.13348], [-118.46326, 34.13328], [-118.46318, 34.13318], [-118.46311, 34.13308], [-118.46297, 34.1329], [-118.463, 34.13271], [-118.46297, 34.13271], [-118.46294, 34.1327], [-118.46267, 34.13268], [-118.4625, 34.13269], [-118.46247, 34.13272], [-118.46212, 34.13304], [-118.46198, 34.13282], [-118.46191, 34.13269], [-118.46185, 34.1326], [-118.46171, 34.13237], [-118.46166, 34.13229], [-118.46145, 34.13194], [-118.46123, 34.13157], [-118.46102, 34.13123], [-118.46131, 34.13111], [-118.46104, 34.13072], [-118.46098, 34.13063], [-118.46097, 34.13054], [-118.46099, 34.13048], [-118.4611, 34.13054], [-118.46133, 34.13068], [-118.46148, 34.13075], [-118.46152, 34.13077], [-118.4616, 34.1308], [-118.46173, 34.13084], [-118.46195, 34.13088], [-118.46204, 34.13089], [-118.46214, 34.13092], [-118.46232, 34.131], [-118.46251, 34.13111], [-118.46266, 34.13116], [-118.46286, 34.13119], [-118.46303, 34.13119], [-118.46313, 34.13116], [-118.46322, 34.13111], [-118.46329, 34.13104], [-118.46335, 34.13093], [-118.4634, 34.1308], [-118.46343, 34.13072], [-118.46349, 34.13063], [-118.46357, 34.13055], [-118.46366, 34.13047], [-118.4639, 34.13029], [-118.46418, 34.13011], [-118.46431, 34.13007], [-118.46444, 34.13007], [-118.46464, 34.1301], [-118.46507, 34.13019], [-118.46522, 34.13022], [-118.46534, 34.13023], [-118.46547, 34.13024], [-118.46562, 34.13019], [-118.46571, 34.13014], [-118.46586, 34.13004], [-118.46616, 34.12981], [-118.46632, 34.12974], [-118.46643, 34.12971], [-118.46677, 34.12967], [-118.46687, 34.12961], [-118.46697, 34.12951], [-118.46711, 34.12936], [-118.46728, 34.12928], [-118.46741, 34.12926], [-118.46753, 34.12927], [-118.46763, 34.12929], [-118.46773, 34.12933], [-118.46784, 34.12937], [-118.46818, 34.12951], [-118.4683, 34.12955], [-118.46841, 34.12958], [-118.46851, 34.1296], [-118.46863, 34.12963], [-118.46875, 34.12967], [-118.46881, 34.12969], [-118.46887, 34.12971], [-118.46897, 34.12976], [-118.46919, 34.12988], [-118.46928, 34.12994], [-118.46943, 34.13], [-118.46956, 34.13005], [-118.46969, 34.13008], [-118.46984, 34.13011], [-118.46997, 34.13013], [-118.47011, 34.13015], [-118.47026, 34.13015], [-118.47039, 34.13014], [-118.47053, 34.13012], [-118.47067, 34.13009], [-118.4708, 34.13005], [-118.47093, 34.13001], [-118.47106, 34.12995], [-118.47118, 34.12988], [-118.4713, 34.12981], [-118.4714, 34.12972], [-118.4715, 34.12962], [-118.47159, 34.12951], [-118.47188, 34.12911], [-118.47196, 34.129], [-118.47229, 34.12853], [-118.47313, 34.12732], [-118.47326, 34.12715], [-118.47335, 34.12706], [-118.47344, 34.12697], [-118.47354, 34.12688], [-118.47364, 34.1268], [-118.47374, 34.12673], [-118.47386, 34.12666], [-118.47397, 34.12661], [-118.4741, 34.12656], [-118.47422, 34.12652], [-118.47427, 34.12651], [-118.47436, 34.12648], [-118.47447, 34.12646], [-118.47456, 34.12644], [-118.47465, 34.12644], [-118.47478, 34.12642], [-118.47527, 34.12638], [-118.47536, 34.12637], [-118.47517, 34.12661], [-118.47488, 34.12701], [-118.47484, 34.12707], [-118.47473, 34.12722], [-118.47457, 34.12747], [-118.47441, 34.12774], [-118.47428, 34.128], [-118.47422, 34.12811], [-118.4742, 34.12815], [-118.47418, 34.1282], [-118.47416, 34.12824], [-118.47414, 34.12828], [-118.47413, 34.12831], [-118.47406, 34.12846], [-118.47397, 34.12868], [-118.47388, 34.12894], [-118.47376, 34.1293], [-118.47305, 34.13148], [-118.47215, 34.13427], [-118.47185, 34.13518], [-118.47162, 34.13588], [-118.4714, 34.13655], [-118.4713, 34.13688], [-118.47122, 34.13722], [-118.47118, 34.13742], [-118.47114, 34.13762], [-118.4711, 34.13786], [-118.47107, 34.13811], [-118.47104, 34.13835], [-118.47103, 34.13857], [-118.47102, 34.13877], [-118.47102, 34.13902], [-118.47103, 34.13926], [-118.47104, 34.13948], [-118.47105, 34.13973], [-118.47109, 34.14002], [-118.4712, 34.14083], [-118.47125, 34.14131], [-118.47128, 34.1416], [-118.4713, 34.14191], [-118.4713, 34.14218], [-118.4713, 34.14245], [-118.47129, 34.14275], [-118.47127, 34.14297], [-118.47124, 34.14325], [-118.47121, 34.14352], [-118.47116, 34.1438], [-118.47112, 34.14401], [-118.47107, 34.14426], [-118.47101, 34.14451], [-118.47093, 34.14479], [-118.47085, 34.14505], [-118.47075, 34.14536], [-118.47066, 34.1456], [-118.47057, 34.14584], [-118.47048, 34.14606], [-118.47037, 34.14634], [-118.47027, 34.14658], [-118.47015, 34.14687], [-118.46996, 34.14728], [-118.46976, 34.14765], [-118.46938, 34.14837], [-118.46929, 34.14854], [-118.46923, 34.14865], [-118.46895, 34.14919], [-118.46885, 34.14938], [-118.46871, 34.14966], [-118.46856, 34.14996], [-118.46852, 34.15002], [-118.46847, 34.15015], [-118.46844, 34.15022], [-118.46825, 34.15073], [-118.46812, 34.15114], [-118.46805, 34.15145], [-118.46796, 34.15193]]]}}, {"type": "Feature", "properties": {"zone_id": "LOS-Q0778-A", "zone_status": "Evacuation Order", "zone_status_reason": "An evacuation ORDER has been issued for these zones. LEAVE NOW. More information: lafd.org/alerts. ", "county_abbr": "XLA", "north_of": "Canyonback Rd", "east_of": "Canyonback Rd", "south_of": "Canyonback Rd, Mission Dump Rd", "west_of": "Canyonback Rd", "acreage": 58, "est_population": 0, "city_abbr": "LOS", "zone_sequence": "Q0778-A", "zone_approval_status": "Published", "last_updated": 1736535919000, "url": "https://protect.genasys.com/zones/US-CA-XLA-LOS-Q0778-A", "County_Name": "Los Angeles", "Data_Source_Name": "Zonehaven", "Original_Source_URL": "https://protect.genasys.com/zones/US-CA-XLA-LOS-Q0778-A"}, "geometry": {"type": "Polygon", "coordinates": [[[-118.49903, 34.1256], [-118.49847, 34.12382], [-118.49843, 34.12384], [-118.49811, 34.12409], [-118.49774, 34.12354], [-118.4981, 34.12327], [-118.49794, 34.12307], [-118.49721, 34.12332], [-118.49698, 34.12321], [-118.49721, 34.12285], [-118.49705, 34.12272], [-118.49549, 34.12327], [-118.49503, 34.1225], [-118.496, 34.122], [-118.49536, 34.12163], [-118.4947, 34.12181], [-118.49437, 34.12149], [-118.49509, 34.12066], [-118.49539, 34.11988], [-118.49546, 34.1197], [-118.49555, 34.11945], [-118.49489, 34.11912], [-118.49374, 34.11931], [-118.49317, 34.1197], [-118.49304, 34.11978], [-118.49244, 34.1197], [-118.49164, 34.11959], [-118.49155, 34.1194], [-118.4918, 34.11907], [-118.49254, 34.11879], [-118.49323, 34.11737], [-118.49302, 34.11661], [-118.49425, 34.11597], [-118.49427, 34.11595], [-118.49548, 34.11685], [-118.49621, 34.1184], [-118.49748, 34.12006], [-118.49772, 34.12127], [-118.49866, 34.12247], [-118.49968, 34.12384], [-118.49963, 34.12506], [-118.49913, 34.12568], [-118.49903, 34.1256]]]}}, {"type": "Feature", "properties": {"zone_id": "LOS-Q0779", "zone_status": "Evacuation Warning", "zone_status_reason": "An evacuation WARNING has been issued for these zones. GET READY for potential evacuation. More information at lafd.org/alerts.", "county_abbr": "XLA", "north_of": "Sunset Boulevard, North Bowling Green Way", "east_of": "North Bundy Drive", "south_of": "Mount Saint Mary's College Fitness Center, San Diego Freeway", "west_of": "San Diego Freeway", "acreage": 695, "est_population": 2477, "city_abbr": "LOS", "zone_sequence": "Q0779", "zone_approval_status": "Published", "last_updated": 1736690436000, "url": "https://protect.genasys.com/zones/US-CA-XLA-LOS-Q0779", "County_Name": "Los Angeles", "Data_Source_Name": "Zonehaven", "Original_Source_URL": "https://protect.genasys.com/zones/US-CA-XLA-LOS-Q0779"}, "geometry": {"type": "Polygon", "coordinates": [[[-118.4702, 34.06527], [-118.47025, 34.06515], [-118.47031, 34.06503], [-118.47043, 34.06487], [-118.47046, 34.06482], [-118.47049, 34.0648], [-118.47057, 34.06471], [-118.47064, 34.06464], [-118.47068, 34.06462], [-118.47074, 34.06456], [-118.47094, 34.06439], [-118.471, 34.06434], [-118.4711, 34.06425], [-118.47115, 34.06421], [-118.47121, 34.06416], [-118.47138, 34.06402], [-118.47147, 34.06394], [-118.47153, 34.0639], [-118.47155, 34.06388], [-118.47171, 34.06376], [-118.47231, 34.06329], [-118.47281, 34.06288], [-118.47325, 34.06251], [-118.47346, 34.06234], [-118.47379, 34.06206], [-118.4744, 34.06156], [-118.4746, 34.06141], [-118.47471, 34.06133], [-118.47526, 34.06086], [-118.4754, 34.06074], [-118.47584, 34.0604], [-118.47594, 34.06032], [-118.47606, 34.06023], [-118.47642, 34.05994], [-118.47666, 34.05976], [-118.47711, 34.0594], [-118.47715, 34.05967], [-118.47718, 34.05982], [-118.47738, 34.0598], [-118.47751, 34.05978], [-118.4776, 34.05977], [-118.47775, 34.05975], [-118.47777, 34.05979], [-118.47779, 34.05989], [-118.47779, 34.05993], [-118.4778, 34.05998], [-118.47781, 34.06002], [-118.47782, 34.0601], [-118.47783, 34.06016], [-118.47784, 34.0602], [-118.47785, 34.0603], [-118.47787, 34.06042], [-118.47789, 34.06051], [-118.47789, 34.06054], [-118.47792, 34.0607], [-118.47794, 34.06083], [-118.47796, 34.06095], [-118.47797, 34.06102], [-118.47798, 34.0611], [-118.47799, 34.06114], [-118.47799, 34.06117], [-118.47801, 34.06123], [-118.47802, 34.06127], [-118.47804, 34.06137], [-118.47802, 34.06155], [-118.478, 34.0617], [-118.478, 34.06175], [-118.478, 34.06179], [-118.47801, 34.06184], [-118.47801, 34.0619], [-118.47801, 34.06195], [-118.47801, 34.06199], [-118.47802, 34.06211], [-118.47802, 34.0622], [-118.47802, 34.06225], [-118.47809, 34.06225], [-118.47815, 34.0624], [-118.47811, 34.0624], [-118.47804, 34.0624], [-118.47804, 34.06244], [-118.47803, 34.06247], [-118.47804, 34.06253], [-118.47804, 34.06266], [-118.47805, 34.06275], [-118.47805, 34.06287], [-118.47811, 34.06289], [-118.47822, 34.06293], [-118.47822, 34.06301], [-118.47817, 34.06302], [-118.47811, 34.06302], [-118.47807, 34.06302], [-118.47806, 34.06308], [-118.47806, 34.06311], [-118.47806, 34.06315], [-118.47806, 34.0632], [-118.47807, 34.06335], [-118.47813, 34.06335], [-118.4782, 34.06335], [-118.47827, 34.06334], [-118.47827, 34.06342], [-118.47827, 34.06345], [-118.47827, 34.06349], [-118.47828, 34.06357], [-118.47819, 34.06357], [-118.47808, 34.06357], [-118.47808, 34.06362], [-118.47808, 34.06367], [-118.47809, 34.06376], [-118.47809, 34.06385], [-118.47822, 34.06384], [-118.47826, 34.06384], [-118.47837, 34.06384], [-118.47841, 34.06384], [-118.47846, 34.06384], [-118.47859, 34.06403], [-118.47875, 34.06429], [-118.47876, 34.06438], [-118.47878, 34.06455], [-118.47879, 34.06462], [-118.47875, 34.06471], [-118.47873, 34.06479], [-118.47871, 34.06484], [-118.47863, 34.06506], [-118.47865, 34.06514], [-118.47865, 34.06518], [-118.47867, 34.06526], [-118.47867, 34.0653], [-118.47869, 34.06537], [-118.4785, 34.06577], [-118.47846, 34.06585], [-118.47845, 34.06595], [-118.47844, 34.0661], [-118.47838, 34.06628], [-118.47834, 34.06643], [-118.47831, 34.06647], [-118.47826, 34.06653], [-118.47824, 34.06656], [-118.47822, 34.06659], [-118.47817, 34.06666], [-118.47813, 34.06671], [-118.47809, 34.06684], [-118.47804, 34.06697], [-118.47798, 34.0671], [-118.47797, 34.06713], [-118.47795, 34.06718], [-118.47793, 34.06721], [-118.47791, 34.06725], [-118.4779, 34.06728], [-118.47788, 34.06732], [-118.47788, 34.06738], [-118.47788, 34.06742], [-118.47767, 34.06756], [-118.47764, 34.0676], [-118.47762, 34.06764], [-118.4776, 34.06767], [-118.47753, 34.06764], [-118.47751, 34.06767], [-118.47748, 34.06773], [-118.47739, 34.06792], [-118.47725, 34.0682], [-118.47721, 34.06829], [-118.47719, 34.06833], [-118.47711, 34.06848], [-118.47712, 34.06853], [-118.47713, 34.06856], [-118.47703, 34.06869], [-118.477, 34.06872], [-118.47698, 34.06876], [-118.47686, 34.069], [-118.47692, 34.06923], [-118.47693, 34.06926], [-118.47695, 34.06933], [-118.47699, 34.06934], [-118.47705, 34.06934], [-118.47715, 34.06934], [-118.47718, 34.06949], [-118.47719, 34.06953], [-118.47726, 34.06965], [-118.47721, 34.06966], [-118.47732, 34.0698], [-118.47738, 34.06987], [-118.4774, 34.06989], [-118.47747, 34.06998], [-118.47753, 34.07004], [-118.47749, 34.07007], [-118.47753, 34.07012], [-118.47766, 34.07027], [-118.47721, 34.07047], [-118.47721, 34.07071], [-118.47751, 34.07093], [-118.4777, 34.0709], [-118.47774, 34.07091], [-118.47777, 34.07092], [-118.47791, 34.07096], [-118.47784, 34.07137], [-118.47787, 34.07176], [-118.47807, 34.07194], [-118.47817, 34.07203], [-118.47827, 34.07212], [-118.47845, 34.07229], [-118.47848, 34.07231], [-118.47853, 34.07236], [-118.47856, 34.07238], [-118.47858, 34.07241], [-118.47862, 34.07244], [-118.47864, 34.07246], [-118.47871, 34.07246], [-118.47878, 34.07246], [-118.47882, 34.07246], [-118.47888, 34.07246], [-118.47937, 34.07245], [-118.47943, 34.07252], [-118.47947, 34.07258], [-118.47955, 34.07269], [-118.47967, 34.07286], [-118.4797, 34.07289], [-118.47978, 34.07301], [-118.47985, 34.07311], [-118.48006, 34.07317], [-118.48018, 34.07321], [-118.48023, 34.07323], [-118.48026, 34.07324], [-118.48042, 34.07344], [-118.48067, 34.07355], [-118.4807, 34.07356], [-118.48082, 34.07362], [-118.48089, 34.07359], [-118.48096, 34.07357], [-118.48098, 34.07356], [-118.48127, 34.07344], [-118.4813, 34.07343], [-118.48133, 34.07342], [-118.48143, 34.07338], [-118.48145, 34.0734], [-118.48153, 34.07346], [-118.48168, 34.07359], [-118.48185, 34.07373], [-118.48188, 34.07376], [-118.48191, 34.07386], [-118.48193, 34.07393], [-118.48195, 34.07402], [-118.48197, 34.07409], [-118.48202, 34.07427], [-118.48206, 34.07444], [-118.48208, 34.07448], [-118.48212, 34.07463], [-118.48217, 34.07481], [-118.48218, 34.07488], [-118.48219, 34.07491], [-118.48221, 34.07498], [-118.48226, 34.07515], [-118.4823, 34.07532], [-118.48231, 34.07535], [-118.48236, 34.07553], [-118.48239, 34.07565], [-118.48243, 34.07578], [-118.48244, 34.07585], [-118.48248, 34.07599], [-118.48249, 34.07602], [-118.4825, 34.07606], [-118.48251, 34.0761], [-118.48255, 34.07624], [-118.48256, 34.07627], [-118.48257, 34.07632], [-118.48261, 34.07645], [-118.48262, 34.0765], [-118.48273, 34.0769], [-118.48275, 34.07698], [-118.48278, 34.0771], [-118.48282, 34.07722], [-118.48283, 34.07727], [-118.48288, 34.07747], [-118.48291, 34.07757], [-118.48294, 34.07768], [-118.48297, 34.07777], [-118.48298, 34.07781], [-118.48299, 34.07787], [-118.48301, 34.07792], [-118.48304, 34.07805], [-118.48309, 34.07823], [-118.48314, 34.07841], [-118.48316, 34.07851], [-118.48322, 34.07874], [-118.48334, 34.07872], [-118.48337, 34.07871], [-118.48363, 34.07867], [-118.48374, 34.07865], [-118.48384, 34.07863], [-118.48396, 34.07875], [-118.48415, 34.07889], [-118.48449, 34.079], [-118.48394, 34.07908], [-118.48386, 34.07916], [-118.48402, 34.07927], [-118.48395, 34.07935], [-118.48355, 34.07978], [-118.48323, 34.07985], [-118.48327, 34.07995], [-118.48328, 34.07998], [-118.48328, 34.08001], [-118.48329, 34.08004], [-118.48329, 34.08007], [-118.48328, 34.08011], [-118.48328, 34.08014], [-118.48327, 34.08017], [-118.48325, 34.0802], [-118.48324, 34.08022], [-118.48322, 34.08025], [-118.48319, 34.08028], [-118.48317, 34.0803], [-118.48314, 34.08032], [-118.48299, 34.08042], [-118.48296, 34.08044], [-118.48293, 34.08047], [-118.48291, 34.08049], [-118.48289, 34.08052], [-118.48287, 34.08055], [-118.48286, 34.08058], [-118.48285, 34.08061], [-118.48285, 34.08064], [-118.48285, 34.08067], [-118.48285, 34.0807], [-118.48286, 34.08073], [-118.48287, 34.08076], [-118.48288, 34.08079], [-118.4829, 34.08082], [-118.48292, 34.08085], [-118.48368, 34.08054], [-118.48373, 34.0807], [-118.4839, 34.0812], [-118.48417, 34.0812], [-118.48464, 34.0815], [-118.48404, 34.08202], [-118.48405, 34.08228], [-118.48423, 34.0824], [-118.48428, 34.08244], [-118.4844, 34.08256], [-118.48457, 34.08271], [-118.48474, 34.08287], [-118.48495, 34.08306], [-118.48514, 34.08316], [-118.48524, 34.08321], [-118.48543, 34.08358], [-118.48546, 34.08364], [-118.48584, 34.08367], [-118.48641, 34.08379], [-118.48642, 34.08387], [-118.48643, 34.08403], [-118.48608, 34.08433], [-118.48617, 34.08464], [-118.48628, 34.08499], [-118.48633, 34.08517], [-118.48714, 34.08561], [-118.48652, 34.08597], [-118.48664, 34.08622], [-118.48688, 34.08673], [-118.48695, 34.08689], [-118.48706, 34.0871], [-118.48708, 34.08715], [-118.48619, 34.08739], [-118.48574, 34.08751], [-118.4857, 34.08751], [-118.48557, 34.08755], [-118.48555, 34.08752], [-118.48553, 34.08748], [-118.48551, 34.08744], [-118.48549, 34.0874], [-118.48547, 34.08736], [-118.48545, 34.08732], [-118.48341, 34.08807], [-118.48261, 34.08845], [-118.482, 34.08793], [-118.48175, 34.08711], [-118.48143, 34.08674], [-118.48123, 34.08651], [-118.48105, 34.08674], [-118.48056, 34.08736], [-118.47898, 34.08813], [-118.47835, 34.08821], [-118.47756, 34.08814], [-118.4776, 34.08844], [-118.4768, 34.08915], [-118.47629, 34.08919], [-118.47582, 34.08923], [-118.47582, 34.08919], [-118.47575, 34.08922], [-118.47527, 34.08923], [-118.4752, 34.08867], [-118.47519, 34.0886], [-118.47517, 34.0885], [-118.47513, 34.08822], [-118.47482, 34.08602], [-118.47467, 34.08495], [-118.47467, 34.08491], [-118.47465, 34.08479], [-118.4746, 34.0844], [-118.47457, 34.08426], [-118.47454, 34.08411], [-118.47449, 34.0839], [-118.47446, 34.08373], [-118.47442, 34.0836], [-118.47437, 34.0834], [-118.47428, 34.08313], [-118.47416, 34.08277], [-118.47403, 34.08246], [-118.47388, 34.08215], [-118.47377, 34.08191], [-118.47363, 34.08166], [-118.4735, 34.08142], [-118.47335, 34.08119], [-118.47329, 34.0811], [-118.47326, 34.08105], [-118.4732, 34.08096], [-118.47304, 34.08074], [-118.4728, 34.08041], [-118.47261, 34.08019], [-118.47246, 34.08001], [-118.47208, 34.07961], [-118.47205, 34.07958], [-118.47093, 34.07843], [-118.47064, 34.07813], [-118.47036, 34.07782], [-118.47, 34.07739], [-118.46963, 34.07692], [-118.46921, 34.07637], [-118.46876, 34.07578], [-118.46871, 34.07572], [-118.46868, 34.07568], [-118.46851, 34.07546], [-118.46734, 34.07394], [-118.46684, 34.0733], [-118.46647, 34.07288], [-118.4666, 34.07281], [-118.46671, 34.07275], [-118.46687, 34.07267], [-118.46694, 34.07263], [-118.46702, 34.07259], [-118.46706, 34.07257], [-118.46712, 34.07254], [-118.4674, 34.0724], [-118.46762, 34.07232], [-118.46774, 34.07226], [-118.46796, 34.07215], [-118.46811, 34.07206], [-118.4682, 34.07199], [-118.46829, 34.07191], [-118.46836, 34.07183], [-118.46848, 34.07168], [-118.46895, 34.07102], [-118.46907, 34.07085], [-118.46912, 34.07076], [-118.46917, 34.0707], [-118.4693, 34.07052], [-118.46934, 34.07044], [-118.46936, 34.07042], [-118.46941, 34.07035], [-118.46944, 34.07028], [-118.46952, 34.07011], [-118.46959, 34.06991], [-118.46963, 34.06982], [-118.46965, 34.06973], [-118.4697, 34.06953], [-118.4699, 34.06886], [-118.46997, 34.06863], [-118.47037, 34.06726], [-118.47039, 34.06714], [-118.47041, 34.06702], [-118.47042, 34.06688], [-118.47042, 34.06674], [-118.4704, 34.06662], [-118.47037, 34.06645], [-118.47034, 34.06635], [-118.47029, 34.06613], [-118.4702, 34.0658], [-118.47017, 34.06561], [-118.47017, 34.06549], [-118.47017, 34.06542], [-118.47018, 34.06536], [-118.4702, 34.06527]]]}}, {"type": "Feature", "properties": {"zone_id": "LOS-Q0780", "zone_status": "Evacuation Order", "zone_status_reason": "An evacuation ORDER has been issued for these zones. LEAVE NOW. More information: lafd.org/alerts. ", "county_abbr": "XLA", "north_of": "North Kenter Avenue, Greenock Lane", "east_of": "Access Road for Power Lines", "south_of": "North Kenter Avenue, Sky Lane, Travis Street, North Tigertail Road", "west_of": "Greenock Lane, Travis Street", "acreage": 467, "est_population": 1854, "city_abbr": "LOS", "zone_sequence": "Q0780", "zone_approval_status": "Published", "last_updated": 1736535919000, "url": "https://protect.genasys.com/zones/US-CA-XLA-LOS-Q0780", "County_Name": "Los Angeles", "Data_Source_Name": "Zonehaven", "Original_Source_URL": "https://protect.genasys.com/zones/US-CA-XLA-LOS-Q0780"}, "geometry": {"type": "Polygon", "coordinates": [[[-118.47711, 34.0594], [-118.47766, 34.05893], [-118.47783, 34.05878], [-118.47793, 34.0587], [-118.47803, 34.05863], [-118.47814, 34.05857], [-118.47825, 34.05851], [-118.47852, 34.05884], [-118.47866, 34.059], [-118.47896, 34.05939], [-118.47978, 34.06043], [-118.47991, 34.06046], [-118.48006, 34.06038], [-118.48037, 34.06054], [-118.4805, 34.0606], [-118.48065, 34.06068], [-118.48069, 34.06071], [-118.48083, 34.06085], [-118.48096, 34.06099], [-118.48105, 34.06109], [-118.48109, 34.06113], [-118.48122, 34.06127], [-118.48127, 34.06133], [-118.48141, 34.06149], [-118.48145, 34.06153], [-118.48152, 34.06165], [-118.48158, 34.06174], [-118.48162, 34.06181], [-118.48171, 34.06194], [-118.4818, 34.06213], [-118.48182, 34.06217], [-118.48188, 34.0623], [-118.48193, 34.06241], [-118.48196, 34.06246], [-118.48204, 34.06263], [-118.48205, 34.06266], [-118.4821, 34.06276], [-118.48217, 34.06291], [-118.4822, 34.06297], [-118.48227, 34.06306], [-118.48238, 34.06323], [-118.48247, 34.06336], [-118.4826, 34.06351], [-118.48271, 34.06364], [-118.48283, 34.06378], [-118.48295, 34.06391], [-118.48308, 34.06403], [-118.4832, 34.06414], [-118.48331, 34.06425], [-118.48343, 34.06436], [-118.48357, 34.06447], [-118.48371, 34.06459], [-118.48386, 34.0647], [-118.484, 34.06481], [-118.48414, 34.06493], [-118.4843, 34.06505], [-118.48435, 34.0651], [-118.4845, 34.06524], [-118.4846, 34.06538], [-118.48466, 34.06545], [-118.48469, 34.06553], [-118.48477, 34.06569], [-118.48484, 34.06585], [-118.48493, 34.06604], [-118.48503, 34.06616], [-118.48512, 34.06624], [-118.48519, 34.0663], [-118.48536, 34.06644], [-118.4854, 34.06648], [-118.48552, 34.06658], [-118.48563, 34.06667], [-118.48568, 34.06672], [-118.48584, 34.06686], [-118.486, 34.06699], [-118.48608, 34.06706], [-118.48616, 34.06713], [-118.48626, 34.06722], [-118.48632, 34.06727], [-118.48648, 34.06741], [-118.48641, 34.06745], [-118.48654, 34.06758], [-118.48661, 34.06767], [-118.48666, 34.06772], [-118.48679, 34.06785], [-118.48682, 34.06788], [-118.48692, 34.06799], [-118.48703, 34.0681], [-118.48706, 34.06812], [-118.48721, 34.06823], [-118.48728, 34.06828], [-118.48737, 34.06834], [-118.48756, 34.06849], [-118.48765, 34.06858], [-118.48773, 34.06868], [-118.4879, 34.06886], [-118.48813, 34.06912], [-118.48821, 34.06927], [-118.48824, 34.06926], [-118.48828, 34.06926], [-118.48831, 34.06925], [-118.48835, 34.06925], [-118.48839, 34.06924], [-118.48843, 34.06922], [-118.48847, 34.06919], [-118.4885, 34.06917], [-118.48853, 34.06913], [-118.48856, 34.0691], [-118.48858, 34.06908], [-118.48869, 34.06909], [-118.48889, 34.06937], [-118.48912, 34.06982], [-118.48921, 34.06999], [-118.48934, 34.07024], [-118.48967, 34.07089], [-118.48973, 34.07104], [-118.48976, 34.0724], [-118.48976, 34.07252], [-118.48986, 34.07264], [-118.48999, 34.0728], [-118.49006, 34.07288], [-118.49008, 34.07283], [-118.49011, 34.07279], [-118.49013, 34.07274], [-118.49015, 34.0727], [-118.49017, 34.07265], [-118.49018, 34.0726], [-118.49019, 34.07255], [-118.4903, 34.07269], [-118.49055, 34.073], [-118.49074, 34.07323], [-118.49093, 34.07328], [-118.49119, 34.07336], [-118.4914, 34.07342], [-118.49145, 34.07343], [-118.49173, 34.07351], [-118.49183, 34.07358], [-118.49206, 34.07375], [-118.49223, 34.07388], [-118.49226, 34.0739], [-118.4923, 34.07394], [-118.49239, 34.0741], [-118.49248, 34.07426], [-118.4925, 34.0743], [-118.49255, 34.07439], [-118.49261, 34.0745], [-118.49269, 34.07464], [-118.49271, 34.07469], [-118.4928, 34.07485], [-118.49293, 34.07508], [-118.4932, 34.0753], [-118.49325, 34.07556], [-118.4933, 34.07579], [-118.49314, 34.07581], [-118.49306, 34.07587], [-118.49321, 34.07603], [-118.49324, 34.07605], [-118.49298, 34.07627], [-118.49281, 34.07638], [-118.4925, 34.07659], [-118.49255, 34.0767], [-118.49224, 34.07675], [-118.49258, 34.07715], [-118.49225, 34.07723], [-118.49329, 34.07848], [-118.4944, 34.0798], [-118.49442, 34.07991], [-118.49448, 34.08015], [-118.49458, 34.08054], [-118.4946, 34.08062], [-118.49468, 34.08097], [-118.49473, 34.08117], [-118.49483, 34.08158], [-118.49458, 34.0817], [-118.49448, 34.08175], [-118.49414, 34.08192], [-118.49403, 34.08177], [-118.49367, 34.08195], [-118.49367, 34.08234], [-118.49304, 34.08234], [-118.49304, 34.08222], [-118.4924, 34.08206], [-118.49162, 34.08188], [-118.49141, 34.0801], [-118.49109, 34.07994], [-118.49074, 34.07947], [-118.4904, 34.07901], [-118.49003, 34.07866], [-118.49003, 34.07849], [-118.49003, 34.07843], [-118.48986, 34.07829], [-118.48955, 34.07835], [-118.48948, 34.07839], [-118.48939, 34.07848], [-118.48941, 34.07851], [-118.48944, 34.07854], [-118.48946, 34.07856], [-118.48948, 34.07859], [-118.48951, 34.07861], [-118.48954, 34.07864], [-118.48957, 34.07866], [-118.4896, 34.07869], [-118.48963, 34.07871], [-118.48967, 34.07892], [-118.4897, 34.07905], [-118.48952, 34.07908], [-118.48878, 34.07867], [-118.4894, 34.08007], [-118.48929, 34.08084], [-118.4889, 34.08087], [-118.48882, 34.08127], [-118.48882, 34.08154], [-118.48882, 34.08173], [-118.48882, 34.08186], [-118.48882, 34.08194], [-118.48882, 34.08218], [-118.48926, 34.08232], [-118.4895, 34.08239], [-118.48963, 34.08285], [-118.48921, 34.08319], [-118.48896, 34.08339], [-118.48864, 34.08368], [-118.48838, 34.08347], [-118.48831, 34.08326], [-118.48834, 34.08321], [-118.4882, 34.08316], [-118.48802, 34.08326], [-118.48837, 34.08375], [-118.48772, 34.08391], [-118.48757, 34.0837], [-118.48753, 34.08379], [-118.48705, 34.08368], [-118.48705, 34.08363], [-118.48703, 34.08327], [-118.48701, 34.08282], [-118.48647, 34.08289], [-118.48634, 34.0829], [-118.48606, 34.08285], [-118.48601, 34.08285], [-118.48578, 34.08254], [-118.48522, 34.08267], [-118.48514, 34.08245], [-118.4851, 34.08231], [-118.48514, 34.08223], [-118.48543, 34.08176], [-118.48514, 34.08161], [-118.48485, 34.08145], [-118.48513, 34.08124], [-118.4851, 34.08122], [-118.48506, 34.08119], [-118.48502, 34.08116], [-118.48498, 34.08113], [-118.48507, 34.08107], [-118.48504, 34.08104], [-118.48501, 34.08101], [-118.48498, 34.08099], [-118.48495, 34.08095], [-118.48493, 34.08092], [-118.4849, 34.08089], [-118.48494, 34.08073], [-118.48514, 34.08055], [-118.48523, 34.08047], [-118.48524, 34.08052], [-118.4853, 34.08051], [-118.48549, 34.08053], [-118.48551, 34.08012], [-118.4858, 34.08015], [-118.48608, 34.0803], [-118.48659, 34.08035], [-118.48703, 34.0803], [-118.48697, 34.08024], [-118.48677, 34.08003], [-118.48653, 34.07978], [-118.48632, 34.07956], [-118.48601, 34.07924], [-118.48547, 34.07868], [-118.48532, 34.07853], [-118.48532, 34.07849], [-118.48528, 34.07784], [-118.48514, 34.07788], [-118.48493, 34.07793], [-118.48438, 34.07781], [-118.48439, 34.07789], [-118.48443, 34.07822], [-118.48446, 34.07849], [-118.4841, 34.07858], [-118.48384, 34.07863], [-118.48374, 34.07865], [-118.48363, 34.07867], [-118.48337, 34.07871], [-118.48334, 34.07872], [-118.48322, 34.07874], [-118.48316, 34.07851], [-118.48314, 34.07841], [-118.48309, 34.07823], [-118.48304, 34.07805], [-118.48301, 34.07792], [-118.48299, 34.07787], [-118.48298, 34.07781], [-118.48297, 34.07777], [-118.48294, 34.07768], [-118.48291, 34.07757], [-118.48288, 34.07747], [-118.48283, 34.07727], [-118.48282, 34.07722], [-118.48278, 34.0771], [-118.48275, 34.07698], [-118.48273, 34.0769], [-118.48262, 34.0765], [-118.48261, 34.07645], [-118.48257, 34.07632], [-118.48256, 34.07627], [-118.48255, 34.07624], [-118.48251, 34.0761], [-118.4825, 34.07606], [-118.48249, 34.07602], [-118.48248, 34.07599], [-118.48244, 34.07585], [-118.48243, 34.07578], [-118.48239, 34.07565], [-118.48236, 34.07553], [-118.48231, 34.07535], [-118.4823, 34.07532], [-118.48226, 34.07515], [-118.48221, 34.07498], [-118.48219, 34.07491], [-118.48218, 34.07488], [-118.48217, 34.07481], [-118.48212, 34.07463], [-118.48208, 34.07448], [-118.48206, 34.07444], [-118.48202, 34.07427], [-118.48197, 34.07409], [-118.48195, 34.07402], [-118.48193, 34.07393], [-118.48191, 34.07386], [-118.48188, 34.07376], [-118.48185, 34.07373], [-118.48168, 34.07359], [-118.48153, 34.07346], [-118.48145, 34.0734], [-118.48143, 34.07338], [-118.48133, 34.07342], [-118.4813, 34.07343], [-118.48127, 34.07344], [-118.48098, 34.07356], [-118.48096, 34.07357], [-118.48089, 34.07359], [-118.48082, 34.07362], [-118.4807, 34.07356], [-118.48067, 34.07355], [-118.48042, 34.07344], [-118.48026, 34.07324], [-118.48023, 34.07323], [-118.48018, 34.07321], [-118.48006, 34.07317], [-118.47985, 34.07311], [-118.47978, 34.07301], [-118.4797, 34.07289], [-118.47967, 34.07286], [-118.47955, 34.07269], [-118.47947, 34.07258], [-118.47943, 34.07252], [-118.47937, 34.07245], [-118.47888, 34.07246], [-118.47882, 34.07246], [-118.47878, 34.07246], [-118.47871, 34.07246], [-118.47864, 34.07246], [-118.47862, 34.07244], [-118.47858, 34.07241], [-118.47856, 34.07238], [-118.47853, 34.07236], [-118.47848, 34.07231], [-118.47845, 34.07229], [-118.47827, 34.07212], [-118.47817, 34.07203], [-118.47807, 34.07194], [-118.47787, 34.07176], [-118.47784, 34.07137], [-118.47791, 34.07096], [-118.47777, 34.07092], [-118.47774, 34.07091], [-118.4777, 34.0709], [-118.47751, 34.07093], [-118.47721, 34.07071], [-118.47721, 34.07047], [-118.47766, 34.07027], [-118.47753, 34.07012], [-118.47749, 34.07007], [-118.47753, 34.07004], [-118.47747, 34.06998], [-118.4774, 34.06989], [-118.47738, 34.06987], [-118.47732, 34.0698], [-118.47721, 34.06966], [-118.47726, 34.06965], [-118.47719, 34.06953], [-118.47718, 34.06949], [-118.47715, 34.06934], [-118.47705, 34.06934], [-118.47699, 34.06934], [-118.47695, 34.06933], [-118.47693, 34.06926], [-118.47692, 34.06923], [-118.47686, 34.069], [-118.47698, 34.06876], [-118.477, 34.06872], [-118.47703, 34.06869], [-118.47713, 34.06856], [-118.47712, 34.06853], [-118.47711, 34.06848], [-118.47719, 34.06833], [-118.47721, 34.06829], [-118.47725, 34.0682], [-118.47739, 34.06792], [-118.47748, 34.06773], [-118.47751, 34.06767], [-118.47753, 34.06764], [-118.4776, 34.06767], [-118.47762, 34.06764], [-118.47764, 34.0676], [-118.47767, 34.06756], [-118.47788, 34.06742], [-118.47788, 34.06738], [-118.47788, 34.06732], [-118.4779, 34.06728], [-118.47791, 34.06725], [-118.47793, 34.06721], [-118.47795, 34.06718], [-118.47797, 34.06713], [-118.47798, 34.0671], [-118.47804, 34.06697], [-118.47809, 34.06684], [-118.47813, 34.06671], [-118.47817, 34.06666], [-118.47822, 34.06659], [-118.47824, 34.06656], [-118.47826, 34.06653], [-118.47831, 34.06647], [-118.47834, 34.06643], [-118.47838, 34.06628], [-118.47844, 34.0661], [-118.47845, 34.06595], [-118.47846, 34.06585], [-118.4785, 34.06577], [-118.47869, 34.06537], [-118.47867, 34.0653], [-118.47867, 34.06526], [-118.47865, 34.06518], [-118.47865, 34.06514], [-118.47863, 34.06506], [-118.47871, 34.06484], [-118.47873, 34.06479], [-118.47875, 34.06471], [-118.47879, 34.06462], [-118.47878, 34.06455], [-118.47876, 34.06438], [-118.47875, 34.06429], [-118.47859, 34.06403], [-118.47846, 34.06384], [-118.47841, 34.06384], [-118.47837, 34.06384], [-118.47826, 34.06384], [-118.47822, 34.06384], [-118.47809, 34.06385], [-118.47809, 34.06376], [-118.47808, 34.06367], [-118.47808, 34.06362], [-118.47808, 34.06357], [-118.47819, 34.06357], [-118.47828, 34.06357], [-118.47827, 34.06349], [-118.47827, 34.06345], [-118.47827, 34.06342], [-118.47827, 34.06334], [-118.4782, 34.06335], [-118.47813, 34.06335], [-118.47807, 34.06335], [-118.47806, 34.0632], [-118.47806, 34.06315], [-118.47806, 34.06311], [-118.47806, 34.06308], [-118.47807, 34.06302], [-118.47811, 34.06302], [-118.47817, 34.06302], [-118.47822, 34.06301], [-118.47822, 34.06293], [-118.47811, 34.06289], [-118.47805, 34.06287], [-118.47805, 34.06275], [-118.47804, 34.06266], [-118.47804, 34.06253], [-118.47803, 34.06247], [-118.47804, 34.06244], [-118.47804, 34.0624], [-118.47811, 34.0624], [-118.47815, 34.0624], [-118.47809, 34.06225], [-118.47802, 34.06225], [-118.47802, 34.0622], [-118.47802, 34.06211], [-118.47801, 34.06199], [-118.47801, 34.06195], [-118.47801, 34.0619], [-118.47801, 34.06184], [-118.478, 34.06179], [-118.478, 34.06175], [-118.478, 34.0617], [-118.47802, 34.06155], [-118.47804, 34.06137], [-118.47802, 34.06127], [-118.47801, 34.06123], [-118.47799, 34.06117], [-118.47799, 34.06114], [-118.47798, 34.0611], [-118.47797, 34.06102], [-118.47796, 34.06095], [-118.47794, 34.06083], [-118.47792, 34.0607], [-118.47789, 34.06054], [-118.47789, 34.06051], [-118.47787, 34.06042], [-118.47785, 34.0603], [-118.47784, 34.0602], [-118.47783, 34.06016], [-118.47782, 34.0601], [-118.47781, 34.06002], [-118.4778, 34.05998], [-118.47779, 34.05993], [-118.47779, 34.05989], [-118.47777, 34.05979], [-118.47775, 34.05975], [-118.4776, 34.05977], [-118.47751, 34.05978], [-118.47738, 34.0598], [-118.47718, 34.05982], [-118.47715, 34.05967], [-118.47711, 34.0594]]]}}, {"type": "Feature", "properties": {"zone_id": "LOS-Q0781-A", "zone_status": "Evacuation Order", "zone_status_reason": "An evacuation ORDER has been issued for these zones. LEAVE NOW. More information: lafd.org/alerts. ", "county_abbr": "XLA", "north_of": "Promontory Rd, Mount Saint Marys Fire Rd", "east_of": "Canyonback Rd", "south_of": "Canyonback Rd, Mission Dump Rd", "west_of": "I-405 N", "acreage": 557, "est_population": 1233, "city_abbr": "LOS", "zone_sequence": "Q0781-A", "zone_approval_status": "Published", "last_updated": 1736535919000, "url": "https://protect.genasys.com/zones/US-CA-XLA-LOS-Q0781-A", "County_Name": "Los Angeles", "Data_Source_Name": "Zonehaven", "Original_Source_URL": "https://protect.genasys.com/zones/US-CA-XLA-LOS-Q0781-A"}, "geometry": {"type": "Polygon", "coordinates": [[[-118.47719, 34.10324], [-118.4778, 34.10323], [-118.47846, 34.10324], [-118.47912, 34.10326], [-118.47916, 34.10323], [-118.47983, 34.10275], [-118.47951, 34.10245], [-118.47989, 34.10209], [-118.4798, 34.10155], [-118.48181, 34.10116], [-118.48284, 34.09998], [-118.48299, 34.1], [-118.48363, 34.10008], [-118.48478, 34.10008], [-118.48518, 34.10002], [-118.48646, 34.09982], [-118.48646, 34.10047], [-118.48813, 34.10047], [-118.48846, 34.10047], [-118.48857, 34.10047], [-118.48914, 34.10047], [-118.4891, 34.09948], [-118.48736, 34.09714], [-118.48793, 34.09576], [-118.48783, 34.09466], [-118.48631, 34.09467], [-118.48554, 34.09368], [-118.48899, 34.09297], [-118.48904, 34.09315], [-118.48908, 34.09333], [-118.4891, 34.09339], [-118.48939, 34.09435], [-118.48946, 34.09459], [-118.48948, 34.09465], [-118.48947, 34.09471], [-118.48947, 34.09477], [-118.48946, 34.09482], [-118.48946, 34.09487], [-118.48945, 34.0949], [-118.48945, 34.09493], [-118.48946, 34.09497], [-118.48947, 34.09502], [-118.48949, 34.09512], [-118.48954, 34.09532], [-118.48955, 34.09537], [-118.48957, 34.09548], [-118.4896, 34.09567], [-118.48952, 34.09656], [-118.48952, 34.0968], [-118.48951, 34.09703], [-118.48953, 34.09708], [-118.48958, 34.0972], [-118.48969, 34.09751], [-118.4909, 34.09897], [-118.49139, 34.09956], [-118.49143, 34.09961], [-118.49168, 34.09948], [-118.49219, 34.09922], [-118.49223, 34.0992], [-118.49242, 34.0991], [-118.49249, 34.09907], [-118.49258, 34.09903], [-118.49264, 34.09899], [-118.49272, 34.09895], [-118.49303, 34.09879], [-118.49359, 34.09851], [-118.49343, 34.10312], [-118.49407, 34.10403], [-118.49421, 34.10423], [-118.49434, 34.1044], [-118.49391, 34.10485], [-118.49483, 34.10746], [-118.49493, 34.11118], [-118.49478, 34.11118], [-118.49468, 34.11118], [-118.49367, 34.11118], [-118.49319, 34.11118], [-118.49329, 34.11129], [-118.49286, 34.11146], [-118.49208, 34.11176], [-118.49233, 34.11256], [-118.49273, 34.11269], [-118.49241, 34.11285], [-118.49189, 34.1128], [-118.49169, 34.11264], [-118.49141, 34.11286], [-118.49132, 34.11316], [-118.4918, 34.11353], [-118.49139, 34.11368], [-118.49138, 34.11401], [-118.48961, 34.11329], [-118.48947, 34.11301], [-118.48896, 34.11314], [-118.48866, 34.11286], [-118.48819, 34.11317], [-118.48799, 34.11381], [-118.48824, 34.11418], [-118.48853, 34.11425], [-118.48887, 34.11464], [-118.48953, 34.11506], [-118.48943, 34.11523], [-118.48895, 34.11524], [-118.48874, 34.11564], [-118.48844, 34.11531], [-118.48791, 34.11531], [-118.48741, 34.11571], [-118.48791, 34.11631], [-118.48705, 34.11653], [-118.48719, 34.11693], [-118.48705, 34.11702], [-118.48642, 34.1167], [-118.48601, 34.11697], [-118.4854, 34.11661], [-118.48521, 34.11673], [-118.48501, 34.11685], [-118.48484, 34.11672], [-118.48474, 34.11665], [-118.48425, 34.11628], [-118.48301, 34.11584], [-118.48281, 34.11577], [-118.48272, 34.11574], [-118.48181, 34.11551], [-118.48187, 34.11468], [-118.48197, 34.11317], [-118.482, 34.11279], [-118.48201, 34.11255], [-118.48201, 34.11228], [-118.48199, 34.11203], [-118.48196, 34.11177], [-118.48191, 34.11152], [-118.48184, 34.11127], [-118.4818, 34.11115], [-118.48175, 34.11099], [-118.48167, 34.1108], [-118.48159, 34.11063], [-118.48155, 34.11053], [-118.48142, 34.11031], [-118.48135, 34.11018], [-118.48124, 34.11002], [-118.48109, 34.10982], [-118.48072, 34.10933], [-118.48036, 34.10883], [-118.47805, 34.1057], [-118.4779, 34.10548], [-118.47776, 34.10524], [-118.47764, 34.10501], [-118.47752, 34.10475], [-118.47742, 34.1045], [-118.47735, 34.10426], [-118.4773, 34.10408], [-118.47725, 34.10382], [-118.47721, 34.1036], [-118.47719, 34.10341], [-118.47719, 34.10324]]]}}, {"type": "Feature", "properties": {"zone_id": "LOS-Q0782-A", "zone_status": "Evacuation Order", "zone_status_reason": "An evacuation ORDER has been issued for these zones. LEAVE NOW. More information: lafd.org/alerts. ", "county_abbr": "XLA", "north_of": "N Tigertail Rd, Cloud Ln", "east_of": "N Kenter Ave", "south_of": "Mount Saint Marys Fire Rd, Canyonback Rd, Promontory Rd", "west_of": "I-405 N, Chalon Rd", "acreage": 809, "est_population": 29, "city_abbr": "LOS", "zone_sequence": "Q0782-A", "zone_approval_status": "Published", "last_updated": 1736535919000, "url": "https://protect.genasys.com/zones/US-CA-XLA-LOS-Q0782-A", "County_Name": "Los Angeles", "Data_Source_Name": "Zonehaven", "Original_Source_URL": "https://protect.genasys.com/zones/US-CA-XLA-LOS-Q0782-A"}, "geometry": {"type": "Polygon", "coordinates": [[[-118.47527, 34.08923], [-118.47575, 34.08922], [-118.47582, 34.08919], [-118.47582, 34.08923], [-118.47629, 34.08919], [-118.4768, 34.08915], [-118.4776, 34.08844], [-118.47756, 34.08814], [-118.47835, 34.08821], [-118.47898, 34.08813], [-118.48056, 34.08736], [-118.48105, 34.08674], [-118.48123, 34.08651], [-118.48143, 34.08674], [-118.48175, 34.08711], [-118.482, 34.08793], [-118.48261, 34.08845], [-118.48341, 34.08807], [-118.48545, 34.08732], [-118.48547, 34.08736], [-118.48549, 34.0874], [-118.48551, 34.08744], [-118.48553, 34.08748], [-118.48555, 34.08752], [-118.48557, 34.08755], [-118.4857, 34.08751], [-118.48574, 34.08751], [-118.48619, 34.08739], [-118.48708, 34.08715], [-118.48706, 34.0871], [-118.48695, 34.08689], [-118.48688, 34.08673], [-118.48664, 34.08622], [-118.48652, 34.08597], [-118.48714, 34.08561], [-118.48633, 34.08517], [-118.48628, 34.08499], [-118.48617, 34.08464], [-118.48608, 34.08433], [-118.48643, 34.08403], [-118.48642, 34.08387], [-118.48641, 34.08379], [-118.48584, 34.08367], [-118.48546, 34.08364], [-118.48543, 34.08358], [-118.48524, 34.08321], [-118.48514, 34.08316], [-118.48495, 34.08306], [-118.48474, 34.08287], [-118.48457, 34.08271], [-118.4844, 34.08256], [-118.48428, 34.08244], [-118.48423, 34.0824], [-118.48405, 34.08228], [-118.48404, 34.08202], [-118.48464, 34.0815], [-118.48417, 34.0812], [-118.4839, 34.0812], [-118.48373, 34.0807], [-118.48368, 34.08054], [-118.48292, 34.08085], [-118.4829, 34.08082], [-118.48288, 34.08079], [-118.48287, 34.08076], [-118.48286, 34.08073], [-118.48285, 34.0807], [-118.48285, 34.08067], [-118.48285, 34.08064], [-118.48285, 34.08061], [-118.48286, 34.08058], [-118.48287, 34.08055], [-118.48289, 34.08052], [-118.48291, 34.08049], [-118.48293, 34.08047], [-118.48296, 34.08044], [-118.48299, 34.08042], [-118.48314, 34.08032], [-118.48317, 34.0803], [-118.48319, 34.08028], [-118.48322, 34.08025], [-118.48324, 34.08022], [-118.48325, 34.0802], [-118.48327, 34.08017], [-118.48328, 34.08014], [-118.48328, 34.08011], [-118.48329, 34.08007], [-118.48329, 34.08004], [-118.48328, 34.08001], [-118.48328, 34.07998], [-118.48327, 34.07995], [-118.48323, 34.07985], [-118.48355, 34.07978], [-118.48395, 34.07935], [-118.48402, 34.07927], [-118.48386, 34.07916], [-118.48394, 34.07908], [-118.48449, 34.079], [-118.48415, 34.07889], [-118.48396, 34.07875], [-118.48384, 34.07863], [-118.4841, 34.07858], [-118.48446, 34.07849], [-118.48443, 34.07822], [-118.48439, 34.07789], [-118.48438, 34.07781], [-118.48493, 34.07793], [-118.48514, 34.07788], [-118.48528, 34.07784], [-118.48532, 34.07849], [-118.48532, 34.07853], [-118.48547, 34.07868], [-118.48601, 34.07924], [-118.48632, 34.07956], [-118.48653, 34.07978], [-118.48677, 34.08003], [-118.48697, 34.08024], [-118.48703, 34.0803], [-118.48659, 34.08035], [-118.48608, 34.0803], [-118.4858, 34.08015], [-118.48551, 34.08012], [-118.48549, 34.08053], [-118.4853, 34.08051], [-118.48524, 34.08052], [-118.48523, 34.08047], [-118.48514, 34.08055], [-118.48494, 34.08073], [-118.4849, 34.08089], [-118.48493, 34.08092], [-118.48495, 34.08095], [-118.48498, 34.08099], [-118.48501, 34.08101], [-118.48504, 34.08104], [-118.48507, 34.08107], [-118.48498, 34.08113], [-118.48502, 34.08116], [-118.48506, 34.08119], [-118.4851, 34.08122], [-118.48513, 34.08124], [-118.48485, 34.08145], [-118.48514, 34.08161], [-118.48543, 34.08176], [-118.48514, 34.08223], [-118.4851, 34.08231], [-118.48514, 34.08245], [-118.48522, 34.08267], [-118.48578, 34.08254], [-118.48601, 34.08285], [-118.48606, 34.08285], [-118.48634, 34.0829], [-118.48647, 34.08289], [-118.48701, 34.08282], [-118.48703, 34.08327], [-118.48705, 34.08363], [-118.48705, 34.08368], [-118.48753, 34.08379], [-118.48757, 34.0837], [-118.48772, 34.08391], [-118.48837, 34.08375], [-118.48802, 34.08326], [-118.4882, 34.08316], [-118.48834, 34.08321], [-118.48831, 34.08326], [-118.48838, 34.08347], [-118.48864, 34.08368], [-118.48896, 34.08339], [-118.48921, 34.08319], [-118.48963, 34.08285], [-118.4895, 34.08239], [-118.48926, 34.08232], [-118.48882, 34.08218], [-118.48882, 34.08194], [-118.48882, 34.08186], [-118.48882, 34.08173], [-118.48882, 34.08154], [-118.48882, 34.08127], [-118.4889, 34.08087], [-118.48929, 34.08084], [-118.4894, 34.08007], [-118.48878, 34.07867], [-118.48952, 34.07908], [-118.4897, 34.07905], [-118.48967, 34.07892], [-118.48963, 34.07871], [-118.4896, 34.07869], [-118.48957, 34.07866], [-118.48954, 34.07864], [-118.48951, 34.07861], [-118.48948, 34.07859], [-118.48946, 34.07856], [-118.48944, 34.07854], [-118.48941, 34.07851], [-118.48939, 34.07848], [-118.48948, 34.07839], [-118.48955, 34.07835], [-118.48986, 34.07829], [-118.49003, 34.07843], [-118.49003, 34.07849], [-118.49003, 34.07866], [-118.4904, 34.07901], [-118.49074, 34.07947], [-118.49109, 34.07994], [-118.49141, 34.0801], [-118.49162, 34.08188], [-118.4924, 34.08206], [-118.49304, 34.08222], [-118.49304, 34.08234], [-118.49367, 34.08234], [-118.49367, 34.08195], [-118.49403, 34.08177], [-118.49414, 34.08192], [-118.49446, 34.08176], [-118.49535, 34.08529], [-118.4972, 34.08778], [-118.49777, 34.09217], [-118.49828, 34.09407], [-118.49758, 34.09719], [-118.49567, 34.1], [-118.49414, 34.10412], [-118.49407, 34.10403], [-118.49343, 34.10312], [-118.49359, 34.09851], [-118.49303, 34.09879], [-118.49272, 34.09895], [-118.49264, 34.09899], [-118.49258, 34.09903], [-118.49249, 34.09907], [-118.49242, 34.0991], [-118.49223, 34.0992], [-118.49219, 34.09922], [-118.49168, 34.09948], [-118.49143, 34.09961], [-118.49139, 34.09956], [-118.4909, 34.09897], [-118.48969, 34.09751], [-118.48958, 34.0972], [-118.48953, 34.09708], [-118.48951, 34.09703], [-118.48952, 34.0968], [-118.48952, 34.09656], [-118.4896, 34.09567], [-118.48957, 34.09548], [-118.48955, 34.09537], [-118.48954, 34.09532], [-118.48949, 34.09512], [-118.48947, 34.09502], [-118.48946, 34.09497], [-118.48945, 34.09493], [-118.48945, 34.0949], [-118.48946, 34.09487], [-118.48946, 34.09482], [-118.48947, 34.09477], [-118.48947, 34.09471], [-118.48948, 34.09465], [-118.48946, 34.09459], [-118.48939, 34.09435], [-118.4891, 34.09339], [-118.48908, 34.09333], [-118.48904, 34.09315], [-118.48899, 34.09297], [-118.48554, 34.09368], [-118.48631, 34.09467], [-118.48783, 34.09466], [-118.48793, 34.09576], [-118.48736, 34.09714], [-118.4891, 34.09948], [-118.48914, 34.10047], [-118.48857, 34.10047], [-118.48846, 34.10047], [-118.48813, 34.10047], [-118.48646, 34.10047], [-118.48646, 34.09982], [-118.48518, 34.10002], [-118.48478, 34.10008], [-118.48363, 34.10008], [-118.48299, 34.1], [-118.48284, 34.09998], [-118.48181, 34.10116], [-118.4798, 34.10155], [-118.47989, 34.10209], [-118.47951, 34.10245], [-118.47983, 34.10275], [-118.47916, 34.10323], [-118.47912, 34.10326], [-118.47846, 34.10324], [-118.4778, 34.10323], [-118.47719, 34.10324], [-118.47719, 34.10304], [-118.4772, 34.10278], [-118.47723, 34.10251], [-118.47725, 34.10233], [-118.47729, 34.10217], [-118.47732, 34.10202], [-118.4774, 34.10176], [-118.47746, 34.10157], [-118.47772, 34.10071], [-118.47778, 34.10049], [-118.47782, 34.10033], [-118.47786, 34.10019], [-118.47789, 34.10002], [-118.47791, 34.09987], [-118.47792, 34.0997], [-118.47793, 34.09957], [-118.47793, 34.09934], [-118.47792, 34.09913], [-118.4779, 34.09893], [-118.47788, 34.09878], [-118.47786, 34.0987], [-118.47782, 34.09847], [-118.47776, 34.09827], [-118.47771, 34.0981], [-118.47765, 34.09794], [-118.47758, 34.09777], [-118.47752, 34.09764], [-118.47746, 34.09753], [-118.47741, 34.09743], [-118.47735, 34.09732], [-118.47713, 34.09696], [-118.4771, 34.0969], [-118.47688, 34.09657], [-118.4768, 34.0964], [-118.4767, 34.09624], [-118.47667, 34.09617], [-118.47661, 34.09607], [-118.47655, 34.09594], [-118.47651, 34.09585], [-118.47649, 34.09582], [-118.47647, 34.09576], [-118.47644, 34.0957], [-118.47638, 34.09553], [-118.47632, 34.09533], [-118.47627, 34.09517], [-118.47626, 34.09513], [-118.47625, 34.09508], [-118.47621, 34.09489], [-118.47618, 34.09474], [-118.47615, 34.09461], [-118.47613, 34.09447], [-118.4761, 34.09427], [-118.47607, 34.09412], [-118.4759, 34.09304], [-118.47561, 34.09136], [-118.47547, 34.09051], [-118.47546, 34.09042], [-118.47544, 34.0903], [-118.47539, 34.09], [-118.47531, 34.0895], [-118.47529, 34.08937], [-118.47527, 34.08923]]]}}, {"type": "Feature", "properties": {"zone_id": "LOS-Q0782-B", "zone_status": "Evacuation Order", "zone_status_reason": "An evacuation ORDER has been issued for these zones. LEAVE NOW. More information: lafd.org/alerts. ", "county_abbr": "XLA", "north_of": "Canyonback Rd, Mission Dump Rd", "east_of": "Canyonback Rd", "south_of": "Park Lane Cir, Mulholland Dr, Sloan Dr", "west_of": "N Sepulveda Blvd", "acreage": 430, "est_population": 42, "city_abbr": "LOS", "zone_sequence": "Q0782-B", "zone_approval_status": "Published", "last_updated": 1736535919000, "url": "https://protect.genasys.com/zones/US-CA-XLA-LOS-Q0782-B", "County_Name": "Los Angeles", "Data_Source_Name": "Zonehaven", "Original_Source_URL": "https://protect.genasys.com/zones/US-CA-XLA-LOS-Q0782-B"}, "geometry": {"type": "Polygon", "coordinates": [[[-118.49434, 34.11592], [-118.49434, 34.11592], [-118.49425, 34.11597], [-118.49302, 34.11661], [-118.49323, 34.11737], [-118.49254, 34.11879], [-118.4918, 34.11907], [-118.49155, 34.1194], [-118.49164, 34.11959], [-118.49244, 34.1197], [-118.49304, 34.11978], [-118.49317, 34.1197], [-118.49374, 34.11931], [-118.49489, 34.11912], [-118.49555, 34.11945], [-118.49546, 34.1197], [-118.49539, 34.11988], [-118.49509, 34.12066], [-118.49437, 34.12149], [-118.4947, 34.12181], [-118.49536, 34.12163], [-118.496, 34.122], [-118.49503, 34.1225], [-118.49549, 34.12327], [-118.49705, 34.12272], [-118.49721, 34.12285], [-118.49698, 34.12321], [-118.49721, 34.12332], [-118.49794, 34.12307], [-118.4981, 34.12327], [-118.49774, 34.12354], [-118.49811, 34.12409], [-118.49843, 34.12384], [-118.49847, 34.12382], [-118.49903, 34.1256], [-118.497, 34.12626], [-118.49844, 34.12746], [-118.49901, 34.12794], [-118.49906, 34.12798], [-118.49845, 34.12802], [-118.49736, 34.1281], [-118.49717, 34.12805], [-118.49711, 34.12803], [-118.49684, 34.12796], [-118.49662, 34.12854], [-118.49651, 34.12884], [-118.4964, 34.12913], [-118.49636, 34.12924], [-118.49627, 34.12906], [-118.49604, 34.12892], [-118.49575, 34.12876], [-118.49543, 34.12858], [-118.49521, 34.12845], [-118.49517, 34.12831], [-118.49507, 34.12798], [-118.49506, 34.12794], [-118.49495, 34.12758], [-118.4949, 34.12743], [-118.49453, 34.12743], [-118.49434, 34.12771], [-118.49429, 34.1277], [-118.49425, 34.12768], [-118.4942, 34.12768], [-118.49399, 34.12764], [-118.49382, 34.12761], [-118.49377, 34.1276], [-118.49373, 34.1276], [-118.49368, 34.1276], [-118.49365, 34.1276], [-118.49362, 34.12761], [-118.49358, 34.12761], [-118.49355, 34.12761], [-118.49352, 34.12762], [-118.49349, 34.12763], [-118.49346, 34.12764], [-118.49342, 34.12765], [-118.49338, 34.12767], [-118.49334, 34.12769], [-118.4933, 34.12771], [-118.49326, 34.12773], [-118.49323, 34.12775], [-118.49319, 34.12778], [-118.49317, 34.1278], [-118.49303, 34.12794], [-118.49301, 34.12796], [-118.49298, 34.12799], [-118.49295, 34.12802], [-118.49292, 34.12806], [-118.4929, 34.12809], [-118.49288, 34.12813], [-118.49247, 34.12813], [-118.49244, 34.12813], [-118.49242, 34.12822], [-118.49234, 34.12866], [-118.49228, 34.12901], [-118.49213, 34.12899], [-118.49174, 34.12894], [-118.49168, 34.12893], [-118.49155, 34.12891], [-118.49128, 34.12887], [-118.49123, 34.12887], [-118.49102, 34.12884], [-118.49088, 34.12873], [-118.49049, 34.12842], [-118.49029, 34.12844], [-118.49019, 34.12831], [-118.49015, 34.12808], [-118.49013, 34.12795], [-118.49009, 34.12771], [-118.49003, 34.12735], [-118.48998, 34.12701], [-118.48997, 34.12692], [-118.49011, 34.1268], [-118.49004, 34.12668], [-118.48989, 34.12643], [-118.48988, 34.12639], [-118.48999, 34.1263], [-118.4901, 34.1261], [-118.49027, 34.12582], [-118.49029, 34.12562], [-118.49031, 34.12523], [-118.49026, 34.1252], [-118.49012, 34.12511], [-118.4898, 34.12508], [-118.48938, 34.1252], [-118.48887, 34.12536], [-118.48872, 34.12546], [-118.48808, 34.1259], [-118.48764, 34.12609], [-118.48726, 34.12625], [-118.48716, 34.12629], [-118.48712, 34.12636], [-118.487, 34.12658], [-118.48682, 34.12691], [-118.48673, 34.12707], [-118.48697, 34.12745], [-118.48718, 34.12778], [-118.48729, 34.12795], [-118.48735, 34.12804], [-118.48751, 34.1283], [-118.48767, 34.12855], [-118.48765, 34.12884], [-118.48764, 34.12904], [-118.48762, 34.12923], [-118.48761, 34.1294], [-118.48776, 34.12941], [-118.48774, 34.1295], [-118.4877, 34.12979], [-118.48659, 34.12973], [-118.48627, 34.12909], [-118.48623, 34.1289], [-118.48601, 34.12795], [-118.48584, 34.1272], [-118.48534, 34.1272], [-118.4852, 34.1272], [-118.48516, 34.12683], [-118.48511, 34.12649], [-118.485, 34.12651], [-118.48495, 34.12651], [-118.48451, 34.12656], [-118.48421, 34.12659], [-118.48372, 34.12718], [-118.48332, 34.1274], [-118.48319, 34.12747], [-118.48331, 34.12657], [-118.48337, 34.12611], [-118.48367, 34.12521], [-118.4833, 34.12494], [-118.48318, 34.12485], [-118.4832, 34.12455], [-118.4833, 34.12446], [-118.48354, 34.12424], [-118.48337, 34.12375], [-118.48329, 34.12373], [-118.48302, 34.12365], [-118.48247, 34.1235], [-118.48231, 34.12307], [-118.48235, 34.12296], [-118.48229, 34.12241], [-118.48218, 34.12149], [-118.48259, 34.1211], [-118.48267, 34.11987], [-118.48268, 34.11971], [-118.48269, 34.11948], [-118.48247, 34.11912], [-118.48241, 34.11903], [-118.48235, 34.11894], [-118.48161, 34.11785], [-118.48163, 34.11774], [-118.48166, 34.11753], [-118.48169, 34.11722], [-118.48181, 34.11551], [-118.48272, 34.11574], [-118.48281, 34.11577], [-118.48301, 34.11584], [-118.48425, 34.11628], [-118.48474, 34.11665], [-118.48484, 34.11672], [-118.48501, 34.11685], [-118.48521, 34.11673], [-118.4854, 34.11661], [-118.48601, 34.11697], [-118.48642, 34.1167], [-118.48705, 34.11702], [-118.48719, 34.11693], [-118.48705, 34.11653], [-118.48791, 34.11631], [-118.48741, 34.11571], [-118.48791, 34.11531], [-118.48844, 34.11531], [-118.48874, 34.11564], [-118.48895, 34.11524], [-118.48943, 34.11523], [-118.48953, 34.11506], [-118.48887, 34.11464], [-118.48853, 34.11425], [-118.48824, 34.11418], [-118.48799, 34.11381], [-118.48819, 34.11317], [-118.48866, 34.11286], [-118.48896, 34.11314], [-118.48947, 34.11301], [-118.48961, 34.11329], [-118.49138, 34.11401], [-118.49139, 34.11368], [-118.4918, 34.11353], [-118.49132, 34.11316], [-118.49141, 34.11286], [-118.49169, 34.11264], [-118.49189, 34.1128], [-118.49241, 34.11285], [-118.49273, 34.11269], [-118.49233, 34.11256], [-118.49208, 34.11176], [-118.49286, 34.11146], [-118.49329, 34.11129], [-118.49319, 34.11118], [-118.49367, 34.11118], [-118.49468, 34.11118], [-118.49478, 34.11118], [-118.49518, 34.11118], [-118.49528, 34.11142], [-118.49392, 34.11331], [-118.49344, 34.11397], [-118.49382, 34.11451], [-118.49434, 34.11592]]]}}, {"type": "Feature", "properties": {"zone_id": "LOS-Q0783", "zone_status": "Evacuation Warning", "zone_status_reason": "An evacuation WARNING has been issued for these zones. GET READY for potential evacuation. More information at lafd.org/alerts. ", "county_abbr": "XLA", "north_of": "San Diego Freeway, Weybridge Lane", "east_of": "San Diego Freeway", "south_of": "Duomo via Street, San Diego Freeway", "west_of": "Duomo via Street", "acreage": 505, "est_population": 1437, "city_abbr": "LOS", "zone_sequence": "Q0783", "zone_approval_status": "Published", "last_updated": 1736536424000, "url": "https://protect.genasys.com/zones/US-CA-XLA-LOS-Q0783", "County_Name": "Los Angeles", "Data_Source_Name": "Zonehaven", "Original_Source_URL": "https://protect.genasys.com/zones/US-CA-XLA-LOS-Q0783"}, "geometry": {"type": "Polygon", "coordinates": [[[-118.48181, 34.11551], [-118.48169, 34.11722], [-118.48166, 34.11753], [-118.48163, 34.11774], [-118.48161, 34.11785], [-118.4816, 34.11792], [-118.48157, 34.11804], [-118.48153, 34.1182], [-118.48147, 34.1184], [-118.48137, 34.11865], [-118.48127, 34.11889], [-118.48116, 34.11909], [-118.48105, 34.11928], [-118.48093, 34.11948], [-118.48081, 34.11964], [-118.48066, 34.11983], [-118.47935, 34.12144], [-118.47884, 34.12208], [-118.47841, 34.12261], [-118.4781, 34.12298], [-118.47708, 34.12425], [-118.47676, 34.12465], [-118.47629, 34.12523], [-118.4755, 34.1262], [-118.47536, 34.12637], [-118.47527, 34.12638], [-118.47478, 34.12642], [-118.47465, 34.12644], [-118.47456, 34.12644], [-118.47447, 34.12646], [-118.47436, 34.12648], [-118.47427, 34.12651], [-118.47422, 34.12652], [-118.4741, 34.12656], [-118.47397, 34.12661], [-118.47386, 34.12666], [-118.47374, 34.12673], [-118.47364, 34.1268], [-118.47354, 34.12688], [-118.47344, 34.12697], [-118.47335, 34.12706], [-118.47326, 34.12715], [-118.47313, 34.12732], [-118.47229, 34.12853], [-118.47196, 34.129], [-118.47186, 34.12894], [-118.47162, 34.12882], [-118.47148, 34.12878], [-118.47141, 34.12872], [-118.47138, 34.12869], [-118.47131, 34.12861], [-118.47125, 34.12854], [-118.47121, 34.12848], [-118.47117, 34.12841], [-118.47111, 34.1283], [-118.47107, 34.12818], [-118.47104, 34.128], [-118.471, 34.12781], [-118.4709, 34.1272], [-118.47088, 34.12706], [-118.47088, 34.1269], [-118.47089, 34.12685], [-118.47075, 34.12684], [-118.47061, 34.12684], [-118.47046, 34.1268], [-118.47033, 34.12657], [-118.47033, 34.12628], [-118.47035, 34.12622], [-118.47049, 34.12586], [-118.47065, 34.12543], [-118.47067, 34.12539], [-118.47069, 34.12533], [-118.47069, 34.12501], [-118.47035, 34.12487], [-118.47034, 34.12493], [-118.46995, 34.12486], [-118.46973, 34.12519], [-118.46919, 34.12511], [-118.46917, 34.12506], [-118.46891, 34.12443], [-118.46914, 34.12369], [-118.4682, 34.12295], [-118.46842, 34.12274], [-118.46895, 34.12222], [-118.46905, 34.12225], [-118.46977, 34.12243], [-118.47007, 34.12205], [-118.46864, 34.12065], [-118.46861, 34.1202], [-118.46898, 34.1199], [-118.46913, 34.11978], [-118.46974, 34.11976], [-118.46976, 34.11973], [-118.46964, 34.11888], [-118.4695, 34.11877], [-118.46862, 34.11808], [-118.46956, 34.11751], [-118.46967, 34.11702], [-118.46901, 34.1161], [-118.4706, 34.11473], [-118.47044, 34.11397], [-118.47023, 34.11294], [-118.47088, 34.11276], [-118.47214, 34.11241], [-118.47241, 34.11148], [-118.47267, 34.11056], [-118.47347, 34.11057], [-118.4737, 34.11058], [-118.47374, 34.11025], [-118.47377, 34.11002], [-118.47381, 34.10965], [-118.47384, 34.10945], [-118.47386, 34.10928], [-118.47389, 34.10899], [-118.47375, 34.10884], [-118.47368, 34.10875], [-118.47355, 34.10861], [-118.4734, 34.10844], [-118.47336, 34.10839], [-118.47336, 34.10828], [-118.47337, 34.1082], [-118.47337, 34.10789], [-118.47333, 34.10761], [-118.47358, 34.1072], [-118.47372, 34.10697], [-118.47386, 34.10674], [-118.47402, 34.10666], [-118.47368, 34.10581], [-118.47379, 34.1056], [-118.47494, 34.10573], [-118.47549, 34.10627], [-118.47733, 34.10602], [-118.4763, 34.10538], [-118.47614, 34.10528], [-118.47617, 34.10495], [-118.477, 34.10442], [-118.47666, 34.10348], [-118.47673, 34.10323], [-118.47688, 34.10265], [-118.47685, 34.10246], [-118.47702, 34.1017], [-118.47685, 34.10123], [-118.47688, 34.10095], [-118.47772, 34.10071], [-118.47746, 34.10157], [-118.4774, 34.10176], [-118.47732, 34.10202], [-118.47729, 34.10217], [-118.47725, 34.10233], [-118.47723, 34.10251], [-118.4772, 34.10278], [-118.47719, 34.10304], [-118.47719, 34.10324], [-118.47719, 34.10341], [-118.47721, 34.1036], [-118.47725, 34.10382], [-118.4773, 34.10408], [-118.47735, 34.10426], [-118.47742, 34.1045], [-118.47752, 34.10475], [-118.47764, 34.10501], [-118.47776, 34.10524], [-118.4779, 34.10548], [-118.47805, 34.1057], [-118.48036, 34.10883], [-118.48072, 34.10933], [-118.48109, 34.10982], [-118.48124, 34.11002], [-118.48135, 34.11018], [-118.48142, 34.11031], [-118.48155, 34.11053], [-118.48159, 34.11063], [-118.48167, 34.1108], [-118.48175, 34.11099], [-118.4818, 34.11115], [-118.48184, 34.11127], [-118.48191, 34.11152], [-118.48196, 34.11177], [-118.48199, 34.11203], [-118.48201, 34.11228], [-118.48201, 34.11255], [-118.482, 34.11279], [-118.48197, 34.11317], [-118.48187, 34.11468], [-118.48181, 34.11551]]]}}, {"type": "Feature", "properties": {"zone_id": "LOS-Q0798", "zone_status": "Evacuation Order", "zone_status_reason": "An evacuation ORDER has been issued for these zones. LEAVE NOW. More information: lafd.org/alerts. ", "county_abbr": "XLA", "north_of": "San Diego Freeway", "east_of": "Canyonback Road, Mulholland Drive", "south_of": "Mulholland Drive", "west_of": "San Diego Freeway, Mulholland Drive", "acreage": 263, "est_population": 382, "city_abbr": "LOS", "zone_sequence": "Q0798", "zone_approval_status": "Published", "last_updated": 1736535919000, "url": "https://protect.genasys.com/zones/US-CA-XLA-LOS-Q0798", "County_Name": "Los Angeles", "Data_Source_Name": "Zonehaven", "Original_Source_URL": "https://protect.genasys.com/zones/US-CA-XLA-LOS-Q0798"}, "geometry": {"type": "Polygon", "coordinates": [[[-118.48161, 34.11785], [-118.48235, 34.11894], [-118.48241, 34.11903], [-118.48247, 34.11912], [-118.48269, 34.11948], [-118.48268, 34.11971], [-118.48267, 34.11987], [-118.48259, 34.1211], [-118.48218, 34.12149], [-118.48229, 34.12241], [-118.48235, 34.12296], [-118.48231, 34.12307], [-118.48247, 34.1235], [-118.48302, 34.12365], [-118.48329, 34.12373], [-118.48337, 34.12375], [-118.48354, 34.12424], [-118.4833, 34.12446], [-118.4832, 34.12455], [-118.48318, 34.12485], [-118.4833, 34.12494], [-118.48367, 34.12521], [-118.48337, 34.12611], [-118.48331, 34.12657], [-118.48319, 34.12747], [-118.48332, 34.1274], [-118.48372, 34.12718], [-118.48421, 34.12659], [-118.48451, 34.12656], [-118.48495, 34.12651], [-118.485, 34.12651], [-118.48511, 34.12649], [-118.48516, 34.12683], [-118.4852, 34.1272], [-118.48534, 34.1272], [-118.48584, 34.1272], [-118.48601, 34.12795], [-118.48623, 34.1289], [-118.48627, 34.12909], [-118.48659, 34.12973], [-118.4877, 34.12979], [-118.48774, 34.1295], [-118.48776, 34.12941], [-118.48761, 34.1294], [-118.48762, 34.12923], [-118.48764, 34.12904], [-118.48765, 34.12884], [-118.48767, 34.12855], [-118.48751, 34.1283], [-118.48735, 34.12804], [-118.48729, 34.12795], [-118.48718, 34.12778], [-118.48697, 34.12745], [-118.48673, 34.12707], [-118.48682, 34.12691], [-118.487, 34.12658], [-118.48712, 34.12636], [-118.48716, 34.12629], [-118.48726, 34.12625], [-118.48764, 34.12609], [-118.48808, 34.1259], [-118.48872, 34.12546], [-118.48887, 34.12536], [-118.48938, 34.1252], [-118.4898, 34.12508], [-118.49012, 34.12511], [-118.49026, 34.1252], [-118.49031, 34.12523], [-118.49029, 34.12562], [-118.49027, 34.12582], [-118.4901, 34.1261], [-118.48999, 34.1263], [-118.48988, 34.12639], [-118.48989, 34.12643], [-118.49004, 34.12668], [-118.49011, 34.1268], [-118.48997, 34.12692], [-118.48998, 34.12701], [-118.49003, 34.12735], [-118.49009, 34.12771], [-118.49013, 34.12795], [-118.49015, 34.12808], [-118.49019, 34.12831], [-118.49029, 34.12844], [-118.49049, 34.12842], [-118.49088, 34.12873], [-118.49102, 34.12884], [-118.49123, 34.12887], [-118.49128, 34.12887], [-118.49155, 34.12891], [-118.49168, 34.12893], [-118.49174, 34.12894], [-118.49213, 34.12899], [-118.49228, 34.12901], [-118.49234, 34.12866], [-118.49242, 34.12822], [-118.49244, 34.12813], [-118.49247, 34.12813], [-118.49288, 34.12813], [-118.4929, 34.12809], [-118.49292, 34.12806], [-118.49295, 34.12802], [-118.49298, 34.12799], [-118.49301, 34.12796], [-118.49303, 34.12794], [-118.49317, 34.1278], [-118.49319, 34.12778], [-118.49323, 34.12775], [-118.49326, 34.12773], [-118.4933, 34.12771], [-118.49334, 34.12769], [-118.49338, 34.12767], [-118.49342, 34.12765], [-118.49346, 34.12764], [-118.49349, 34.12763], [-118.49352, 34.12762], [-118.49355, 34.12761], [-118.49358, 34.12761], [-118.49362, 34.12761], [-118.49365, 34.1276], [-118.49368, 34.1276], [-118.49373, 34.1276], [-118.49377, 34.1276], [-118.49382, 34.12761], [-118.49399, 34.12764], [-118.4942, 34.12768], [-118.49425, 34.12768], [-118.49429, 34.1277], [-118.49434, 34.12771], [-118.49453, 34.12743], [-118.4949, 34.12743], [-118.49495, 34.12758], [-118.49506, 34.12794], [-118.49507, 34.12798], [-118.49517, 34.12831], [-118.49521, 34.12845], [-118.49543, 34.12858], [-118.49575, 34.12876], [-118.49604, 34.12892], [-118.49627, 34.12906], [-118.49636, 34.12924], [-118.4964, 34.12913], [-118.49651, 34.12884], [-118.49662, 34.12854], [-118.49684, 34.12796], [-118.49711, 34.12803], [-118.49717, 34.12805], [-118.49736, 34.1281], [-118.49845, 34.12802], [-118.49906, 34.12798], [-118.49901, 34.12794], [-118.49844, 34.12746], [-118.497, 34.12626], [-118.49903, 34.1256], [-118.49955, 34.12602], [-118.50027, 34.12661], [-118.50075, 34.12666], [-118.50198, 34.12735], [-118.50221, 34.12748], [-118.50259, 34.12767], [-118.50282, 34.12779], [-118.50312, 34.12794], [-118.50302, 34.12797], [-118.50289, 34.12804], [-118.50275, 34.12823], [-118.50293, 34.12866], [-118.50312, 34.12905], [-118.50314, 34.12915], [-118.50312, 34.12922], [-118.50303, 34.12949], [-118.50294, 34.12968], [-118.50267, 34.13014], [-118.50261, 34.13026], [-118.50245, 34.13039], [-118.50225, 34.13051], [-118.50197, 34.13069], [-118.50185, 34.13039], [-118.50187, 34.13029], [-118.50192, 34.13019], [-118.50229, 34.12987], [-118.50239, 34.12974], [-118.50243, 34.12957], [-118.50241, 34.12943], [-118.50232, 34.12929], [-118.5022, 34.12919], [-118.50205, 34.12912], [-118.50125, 34.12893], [-118.50111, 34.12892], [-118.501, 34.12894], [-118.50087, 34.12899], [-118.50044, 34.12925], [-118.49996, 34.1296], [-118.49984, 34.12966], [-118.49972, 34.1297], [-118.49959, 34.12973], [-118.49928, 34.12975], [-118.49914, 34.12979], [-118.4988, 34.12996], [-118.49851, 34.13005], [-118.49835, 34.13008], [-118.49788, 34.13011], [-118.49771, 34.13016], [-118.49756, 34.13023], [-118.49725, 34.13048], [-118.49714, 34.13054], [-118.497, 34.13056], [-118.49685, 34.13056], [-118.49672, 34.13053], [-118.49657, 34.13045], [-118.49594, 34.13004], [-118.49574, 34.12998], [-118.49554, 34.12993], [-118.49535, 34.12988], [-118.49521, 34.12986], [-118.49506, 34.12986], [-118.49492, 34.12986], [-118.49474, 34.12989], [-118.49456, 34.12994], [-118.4944, 34.13001], [-118.49424, 34.1301], [-118.49378, 34.1304], [-118.49373, 34.13044], [-118.49351, 34.13059], [-118.49343, 34.13063], [-118.49326, 34.13076], [-118.49298, 34.13088], [-118.49277, 34.13094], [-118.49246, 34.13101], [-118.4922, 34.13104], [-118.49172, 34.13106], [-118.49145, 34.13111], [-118.4912, 34.13115], [-118.49099, 34.13119], [-118.49076, 34.13124], [-118.49053, 34.13127], [-118.4904, 34.13126], [-118.49031, 34.13123], [-118.49023, 34.13119], [-118.49016, 34.1311], [-118.48999, 34.13078], [-118.48994, 34.1307], [-118.48958, 34.13041], [-118.48936, 34.13027], [-118.4891, 34.13016], [-118.48881, 34.1301], [-118.48822, 34.13006], [-118.4877, 34.13009], [-118.48759, 34.1301], [-118.48747, 34.1301], [-118.48545, 34.12996], [-118.48515, 34.12994], [-118.48509, 34.12993], [-118.48505, 34.12993], [-118.48498, 34.12994], [-118.48492, 34.12995], [-118.48488, 34.12996], [-118.48482, 34.12997], [-118.48474, 34.12999], [-118.48461, 34.13004], [-118.48454, 34.13009], [-118.48447, 34.13013], [-118.4844, 34.13019], [-118.48436, 34.13023], [-118.48427, 34.1303], [-118.4842, 34.13035], [-118.48413, 34.1304], [-118.48405, 34.13043], [-118.48398, 34.13045], [-118.4839, 34.13047], [-118.48383, 34.13048], [-118.48372, 34.13048], [-118.48366, 34.13049], [-118.48352, 34.1305], [-118.48337, 34.13053], [-118.48327, 34.13056], [-118.48316, 34.13059], [-118.48309, 34.1306], [-118.48302, 34.13061], [-118.48295, 34.13062], [-118.48288, 34.13063], [-118.48275, 34.13063], [-118.48263, 34.13063], [-118.4825, 34.1306], [-118.48236, 34.13056], [-118.48222, 34.1305], [-118.48182, 34.13034], [-118.48168, 34.13028], [-118.48154, 34.13021], [-118.48124, 34.13005], [-118.48114, 34.13], [-118.48102, 34.12995], [-118.4809, 34.12992], [-118.48052, 34.12981], [-118.48046, 34.12979], [-118.48031, 34.12974], [-118.48017, 34.1297], [-118.48004, 34.12964], [-118.47992, 34.12957], [-118.47981, 34.12949], [-118.47971, 34.12941], [-118.47963, 34.12933], [-118.47955, 34.12925], [-118.47947, 34.12916], [-118.47941, 34.12906], [-118.47938, 34.129], [-118.47936, 34.12895], [-118.47933, 34.12888], [-118.47931, 34.12881], [-118.47927, 34.12868], [-118.47925, 34.12855], [-118.47923, 34.12841], [-118.47922, 34.12817], [-118.47918, 34.12749], [-118.47917, 34.1274], [-118.47916, 34.12731], [-118.47913, 34.12722], [-118.4791, 34.12713], [-118.47905, 34.12703], [-118.479, 34.12694], [-118.47894, 34.12684], [-118.47886, 34.12675], [-118.47878, 34.12666], [-118.47869, 34.12658], [-118.4786, 34.12651], [-118.4785, 34.12645], [-118.47844, 34.12642], [-118.47839, 34.12639], [-118.47828, 34.12634], [-118.47815, 34.1263], [-118.47802, 34.12626], [-118.47788, 34.12623], [-118.47776, 34.12621], [-118.47765, 34.1262], [-118.47753, 34.1262], [-118.47741, 34.1262], [-118.47697, 34.12622], [-118.47671, 34.12625], [-118.47666, 34.12625], [-118.47573, 34.12634], [-118.47536, 34.12637], [-118.4755, 34.1262], [-118.47629, 34.12523], [-118.47676, 34.12465], [-118.47708, 34.12425], [-118.4781, 34.12298], [-118.47841, 34.12261], [-118.47884, 34.12208], [-118.47935, 34.12144], [-118.48066, 34.11983], [-118.48081, 34.11964], [-118.48093, 34.11948], [-118.48105, 34.11928], [-118.48116, 34.11909], [-118.48127, 34.11889], [-118.48137, 34.11865], [-118.48147, 34.1184], [-118.48153, 34.1182], [-118.48157, 34.11804], [-118.4816, 34.11792], [-118.48161, 34.11785]]]}}, {"type": "Feature", "properties": {"zone_id": "LOS-Q0800", "zone_status": "Evacuation Warning", "zone_status_reason": "An evacuation WARNING has been issued for these zones. GET READY for potential evacuation. More information at lafd.org/alerts. ", "county_abbr": "XLA", "north_of": "West Sunset Boulevard, San Diego Freeway", "east_of": "San Diego Freeway", "south_of": "East Sepulveda Fire Road, Anzio Road", "west_of": "Chalon Road", "acreage": 843, "est_population": 2044, "city_abbr": "LOS", "zone_sequence": "Q0800", "zone_approval_status": "Published", "last_updated": 1736536424000, "url": "https://protect.genasys.com/zones/US-CA-XLA-LOS-Q0800", "County_Name": "Los Angeles", "Data_Source_Name": "Zonehaven", "Original_Source_URL": "https://protect.genasys.com/zones/US-CA-XLA-LOS-Q0800"}, "geometry": {"type": "Polygon", "coordinates": [[[-118.46647, 34.07288], [-118.46684, 34.0733], [-118.46734, 34.07394], [-118.46851, 34.07546], [-118.46868, 34.07568], [-118.46871, 34.07572], [-118.46876, 34.07578], [-118.46921, 34.07637], [-118.46963, 34.07692], [-118.47, 34.07739], [-118.47036, 34.07782], [-118.47064, 34.07813], [-118.47093, 34.07843], [-118.47205, 34.07958], [-118.47208, 34.07961], [-118.47246, 34.08001], [-118.47261, 34.08019], [-118.4728, 34.08041], [-118.47304, 34.08074], [-118.4732, 34.08096], [-118.47326, 34.08105], [-118.47329, 34.0811], [-118.47335, 34.08119], [-118.4735, 34.08142], [-118.47363, 34.08166], [-118.47377, 34.08191], [-118.47388, 34.08215], [-118.47403, 34.08246], [-118.47416, 34.08277], [-118.47428, 34.08313], [-118.47437, 34.0834], [-118.47442, 34.0836], [-118.47446, 34.08373], [-118.47449, 34.0839], [-118.47454, 34.08411], [-118.47457, 34.08426], [-118.4746, 34.0844], [-118.47465, 34.08479], [-118.47467, 34.08491], [-118.47467, 34.08495], [-118.47482, 34.08602], [-118.47513, 34.08822], [-118.47517, 34.0885], [-118.47519, 34.0886], [-118.4752, 34.08867], [-118.47527, 34.08923], [-118.47529, 34.08937], [-118.47531, 34.0895], [-118.47539, 34.09], [-118.47544, 34.0903], [-118.47546, 34.09042], [-118.47547, 34.09051], [-118.47561, 34.09136], [-118.4759, 34.09304], [-118.47607, 34.09412], [-118.4761, 34.09427], [-118.47613, 34.09447], [-118.47615, 34.09461], [-118.47618, 34.09474], [-118.47621, 34.09489], [-118.47625, 34.09508], [-118.47626, 34.09513], [-118.47627, 34.09517], [-118.47632, 34.09533], [-118.47638, 34.09553], [-118.47644, 34.0957], [-118.47647, 34.09576], [-118.47649, 34.09582], [-118.47651, 34.09585], [-118.47655, 34.09594], [-118.47661, 34.09607], [-118.47667, 34.09617], [-118.4767, 34.09624], [-118.4768, 34.0964], [-118.47688, 34.09657], [-118.47174, 34.09863], [-118.47122, 34.09875], [-118.47047, 34.09893], [-118.4704, 34.09895], [-118.46977, 34.09909], [-118.46947, 34.09952], [-118.46913, 34.0995], [-118.46844, 34.09964], [-118.46379, 34.09965], [-118.46385, 34.09954], [-118.46395, 34.09936], [-118.46405, 34.09919], [-118.46415, 34.099], [-118.46429, 34.09877], [-118.4644, 34.09857], [-118.46452, 34.09836], [-118.46464, 34.09815], [-118.46478, 34.09789], [-118.46483, 34.09764], [-118.46484, 34.09736], [-118.46486, 34.09709], [-118.46486, 34.09703], [-118.46487, 34.09675], [-118.46489, 34.09641], [-118.46555, 34.09629], [-118.46595, 34.09622], [-118.46602, 34.0962], [-118.46601, 34.09617], [-118.46599, 34.09614], [-118.46583, 34.09586], [-118.46581, 34.09583], [-118.46578, 34.09578], [-118.46577, 34.09574], [-118.46567, 34.09551], [-118.46555, 34.09519], [-118.46548, 34.095], [-118.46545, 34.09492], [-118.46536, 34.0947], [-118.46533, 34.09464], [-118.46532, 34.0946], [-118.4653, 34.09454], [-118.46526, 34.09445], [-118.4652, 34.0943], [-118.46517, 34.09421], [-118.46515, 34.09415], [-118.46508, 34.09398], [-118.465, 34.09377], [-118.46491, 34.09354], [-118.46485, 34.09339], [-118.46474, 34.0931], [-118.46493, 34.0929], [-118.46526, 34.09227], [-118.46498, 34.09209], [-118.46475, 34.09194], [-118.46458, 34.09183], [-118.46437, 34.0917], [-118.46352, 34.09132], [-118.46358, 34.09129], [-118.4642, 34.09096], [-118.46435, 34.09088], [-118.46449, 34.09081], [-118.46477, 34.09065], [-118.46508, 34.09016], [-118.46502, 34.09013], [-118.46493, 34.0902], [-118.4649, 34.09022], [-118.46447, 34.09057], [-118.4643, 34.09044], [-118.46414, 34.0903], [-118.46375, 34.09062], [-118.46343, 34.09088], [-118.46326, 34.09102], [-118.46283, 34.0911], [-118.46276, 34.09103], [-118.46257, 34.09084], [-118.46233, 34.09058], [-118.46207, 34.09031], [-118.46196, 34.0902], [-118.46191, 34.09015], [-118.4619, 34.09008], [-118.46185, 34.08984], [-118.46179, 34.0895], [-118.46177, 34.08938], [-118.46173, 34.08917], [-118.46167, 34.08887], [-118.46165, 34.08875], [-118.46163, 34.08863], [-118.46159, 34.08832], [-118.46158, 34.08827], [-118.46154, 34.08799], [-118.46153, 34.08788], [-118.46145, 34.08773], [-118.46132, 34.08747], [-118.4613, 34.08744], [-118.46118, 34.08721], [-118.46115, 34.08715], [-118.4611, 34.08704], [-118.46102, 34.08689], [-118.461, 34.08686], [-118.46095, 34.08676], [-118.46089, 34.08666], [-118.46075, 34.08639], [-118.46061, 34.08611], [-118.46056, 34.08602], [-118.46031, 34.08593], [-118.46027, 34.08591], [-118.46031, 34.08581], [-118.46034, 34.0857], [-118.46033, 34.08557], [-118.46031, 34.0855], [-118.4603, 34.08546], [-118.46024, 34.08534], [-118.46017, 34.08526], [-118.46003, 34.08513], [-118.45969, 34.0848], [-118.45962, 34.08469], [-118.45958, 34.08458], [-118.45957, 34.08445], [-118.4596, 34.08434], [-118.45968, 34.08423], [-118.45969, 34.08416], [-118.45969, 34.08409], [-118.45968, 34.08405], [-118.45962, 34.08397], [-118.45957, 34.08394], [-118.45949, 34.08391], [-118.45932, 34.08387], [-118.45924, 34.08385], [-118.45917, 34.08381], [-118.45911, 34.08376], [-118.45906, 34.08372], [-118.45902, 34.08366], [-118.45898, 34.08361], [-118.45894, 34.08351], [-118.45894, 34.08342], [-118.45897, 34.08327], [-118.45897, 34.08315], [-118.45895, 34.08302], [-118.45889, 34.08288], [-118.45884, 34.08278], [-118.45875, 34.08267], [-118.45864, 34.08255], [-118.45851, 34.08244], [-118.45838, 34.08236], [-118.45821, 34.0823], [-118.45799, 34.08224], [-118.45787, 34.08219], [-118.45779, 34.08211], [-118.45769, 34.08195], [-118.45763, 34.08185], [-118.45754, 34.08176], [-118.45742, 34.08167], [-118.45711, 34.08149], [-118.45699, 34.08139], [-118.4569, 34.08129], [-118.4567, 34.08089], [-118.45667, 34.08079], [-118.45667, 34.08071], [-118.45669, 34.08063], [-118.45675, 34.08056], [-118.45689, 34.08052], [-118.45704, 34.08051], [-118.45712, 34.08049], [-118.45714, 34.08043], [-118.45718, 34.08034], [-118.4572, 34.08017], [-118.45715, 34.07996], [-118.457, 34.07979], [-118.45674, 34.07968], [-118.45642, 34.07961], [-118.45623, 34.07952], [-118.45611, 34.07935], [-118.45606, 34.07922], [-118.45596, 34.07896], [-118.45572, 34.07836], [-118.4558, 34.07775], [-118.4558, 34.07763], [-118.45579, 34.07759], [-118.45575, 34.07742], [-118.45569, 34.07725], [-118.45561, 34.07713], [-118.45548, 34.07704], [-118.45532, 34.077], [-118.45512, 34.07693], [-118.45494, 34.0768], [-118.45477, 34.07664], [-118.45468, 34.07655], [-118.45478, 34.07647], [-118.45557, 34.0758], [-118.45601, 34.07542], [-118.45621, 34.07525], [-118.45634, 34.07514], [-118.45641, 34.07509], [-118.45652, 34.075], [-118.45658, 34.07495], [-118.45664, 34.0749], [-118.45667, 34.07488], [-118.45709, 34.07455], [-118.45723, 34.07446], [-118.45734, 34.0744], [-118.45746, 34.07436], [-118.45753, 34.07434], [-118.45759, 34.07433], [-118.45768, 34.07431], [-118.45773, 34.07431], [-118.45777, 34.0743], [-118.4578, 34.0743], [-118.45787, 34.0743], [-118.458, 34.07431], [-118.45806, 34.07431], [-118.45812, 34.07432], [-118.45816, 34.07433], [-118.45834, 34.07438], [-118.45855, 34.07445], [-118.45861, 34.07446], [-118.45864, 34.07446], [-118.45869, 34.07446], [-118.45874, 34.07447], [-118.45883, 34.07447], [-118.45891, 34.07447], [-118.45896, 34.07446], [-118.45902, 34.07445], [-118.45911, 34.07443], [-118.45923, 34.07439], [-118.45933, 34.07434], [-118.45942, 34.07429], [-118.45998, 34.07385], [-118.46012, 34.07374], [-118.4602, 34.07368], [-118.46025, 34.07364], [-118.46032, 34.07359], [-118.46051, 34.07345], [-118.46058, 34.07339], [-118.46061, 34.07336], [-118.46068, 34.07332], [-118.46078, 34.07325], [-118.46093, 34.07318], [-118.46107, 34.07313], [-118.4612, 34.07309], [-118.46133, 34.07306], [-118.46136, 34.07306], [-118.46146, 34.07305], [-118.46157, 34.07304], [-118.46175, 34.07304], [-118.4619, 34.07305], [-118.46201, 34.07306], [-118.46206, 34.07307], [-118.46221, 34.0731], [-118.46227, 34.07312], [-118.46234, 34.07314], [-118.46245, 34.07319], [-118.46251, 34.07322], [-118.46256, 34.07324], [-118.46265, 34.07329], [-118.46269, 34.07332], [-118.46276, 34.07336], [-118.46281, 34.0734], [-118.46286, 34.07343], [-118.46309, 34.07366], [-118.46326, 34.07382], [-118.46334, 34.07388], [-118.46343, 34.07393], [-118.46351, 34.07396], [-118.46355, 34.07398], [-118.4636, 34.07399], [-118.46364, 34.074], [-118.46368, 34.07401], [-118.46373, 34.07402], [-118.46377, 34.07403], [-118.4638, 34.07404], [-118.46384, 34.07404], [-118.46391, 34.07404], [-118.46395, 34.07404], [-118.46402, 34.07404], [-118.46412, 34.07403], [-118.46423, 34.07401], [-118.46435, 34.07398], [-118.46444, 34.07394], [-118.46464, 34.07386], [-118.46475, 34.0738], [-118.46479, 34.07378], [-118.46489, 34.07373], [-118.46502, 34.07366], [-118.46549, 34.0734], [-118.46563, 34.07332], [-118.46581, 34.07322], [-118.46592, 34.07316], [-118.46607, 34.07308], [-118.4661, 34.07307], [-118.46614, 34.07304], [-118.46617, 34.07303], [-118.46631, 34.07296], [-118.46639, 34.07291], [-118.46647, 34.07288]]]}}, {"type": "Feature", "properties": {"zone_id": "LOS-Q1089", "zone_status": "Evacuation Warning", "zone_status_reason": "An evacuation WARNING has been issued for these zones. GET READY for potential evacuation. More information at lafd.org/alerts. ", "county_abbr": "XLA", "north_of": "High Valley Road, Meadow Ridge Way", "east_of": "Hayvenhurst Avenue", "south_of": "Ventura Boulevard", "west_of": "Woodvale Road, San Diego Freeway", "acreage": 438, "est_population": 2635, "city_abbr": "LOS", "zone_sequence": "Q1089", "zone_approval_status": "Published", "last_updated": 1736536424000, "url": "https://protect.genasys.com/zones/US-CA-XLA-LOS-Q1089", "County_Name": "Los Angeles", "Data_Source_Name": "Zonehaven", "Original_Source_URL": "https://protect.genasys.com/zones/US-CA-XLA-LOS-Q1089"}, "geometry": {"type": "Polygon", "coordinates": [[[-118.46788, 34.15304], [-118.46788, 34.15282], [-118.46791, 34.15232], [-118.46796, 34.15193], [-118.46805, 34.15145], [-118.46812, 34.15114], [-118.46825, 34.15073], [-118.46844, 34.15022], [-118.46847, 34.15015], [-118.46852, 34.15002], [-118.46856, 34.14996], [-118.46871, 34.14966], [-118.46885, 34.14938], [-118.46895, 34.14919], [-118.46923, 34.14865], [-118.46929, 34.14854], [-118.46968, 34.14837], [-118.4699, 34.14827], [-118.46994, 34.14836], [-118.47009, 34.14871], [-118.47014, 34.14881], [-118.47021, 34.1489], [-118.47027, 34.14899], [-118.47022, 34.14907], [-118.47018, 34.14918], [-118.47016, 34.14931], [-118.47031, 34.14933], [-118.47242, 34.14969], [-118.47254, 34.14971], [-118.4727, 34.14977], [-118.47285, 34.14983], [-118.47386, 34.15033], [-118.47399, 34.15041], [-118.47412, 34.15056], [-118.47426, 34.15049], [-118.47434, 34.15046], [-118.47443, 34.15045], [-118.47606, 34.15034], [-118.47754, 34.15047], [-118.4785, 34.15038], [-118.47953, 34.15028], [-118.47992, 34.15025], [-118.48018, 34.15018], [-118.48039, 34.15009], [-118.48055, 34.14998], [-118.48068, 34.14985], [-118.48081, 34.14964], [-118.48102, 34.14927], [-118.48142, 34.14895], [-118.48159, 34.14878], [-118.48173, 34.14856], [-118.4819, 34.14795], [-118.48204, 34.14746], [-118.48223, 34.1475], [-118.48229, 34.1475], [-118.48246, 34.1473], [-118.48294, 34.14684], [-118.48399, 34.14603], [-118.48432, 34.14584], [-118.4847, 34.14579], [-118.48503, 34.14585], [-118.48533, 34.14597], [-118.48553, 34.14619], [-118.48565, 34.14643], [-118.48567, 34.14675], [-118.48589, 34.14676], [-118.48604, 34.14679], [-118.48614, 34.14683], [-118.48614, 34.14691], [-118.48614, 34.14752], [-118.4864, 34.1475], [-118.4864, 34.14743], [-118.48644, 34.14745], [-118.48672, 34.14759], [-118.48677, 34.14762], [-118.48712, 34.14762], [-118.48712, 34.14774], [-118.48747, 34.14779], [-118.48747, 34.148], [-118.48747, 34.14812], [-118.48783, 34.14812], [-118.48799, 34.14812], [-118.48826, 34.14802], [-118.48859, 34.14806], [-118.48859, 34.14762], [-118.48876, 34.14762], [-118.48904, 34.14762], [-118.48936, 34.14762], [-118.48969, 34.14763], [-118.49009, 34.14763], [-118.49053, 34.14763], [-118.49052, 34.14745], [-118.49081, 34.14745], [-118.4909, 34.14745], [-118.49132, 34.14745], [-118.49171, 34.14745], [-118.49174, 34.14763], [-118.49178, 34.1479], [-118.49188, 34.14857], [-118.49187, 34.14944], [-118.49184, 34.14942], [-118.49181, 34.1494], [-118.49178, 34.1494], [-118.49174, 34.1494], [-118.4917, 34.14939], [-118.49165, 34.14938], [-118.49159, 34.14937], [-118.49154, 34.14936], [-118.49147, 34.14945], [-118.49138, 34.14962], [-118.49148, 34.14977], [-118.4916, 34.14997], [-118.49136, 34.15023], [-118.4913, 34.15033], [-118.49133, 34.15035], [-118.49137, 34.15037], [-118.49141, 34.15038], [-118.49145, 34.1504], [-118.4915, 34.15042], [-118.49155, 34.15043], [-118.4916, 34.15044], [-118.49165, 34.15045], [-118.49171, 34.15046], [-118.49176, 34.15046], [-118.49181, 34.15046], [-118.49187, 34.15045], [-118.49193, 34.15045], [-118.49199, 34.15044], [-118.49205, 34.15042], [-118.49211, 34.1504], [-118.49217, 34.15038], [-118.49222, 34.15035], [-118.49225, 34.15035], [-118.49229, 34.15036], [-118.49253, 34.15059], [-118.49182, 34.15079], [-118.49183, 34.15093], [-118.49236, 34.15093], [-118.49281, 34.15093], [-118.49285, 34.15093], [-118.49289, 34.15093], [-118.49288, 34.15096], [-118.493, 34.15096], [-118.49273, 34.15195], [-118.49266, 34.15225], [-118.49237, 34.15364], [-118.49236, 34.15372], [-118.49236, 34.15409], [-118.49236, 34.15499], [-118.49236, 34.15603], [-118.49236, 34.15647], [-118.49234, 34.15655], [-118.49234, 34.15663], [-118.49233, 34.15671], [-118.49233, 34.15696], [-118.49236, 34.15743], [-118.49236, 34.15757], [-118.49221, 34.15755], [-118.49188, 34.1575], [-118.49155, 34.15746], [-118.49148, 34.15745], [-118.49142, 34.15744], [-118.49132, 34.15743], [-118.4907, 34.15734], [-118.49026, 34.15728], [-118.49015, 34.15727], [-118.49003, 34.15725], [-118.48992, 34.15724], [-118.48962, 34.1572], [-118.48959, 34.1572], [-118.48947, 34.15718], [-118.4894, 34.15717], [-118.48935, 34.15716], [-118.48931, 34.15716], [-118.48926, 34.15715], [-118.48916, 34.15713], [-118.48901, 34.15711], [-118.48867, 34.15706], [-118.48853, 34.15704], [-118.48832, 34.15702], [-118.48812, 34.15699], [-118.488, 34.15698], [-118.48796, 34.15697], [-118.48791, 34.15696], [-118.48754, 34.15691], [-118.48716, 34.15686], [-118.4871, 34.15685], [-118.48685, 34.15681], [-118.48663, 34.15679], [-118.48644, 34.15676], [-118.48632, 34.15674], [-118.48626, 34.15673], [-118.48606, 34.15671], [-118.48573, 34.15666], [-118.48566, 34.15665], [-118.4854, 34.15662], [-118.48533, 34.15661], [-118.48443, 34.15648], [-118.48414, 34.15645], [-118.48406, 34.15643], [-118.48394, 34.15642], [-118.48391, 34.15641], [-118.48383, 34.1564], [-118.48374, 34.15639], [-118.48367, 34.15638], [-118.48363, 34.15638], [-118.48354, 34.15637], [-118.48348, 34.15636], [-118.48325, 34.15632], [-118.48318, 34.15631], [-118.48315, 34.15631], [-118.48308, 34.1563], [-118.48296, 34.15628], [-118.48176, 34.15612], [-118.48156, 34.15609], [-118.48146, 34.15608], [-118.48135, 34.15606], [-118.4812, 34.15604], [-118.48115, 34.15604], [-118.48111, 34.15603], [-118.48097, 34.15601], [-118.48092, 34.15601], [-118.48088, 34.156], [-118.48084, 34.15599], [-118.48078, 34.15599], [-118.48074, 34.15598], [-118.48065, 34.15597], [-118.48049, 34.15594], [-118.48034, 34.15592], [-118.47987, 34.15586], [-118.47938, 34.1558], [-118.47927, 34.15578], [-118.47921, 34.15577], [-118.47917, 34.15577], [-118.47873, 34.1557], [-118.47763, 34.15555], [-118.47751, 34.15553], [-118.47742, 34.15552], [-118.47738, 34.15552], [-118.47732, 34.15551], [-118.47728, 34.1555], [-118.47725, 34.1555], [-118.4771, 34.15548], [-118.47706, 34.15548], [-118.47702, 34.15547], [-118.47659, 34.15541], [-118.47617, 34.15535], [-118.47541, 34.15525], [-118.47525, 34.15523], [-118.4752, 34.15522], [-118.47509, 34.1552], [-118.47501, 34.15519], [-118.47491, 34.15518], [-118.47487, 34.15518], [-118.47474, 34.15516], [-118.47465, 34.15514], [-118.47461, 34.15514], [-118.47453, 34.15513], [-118.4745, 34.15513], [-118.47445, 34.15512], [-118.4744, 34.15511], [-118.47418, 34.15508], [-118.47412, 34.15507], [-118.47407, 34.15506], [-118.47383, 34.15503], [-118.47373, 34.15502], [-118.47366, 34.15501], [-118.47363, 34.155], [-118.4736, 34.155], [-118.4735, 34.15499], [-118.47345, 34.15498], [-118.47342, 34.15498], [-118.47338, 34.15497], [-118.47334, 34.15496], [-118.47328, 34.15495], [-118.47317, 34.15494], [-118.47308, 34.15493], [-118.47305, 34.15493], [-118.47301, 34.15492], [-118.47284, 34.1549], [-118.47279, 34.1549], [-118.47269, 34.15488], [-118.47233, 34.15484], [-118.47209, 34.15481], [-118.47132, 34.15467], [-118.47046, 34.15453], [-118.47041, 34.15452], [-118.47032, 34.15451], [-118.47021, 34.15449], [-118.47015, 34.15448], [-118.47, 34.15445], [-118.46949, 34.15437], [-118.46942, 34.15436], [-118.46938, 34.15435], [-118.46923, 34.15433], [-118.46919, 34.15432], [-118.46897, 34.15429], [-118.46855, 34.15421], [-118.46845, 34.15419], [-118.4684, 34.15418], [-118.46823, 34.15415], [-118.46797, 34.15411], [-118.46793, 34.15388], [-118.46791, 34.15361], [-118.46789, 34.15334], [-118.46788, 34.15308], [-118.46788, 34.15304]]]}}, {"type": "Feature", "properties": {"zone_id": "LOS-Q1115-A", "zone_status": "Evacuation Warning", "zone_status_reason": "LAFD: Evacuation Warning for Palisades Fire. People on the perimeter of the Palisades Fire should be prepared to evacuate if the Palisades wildfire shifts to that direction. Updates at lafd.org/alerts. ", "county_abbr": "XLA", "north_of": "Santa Maria Rd", "east_of": "Fontana Ranch Rd", "south_of": "Mulholland Dr", "west_of": "Mulholland Dr, Gleneagles Dr", "acreage": 333, "est_population": 1, "city_abbr": "LOS", "zone_sequence": "Q1115-A", "zone_approval_status": "Published", "last_updated": 1736608948000, "url": "https://protect.genasys.com/zones/US-CA-XLA-LOS-Q1115-A", "County_Name": "Los Angeles", "Data_Source_Name": "Zonehaven", "Original_Source_URL": "https://protect.genasys.com/zones/US-CA-XLA-LOS-Q1115-A"}, "geometry": {"type": "Polygon", "coordinates": [[[-118.56298, 34.13457], [-118.56298, 34.13453], [-118.56299, 34.1345], [-118.56299, 34.13447], [-118.563, 34.13441], [-118.56301, 34.13438], [-118.56303, 34.13432], [-118.56304, 34.13429], [-118.56305, 34.13424], [-118.56307, 34.13419], [-118.56309, 34.13415], [-118.56311, 34.13411], [-118.56313, 34.13405], [-118.56315, 34.13402], [-118.56316, 34.13398], [-118.56318, 34.13395], [-118.5632, 34.13392], [-118.56323, 34.13387], [-118.56326, 34.13382], [-118.56328, 34.13379], [-118.56331, 34.13375], [-118.56335, 34.1337], [-118.56338, 34.13366], [-118.56492, 34.13023], [-118.56499, 34.13025], [-118.56516, 34.13032], [-118.56522, 34.13034], [-118.56526, 34.13035], [-118.56532, 34.13038], [-118.56539, 34.1304], [-118.56551, 34.13045], [-118.56687, 34.13097], [-118.56699, 34.13101], [-118.5684, 34.13155], [-118.5699, 34.13212], [-118.57057, 34.13238], [-118.57073, 34.13244], [-118.57085, 34.13249], [-118.57142, 34.1327], [-118.57167, 34.1328], [-118.57281, 34.13323], [-118.57293, 34.13328], [-118.57299, 34.1333], [-118.57317, 34.13337], [-118.57322, 34.13339], [-118.5733, 34.13342], [-118.57347, 34.13349], [-118.57382, 34.13362], [-118.5741, 34.13372], [-118.57429, 34.1338], [-118.57433, 34.13381], [-118.57436, 34.13383], [-118.57467, 34.13394], [-118.57486, 34.13402], [-118.57492, 34.13404], [-118.575, 34.13407], [-118.57504, 34.13409], [-118.57517, 34.13413], [-118.57528, 34.13418], [-118.57534, 34.1342], [-118.57582, 34.13438], [-118.57616, 34.13451], [-118.57624, 34.13454], [-118.57637, 34.13459], [-118.57662, 34.13469], [-118.57676, 34.13474], [-118.57723, 34.13492], [-118.57739, 34.13498], [-118.57755, 34.13504], [-118.57758, 34.13505], [-118.5777, 34.1351], [-118.57777, 34.13512], [-118.57789, 34.13517], [-118.5782, 34.13529], [-118.57827, 34.13531], [-118.57851, 34.13541], [-118.57909, 34.13562], [-118.5794, 34.13574], [-118.58001, 34.13597], [-118.58005, 34.13599], [-118.5801, 34.13601], [-118.58019, 34.13604], [-118.58082, 34.13628], [-118.58133, 34.13648], [-118.58138, 34.13649], [-118.58141, 34.1365], [-118.58382, 34.13742], [-118.58439, 34.13764], [-118.58452, 34.13769], [-118.58461, 34.13772], [-118.58523, 34.13796], [-118.58568, 34.13813], [-118.58707, 34.13866], [-118.5874, 34.13878], [-118.58744, 34.1388], [-118.5876, 34.13886], [-118.58788, 34.13896], [-118.58797, 34.139], [-118.58817, 34.13908], [-118.58826, 34.13911], [-118.5883, 34.13913], [-118.5883, 34.13913], [-118.58831, 34.14122], [-118.58831, 34.1421], [-118.58831, 34.14216], [-118.58831, 34.14232], [-118.58831, 34.14267], [-118.58831, 34.14279], [-118.58681, 34.14275], [-118.58589, 34.14317], [-118.58487, 34.1429], [-118.58404, 34.14206], [-118.58234, 34.141], [-118.5792, 34.13966], [-118.57699, 34.13909], [-118.57681, 34.14001], [-118.57635, 34.14081], [-118.57506, 34.13959], [-118.57404, 34.13959], [-118.57363, 34.13867], [-118.57174, 34.13909], [-118.57082, 34.13978], [-118.56925, 34.13882], [-118.56782, 34.13791], [-118.56567, 34.13774], [-118.56567, 34.13774], [-118.56568, 34.13771], [-118.56569, 34.13768], [-118.5657, 34.13765], [-118.5657, 34.13761], [-118.56571, 34.13758], [-118.56571, 34.13754], [-118.56571, 34.13751], [-118.56555, 34.13751], [-118.56455, 34.13688], [-118.56445, 34.13681], [-118.56445, 34.13675], [-118.56445, 34.1366], [-118.56445, 34.13622], [-118.56445, 34.13607], [-118.56445, 34.13576], [-118.56446, 34.13532], [-118.56423, 34.13533], [-118.56411, 34.13534], [-118.56387, 34.13518], [-118.56364, 34.13502], [-118.56341, 34.13486], [-118.56316, 34.13469], [-118.56298, 34.13457]]]}}, {"type": "Feature", "properties": {"zone_id": "LOS-Q1115-B", "zone_status": "Evacuation Warning", "zone_status_reason": "LAFD: Evacuation Warning for Palisades Fire. People on the perimeter of the Palisades Fire should be prepared to evacuate if the Palisades wildfire shifts to that direction. Updates at lafd.org/alerts. ", "county_abbr": "XLA", "north_of": "Santa Maria Fire Rd, Mulholland Dr", "east_of": "Danza St, Campana Rd", "south_of": "Queen Florence Ln", "west_of": "Aleman Dr, Ellenita Ave", "acreage": 635, "est_population": 38, "city_abbr": "LOS", "zone_sequence": "Q1115-B", "zone_approval_status": "Published", "last_updated": 1736608948000, "url": "https://protect.genasys.com/zones/US-CA-XLA-LOS-Q1115-B", "County_Name": "Los Angeles", "Data_Source_Name": "Zonehaven", "Original_Source_URL": "https://protect.genasys.com/zones/US-CA-XLA-LOS-Q1115-B"}, "geometry": {"type": "Polygon", "coordinates": [[[-118.58831, 34.14279], [-118.58831, 34.14287], [-118.58832, 34.14524], [-118.58833, 34.15017], [-118.58834, 34.15135], [-118.58834, 34.15167], [-118.58834, 34.15185], [-118.58834, 34.1521], [-118.58834, 34.1523], [-118.58834, 34.15251], [-118.58834, 34.15278], [-118.58834, 34.15284], [-118.58834, 34.1529], [-118.58834, 34.15325], [-118.58834, 34.15329], [-118.58834, 34.15345], [-118.58834, 34.15414], [-118.58834, 34.1544], [-118.58834, 34.15443], [-118.58834, 34.15446], [-118.58835, 34.15479], [-118.58835, 34.15497], [-118.58835, 34.15514], [-118.58835, 34.1554], [-118.58835, 34.15564], [-118.58835, 34.15614], [-118.58835, 34.15642], [-118.58835, 34.15663], [-118.58835, 34.15669], [-118.58835, 34.15683], [-118.58835, 34.15731], [-118.58821, 34.1574], [-118.58807, 34.15749], [-118.588, 34.15754], [-118.5879, 34.15747], [-118.58779, 34.15743], [-118.58767, 34.15741], [-118.58631, 34.15742], [-118.58626, 34.15743], [-118.58604, 34.15748], [-118.58579, 34.15755], [-118.58552, 34.15763], [-118.58551, 34.15757], [-118.5855, 34.15754], [-118.58541, 34.15706], [-118.58507, 34.15699], [-118.58496, 34.15696], [-118.58485, 34.15662], [-118.58475, 34.15629], [-118.58467, 34.15604], [-118.58459, 34.15579], [-118.58448, 34.15554], [-118.58437, 34.1553], [-118.58426, 34.15505], [-118.58416, 34.1548], [-118.58399, 34.15457], [-118.58382, 34.15432], [-118.5838, 34.1543], [-118.58425, 34.15355], [-118.58459, 34.15298], [-118.58443, 34.15269], [-118.58434, 34.15252], [-118.58425, 34.15237], [-118.58443, 34.15225], [-118.58454, 34.15217], [-118.58457, 34.15215], [-118.58497, 34.15197], [-118.58495, 34.15151], [-118.58458, 34.1514], [-118.58459, 34.15137], [-118.58534, 34.15159], [-118.58541, 34.15132], [-118.58549, 34.15099], [-118.58555, 34.15072], [-118.58567, 34.15024], [-118.58509, 34.15021], [-118.58496, 34.15039], [-118.58492, 34.15039], [-118.585, 34.15011], [-118.5846, 34.15006], [-118.58442, 34.15003], [-118.58425, 34.15001], [-118.5837, 34.14994], [-118.58353, 34.1503], [-118.5835, 34.15029], [-118.58347, 34.15028], [-118.58343, 34.15028], [-118.58349, 34.14978], [-118.58341, 34.14951], [-118.58325, 34.14934], [-118.58298, 34.14928], [-118.58295, 34.1493], [-118.58262, 34.14954], [-118.58257, 34.14958], [-118.58237, 34.14971], [-118.58211, 34.14983], [-118.58191, 34.14992], [-118.58174, 34.15002], [-118.5817, 34.15005], [-118.58147, 34.15016], [-118.58144, 34.15027], [-118.5815, 34.15034], [-118.58132, 34.15067], [-118.58131, 34.15061], [-118.58126, 34.15038], [-118.58121, 34.15014], [-118.58105, 34.14934], [-118.58106, 34.14931], [-118.58111, 34.14909], [-118.58139, 34.1487], [-118.58169, 34.14857], [-118.5817, 34.14853], [-118.58174, 34.1484], [-118.58178, 34.14827], [-118.58197, 34.14813], [-118.58248, 34.14799], [-118.58289, 34.14761], [-118.583, 34.14717], [-118.58252, 34.14676], [-118.58201, 34.14698], [-118.58135, 34.14727], [-118.58078, 34.14751], [-118.5801, 34.14781], [-118.58006, 34.14782], [-118.57993, 34.14771], [-118.57993, 34.14739], [-118.57994, 34.14698], [-118.57994, 34.14667], [-118.57995, 34.14597], [-118.57927, 34.14598], [-118.57861, 34.146], [-118.57829, 34.14536], [-118.5778, 34.14559], [-118.57694, 34.14598], [-118.57689, 34.14623], [-118.5766, 34.1464], [-118.57633, 34.14657], [-118.57628, 34.1466], [-118.57606, 34.14674], [-118.57583, 34.14678], [-118.57578, 34.14679], [-118.57547, 34.14685], [-118.57522, 34.1469], [-118.57506, 34.14693], [-118.57453, 34.14703], [-118.57371, 34.14751], [-118.57358, 34.14769], [-118.57322, 34.14815], [-118.5733, 34.14819], [-118.57354, 34.14832], [-118.57398, 34.14859], [-118.57365, 34.14877], [-118.57318, 34.14902], [-118.57285, 34.1492], [-118.57255, 34.14936], [-118.57235, 34.14947], [-118.57179, 34.14977], [-118.57172, 34.14984], [-118.57162, 34.14986], [-118.57108, 34.15015], [-118.57107, 34.15029], [-118.57105, 34.1506], [-118.57103, 34.1509], [-118.57101, 34.1512], [-118.57099, 34.1515], [-118.57098, 34.15161], [-118.57097, 34.15181], [-118.57095, 34.15206], [-118.5709, 34.15271], [-118.57041, 34.1526], [-118.57036, 34.15278], [-118.57031, 34.15294], [-118.57021, 34.15331], [-118.57008, 34.15335], [-118.57002, 34.15337], [-118.56983, 34.15343], [-118.56952, 34.15353], [-118.56925, 34.15362], [-118.56909, 34.15368], [-118.569, 34.15376], [-118.56861, 34.15413], [-118.56859, 34.15421], [-118.56852, 34.15444], [-118.56845, 34.15471], [-118.56838, 34.15475], [-118.56816, 34.15488], [-118.56802, 34.15497], [-118.56759, 34.15523], [-118.56751, 34.15539], [-118.56745, 34.15552], [-118.56735, 34.15572], [-118.56726, 34.15592], [-118.56716, 34.15612], [-118.56706, 34.15632], [-118.56696, 34.15652], [-118.56693, 34.15658], [-118.56687, 34.15671], [-118.56675, 34.15696], [-118.56665, 34.15717], [-118.56655, 34.15738], [-118.56647, 34.15753], [-118.56651, 34.1576], [-118.56656, 34.15769], [-118.56658, 34.15773], [-118.56695, 34.15839], [-118.56655, 34.15841], [-118.5664, 34.15841], [-118.56609, 34.15787], [-118.56604, 34.15784], [-118.56564, 34.15764], [-118.56566, 34.15759], [-118.56554, 34.15755], [-118.56568, 34.15729], [-118.56527, 34.15718], [-118.56527, 34.15715], [-118.56525, 34.15706], [-118.56531, 34.1569], [-118.56513, 34.15676], [-118.56506, 34.15671], [-118.56502, 34.15668], [-118.56497, 34.15667], [-118.56489, 34.15665], [-118.56461, 34.15622], [-118.56437, 34.15587], [-118.56403, 34.15544], [-118.56391, 34.1553], [-118.56391, 34.15507], [-118.56391, 34.15475], [-118.56391, 34.15451], [-118.56391, 34.15427], [-118.56391, 34.15405], [-118.56391, 34.15383], [-118.56391, 34.15361], [-118.56391, 34.15357], [-118.56391, 34.15343], [-118.56393, 34.15336], [-118.56397, 34.15314], [-118.56402, 34.15292], [-118.56409, 34.15263], [-118.56414, 34.15241], [-118.56416, 34.15231], [-118.56421, 34.15209], [-118.56425, 34.1519], [-118.56428, 34.15179], [-118.56431, 34.15165], [-118.56434, 34.15153], [-118.56435, 34.15148], [-118.56437, 34.1514], [-118.56346, 34.15076], [-118.56356, 34.15033], [-118.56358, 34.15023], [-118.56364, 34.14998], [-118.56383, 34.14971], [-118.56433, 34.149], [-118.56459, 34.14863], [-118.56476, 34.14838], [-118.56508, 34.14791], [-118.56529, 34.14786], [-118.56564, 34.14776], [-118.56566, 34.14714], [-118.56567, 34.14709], [-118.56567, 34.14699], [-118.56568, 34.14687], [-118.56569, 34.14664], [-118.5657, 34.14642], [-118.56571, 34.1462], [-118.56572, 34.14598], [-118.56573, 34.14564], [-118.56574, 34.14544], [-118.56575, 34.14525], [-118.56576, 34.14505], [-118.56576, 34.14486], [-118.56579, 34.14421], [-118.5658, 34.1441], [-118.56583, 34.14398], [-118.56585, 34.14393], [-118.5659, 34.14374], [-118.56596, 34.14356], [-118.56601, 34.14337], [-118.56607, 34.14318], [-118.56612, 34.14299], [-118.56618, 34.1428], [-118.56625, 34.14255], [-118.5663, 34.14236], [-118.56637, 34.14215], [-118.56641, 34.142], [-118.56643, 34.14192], [-118.5665, 34.1417], [-118.56652, 34.14164], [-118.56666, 34.14169], [-118.56673, 34.14183], [-118.56683, 34.14177], [-118.56685, 34.14174], [-118.56683, 34.1417], [-118.56684, 34.14167], [-118.56687, 34.14161], [-118.56693, 34.14159], [-118.56713, 34.14159], [-118.56723, 34.14159], [-118.56727, 34.14159], [-118.56731, 34.14159], [-118.56784, 34.14158], [-118.56806, 34.14158], [-118.56826, 34.14158], [-118.56861, 34.14158], [-118.56889, 34.14158], [-118.56899, 34.14112], [-118.569, 34.14107], [-118.56902, 34.14101], [-118.56902, 34.14097], [-118.56925, 34.13989], [-118.56909, 34.13984], [-118.5687, 34.13971], [-118.56863, 34.13968], [-118.56832, 34.13958], [-118.56773, 34.13938], [-118.5675, 34.1393], [-118.56729, 34.13923], [-118.56706, 34.13915], [-118.56661, 34.139], [-118.56645, 34.13867], [-118.56623, 34.13824], [-118.56618, 34.13812], [-118.56555, 34.13791], [-118.56557, 34.13789], [-118.5656, 34.13786], [-118.56562, 34.13783], [-118.56563, 34.13781], [-118.56565, 34.13777], [-118.56567, 34.13774], [-118.56782, 34.13791], [-118.56925, 34.13882], [-118.57082, 34.13978], [-118.57174, 34.13909], [-118.57363, 34.13867], [-118.57404, 34.13959], [-118.57506, 34.13959], [-118.57635, 34.14081], [-118.57681, 34.14001], [-118.57699, 34.13909], [-118.5792, 34.13966], [-118.58234, 34.141], [-118.58404, 34.14206], [-118.58487, 34.1429], [-118.58589, 34.14317], [-118.58681, 34.14275], [-118.58831, 34.14279]]]}}, {"type": "Feature", "properties": {"zone_id": "LOS-Q1118", "zone_status": "Evacuation Order", "zone_status_reason": "An evacuation ORDER has been issued for these zones. LEAVE NOW. More information: lafd.org/alerts. ", "county_abbr": "XLA", "north_of": "Mission Canyon Road", "east_of": "Calneva Drive", "south_of": "Meadow Ridge Road, Hayvenhurst Avenue", "west_of": "Sepulveda Boulevard, Valley Meadow Place, Royal Oak Road", "acreage": 550, "est_population": 2703, "city_abbr": "LOS", "zone_sequence": "Q1118", "zone_approval_status": "Published", "last_updated": 1736535919000, "url": "https://protect.genasys.com/zones/US-CA-XLA-LOS-Q1118", "County_Name": "Los Angeles", "Data_Source_Name": "Zonehaven", "Original_Source_URL": "https://protect.genasys.com/zones/US-CA-XLA-LOS-Q1118"}, "geometry": {"type": "Polygon", "coordinates": [[[-118.49718, 34.14683], [-118.49562, 34.1484], [-118.49535, 34.14871], [-118.49526, 34.14881], [-118.49517, 34.1489], [-118.4951, 34.14899], [-118.49502, 34.14906], [-118.49496, 34.14914], [-118.49487, 34.14931], [-118.49473, 34.14963], [-118.49447, 34.15028], [-118.49427, 34.1508], [-118.49423, 34.15085], [-118.49418, 34.15088], [-118.4941, 34.1509], [-118.493, 34.15096], [-118.49288, 34.15096], [-118.49289, 34.15093], [-118.49285, 34.15093], [-118.49281, 34.15093], [-118.49236, 34.15093], [-118.49183, 34.15093], [-118.49182, 34.15079], [-118.49253, 34.15059], [-118.49229, 34.15036], [-118.49225, 34.15035], [-118.49222, 34.15035], [-118.49217, 34.15038], [-118.49211, 34.1504], [-118.49205, 34.15042], [-118.49199, 34.15044], [-118.49193, 34.15045], [-118.49187, 34.15045], [-118.49181, 34.15046], [-118.49176, 34.15046], [-118.49171, 34.15046], [-118.49165, 34.15045], [-118.4916, 34.15044], [-118.49155, 34.15043], [-118.4915, 34.15042], [-118.49145, 34.1504], [-118.49141, 34.15038], [-118.49137, 34.15037], [-118.49133, 34.15035], [-118.4913, 34.15033], [-118.49136, 34.15023], [-118.4916, 34.14997], [-118.49148, 34.14977], [-118.49138, 34.14962], [-118.49147, 34.14945], [-118.49154, 34.14936], [-118.49159, 34.14937], [-118.49165, 34.14938], [-118.4917, 34.14939], [-118.49174, 34.1494], [-118.49178, 34.1494], [-118.49181, 34.1494], [-118.49184, 34.14942], [-118.49187, 34.14944], [-118.49188, 34.14857], [-118.49178, 34.1479], [-118.49174, 34.14763], [-118.49171, 34.14745], [-118.49132, 34.14745], [-118.4909, 34.14745], [-118.49081, 34.14745], [-118.49052, 34.14745], [-118.49053, 34.14763], [-118.49009, 34.14763], [-118.48969, 34.14763], [-118.48936, 34.14762], [-118.48904, 34.14762], [-118.48876, 34.14762], [-118.48859, 34.14762], [-118.48859, 34.14806], [-118.48826, 34.14802], [-118.48799, 34.14812], [-118.48783, 34.14812], [-118.48747, 34.14812], [-118.48747, 34.148], [-118.48747, 34.14779], [-118.48712, 34.14774], [-118.48712, 34.14762], [-118.48677, 34.14762], [-118.48672, 34.14759], [-118.48644, 34.14745], [-118.4864, 34.14743], [-118.4864, 34.1475], [-118.48614, 34.14752], [-118.48614, 34.14691], [-118.48614, 34.14683], [-118.48614, 34.14679], [-118.48614, 34.14643], [-118.48614, 34.14636], [-118.48614, 34.14629], [-118.48614, 34.146], [-118.48614, 34.14588], [-118.48614, 34.14571], [-118.48614, 34.14561], [-118.48614, 34.14543], [-118.48614, 34.14516], [-118.48614, 34.14488], [-118.48614, 34.14484], [-118.48614, 34.1446], [-118.48614, 34.14447], [-118.48614, 34.14431], [-118.48614, 34.14401], [-118.48614, 34.14388], [-118.48589, 34.14398], [-118.48571, 34.14398], [-118.48551, 34.14392], [-118.48532, 34.14371], [-118.48526, 34.1436], [-118.48512, 34.1434], [-118.48474, 34.1428], [-118.48472, 34.14276], [-118.48467, 34.14268], [-118.48453, 34.14274], [-118.48435, 34.14241], [-118.48432, 34.14234], [-118.48429, 34.1423], [-118.48433, 34.14209], [-118.48436, 34.14194], [-118.48439, 34.14179], [-118.48443, 34.14155], [-118.48446, 34.14139], [-118.4845, 34.14123], [-118.48452, 34.14111], [-118.48456, 34.14087], [-118.48458, 34.14079], [-118.4845, 34.14069], [-118.48443, 34.1406], [-118.48419, 34.14028], [-118.48427, 34.14007], [-118.48439, 34.13978], [-118.48489, 34.13978], [-118.48525, 34.13969], [-118.48547, 34.13964], [-118.48565, 34.13943], [-118.48613, 34.1393], [-118.48613, 34.13926], [-118.48613, 34.13922], [-118.48613, 34.13898], [-118.48613, 34.13866], [-118.48613, 34.13855], [-118.48613, 34.1384], [-118.48613, 34.13822], [-118.48613, 34.13815], [-118.48613, 34.13797], [-118.48613, 34.13781], [-118.48613, 34.13768], [-118.48613, 34.1374], [-118.48613, 34.13716], [-118.48613, 34.13713], [-118.48613, 34.13702], [-118.48613, 34.13689], [-118.48613, 34.13658], [-118.48612, 34.1365], [-118.48612, 34.13625], [-118.48612, 34.1362], [-118.48612, 34.13601], [-118.48613, 34.13588], [-118.48625, 34.13584], [-118.48642, 34.13582], [-118.48673, 34.13581], [-118.4869, 34.13577], [-118.48706, 34.1357], [-118.48718, 34.13562], [-118.48728, 34.13553], [-118.48739, 34.1354], [-118.48744, 34.13528], [-118.48747, 34.13517], [-118.48747, 34.13505], [-118.48746, 34.13495], [-118.48744, 34.13488], [-118.4874, 34.13476], [-118.48733, 34.13466], [-118.48724, 34.13456], [-118.48714, 34.13448], [-118.487, 34.13439], [-118.48687, 34.13435], [-118.48672, 34.13432], [-118.48656, 34.13431], [-118.48585, 34.13434], [-118.48572, 34.13436], [-118.48552, 34.1344], [-118.48463, 34.13465], [-118.48445, 34.13467], [-118.48426, 34.13468], [-118.48409, 34.13467], [-118.48388, 34.13461], [-118.4837, 34.13454], [-118.48349, 34.13441], [-118.48336, 34.13433], [-118.48325, 34.13426], [-118.48306, 34.1342], [-118.48289, 34.13417], [-118.4827, 34.13416], [-118.48246, 34.13417], [-118.4823, 34.13416], [-118.48212, 34.13414], [-118.48195, 34.13409], [-118.48179, 34.13401], [-118.48165, 34.13391], [-118.48151, 34.1338], [-118.48134, 34.13371], [-118.48122, 34.13366], [-118.48105, 34.13362], [-118.48087, 34.1336], [-118.48061, 34.13356], [-118.48042, 34.13349], [-118.48026, 34.1334], [-118.48012, 34.13329], [-118.48009, 34.13325], [-118.48003, 34.13318], [-118.47992, 34.133], [-118.47988, 34.13288], [-118.47985, 34.13265], [-118.4799, 34.13238], [-118.47993, 34.13227], [-118.47996, 34.13217], [-118.48, 34.13207], [-118.48006, 34.13197], [-118.48014, 34.13184], [-118.48043, 34.13137], [-118.48054, 34.13118], [-118.48059, 34.1311], [-118.48062, 34.13102], [-118.48063, 34.13094], [-118.48064, 34.13085], [-118.48064, 34.13076], [-118.48063, 34.13066], [-118.48052, 34.12981], [-118.4809, 34.12992], [-118.48102, 34.12995], [-118.48114, 34.13], [-118.48124, 34.13005], [-118.48154, 34.13021], [-118.48168, 34.13028], [-118.48182, 34.13034], [-118.48222, 34.1305], [-118.48236, 34.13056], [-118.4825, 34.1306], [-118.48263, 34.13063], [-118.48275, 34.13063], [-118.48288, 34.13063], [-118.48295, 34.13062], [-118.48302, 34.13061], [-118.48309, 34.1306], [-118.48316, 34.13059], [-118.48327, 34.13056], [-118.48337, 34.13053], [-118.48352, 34.1305], [-118.48366, 34.13049], [-118.48372, 34.13048], [-118.48383, 34.13048], [-118.4839, 34.13047], [-118.48398, 34.13045], [-118.48405, 34.13043], [-118.48413, 34.1304], [-118.4842, 34.13035], [-118.48427, 34.1303], [-118.48436, 34.13023], [-118.4844, 34.13019], [-118.48447, 34.13013], [-118.48454, 34.13009], [-118.48461, 34.13004], [-118.48474, 34.12999], [-118.48482, 34.12997], [-118.48488, 34.12996], [-118.48492, 34.12995], [-118.48498, 34.12994], [-118.48505, 34.12993], [-118.48509, 34.12993], [-118.48515, 34.12994], [-118.48545, 34.12996], [-118.48747, 34.1301], [-118.48759, 34.1301], [-118.4877, 34.13009], [-118.48822, 34.13006], [-118.48881, 34.1301], [-118.4891, 34.13016], [-118.48936, 34.13027], [-118.48958, 34.13041], [-118.48994, 34.1307], [-118.48999, 34.13078], [-118.49016, 34.1311], [-118.49023, 34.13119], [-118.49031, 34.13123], [-118.4904, 34.13126], [-118.49053, 34.13127], [-118.49076, 34.13124], [-118.49099, 34.13119], [-118.4912, 34.13115], [-118.49145, 34.13111], [-118.49172, 34.13106], [-118.4922, 34.13104], [-118.49246, 34.13101], [-118.49277, 34.13094], [-118.49298, 34.13088], [-118.49326, 34.13076], [-118.49343, 34.13063], [-118.49351, 34.13059], [-118.49373, 34.13044], [-118.49388, 34.13059], [-118.49397, 34.13063], [-118.49404, 34.13062], [-118.49414, 34.1306], [-118.49432, 34.13053], [-118.49447, 34.1305], [-118.49462, 34.13051], [-118.49476, 34.13055], [-118.49489, 34.13064], [-118.49496, 34.13075], [-118.49499, 34.13085], [-118.495, 34.13096], [-118.49494, 34.13138], [-118.49491, 34.13178], [-118.49485, 34.13277], [-118.49491, 34.13306], [-118.49514, 34.13356], [-118.49516, 34.13363], [-118.49517, 34.13366], [-118.49517, 34.13377], [-118.49515, 34.13387], [-118.49491, 34.1344], [-118.49487, 34.13455], [-118.49489, 34.13472], [-118.49496, 34.13486], [-118.49509, 34.13499], [-118.49539, 34.13526], [-118.49547, 34.13537], [-118.4955, 34.13547], [-118.49549, 34.13574], [-118.49549, 34.13582], [-118.49549, 34.13587], [-118.49556, 34.13599], [-118.49618, 34.13658], [-118.49628, 34.1367], [-118.49636, 34.13682], [-118.4965, 34.13724], [-118.49655, 34.13742], [-118.49664, 34.13754], [-118.49678, 34.13763], [-118.49691, 34.13766], [-118.49706, 34.13771], [-118.49702, 34.13783], [-118.497, 34.13801], [-118.49724, 34.14137], [-118.49734, 34.14186], [-118.49754, 34.14228], [-118.49811, 34.14349], [-118.49821, 34.14375], [-118.49824, 34.14393], [-118.49826, 34.14418], [-118.49821, 34.14451], [-118.49803, 34.14537], [-118.49792, 34.14553], [-118.4978, 34.14578], [-118.49718, 34.14683]]]}}, {"type": "Feature", "properties": {"zone_id": "LOS-Q1119", "zone_status": "Evacuation Warning", "zone_status_reason": "An evacuation WARNING has been issued for these zones. GET READY for potential evacuation. More information at lafd.org/alerts. ", "county_abbr": "XLA", "north_of": "Roscomare Road, East Sepulveda Fire Road, Chalon Road", "east_of": "San Diego Freeway", "south_of": "Roscomare Road, West Mulholland Drive, Casiano Road, Mulholland Drive", "west_of": "Stradella Road", "acreage": 1000, "est_population": 1236, "city_abbr": "LOS", "zone_sequence": "Q1119", "zone_approval_status": "Published", "last_updated": 1736536424000, "url": "https://protect.genasys.com/zones/US-CA-XLA-LOS-Q1119", "County_Name": "Los Angeles", "Data_Source_Name": "Zonehaven", "Original_Source_URL": "https://protect.genasys.com/zones/US-CA-XLA-LOS-Q1119"}, "geometry": {"type": "Polygon", "coordinates": [[[-118.46099, 34.13048], [-118.46074, 34.13039], [-118.4606, 34.13039], [-118.46043, 34.1304], [-118.46033, 34.13044], [-118.46014, 34.13049], [-118.46002, 34.13049], [-118.45961, 34.13052], [-118.45938, 34.13025], [-118.45925, 34.13012], [-118.45907, 34.13021], [-118.4588, 34.13017], [-118.45816, 34.12993], [-118.45817, 34.12974], [-118.4581, 34.12952], [-118.45783, 34.12919], [-118.45778, 34.12904], [-118.45776, 34.12889], [-118.45765, 34.12877], [-118.4576, 34.12867], [-118.45757, 34.12851], [-118.45759, 34.12838], [-118.45733, 34.12802], [-118.45726, 34.12768], [-118.45694, 34.1271], [-118.45679, 34.12689], [-118.45681, 34.12678], [-118.45671, 34.12669], [-118.45672, 34.12665], [-118.45674, 34.12652], [-118.45701, 34.1265], [-118.45708, 34.12656], [-118.45726, 34.12666], [-118.4574, 34.12667], [-118.45753, 34.1267], [-118.45773, 34.12667], [-118.45822, 34.12643], [-118.45843, 34.12604], [-118.45879, 34.12269], [-118.45896, 34.12138], [-118.46015, 34.12026], [-118.46015, 34.1199], [-118.46223, 34.11623], [-118.46242, 34.11605], [-118.46261, 34.11587], [-118.46282, 34.11568], [-118.46277, 34.11553], [-118.46293, 34.11555], [-118.46349, 34.1153], [-118.4635, 34.11514], [-118.4635, 34.11484], [-118.4635, 34.11471], [-118.4635, 34.11468], [-118.46351, 34.11465], [-118.46331, 34.11464], [-118.46334, 34.11439], [-118.46335, 34.11431], [-118.46338, 34.11411], [-118.4634, 34.11399], [-118.46336, 34.11377], [-118.46334, 34.11362], [-118.46333, 34.11356], [-118.46331, 34.11347], [-118.46329, 34.11336], [-118.46329, 34.11332], [-118.46329, 34.11316], [-118.4633, 34.11313], [-118.4633, 34.11293], [-118.46328, 34.11277], [-118.46328, 34.11274], [-118.46326, 34.11255], [-118.46325, 34.1125], [-118.46323, 34.11231], [-118.46321, 34.11222], [-118.46319, 34.11206], [-118.46318, 34.11195], [-118.46317, 34.11183], [-118.46314, 34.11163], [-118.46314, 34.1116], [-118.46313, 34.11149], [-118.46311, 34.11139], [-118.4631, 34.11128], [-118.46309, 34.11116], [-118.46307, 34.11099], [-118.46306, 34.11089], [-118.46303, 34.11067], [-118.46281, 34.11044], [-118.46276, 34.1104], [-118.46255, 34.11019], [-118.46263, 34.10989], [-118.46263, 34.10979], [-118.46263, 34.10969], [-118.46263, 34.10956], [-118.46262, 34.10948], [-118.46262, 34.10924], [-118.46261, 34.10899], [-118.4626, 34.10877], [-118.4626, 34.10859], [-118.4626, 34.10854], [-118.46262, 34.10839], [-118.46263, 34.10833], [-118.46264, 34.10819], [-118.46265, 34.10809], [-118.46268, 34.10789], [-118.46268, 34.10781], [-118.4627, 34.10767], [-118.46271, 34.10757], [-118.46273, 34.10737], [-118.46276, 34.10732], [-118.46285, 34.10714], [-118.46291, 34.10703], [-118.46298, 34.10688], [-118.46275, 34.10683], [-118.46254, 34.10679], [-118.46253, 34.10656], [-118.46252, 34.10634], [-118.4625, 34.10605], [-118.46231, 34.10604], [-118.4623, 34.10585], [-118.46229, 34.10564], [-118.46227, 34.10543], [-118.46227, 34.10539], [-118.46226, 34.10523], [-118.46225, 34.10499], [-118.46236, 34.10493], [-118.46255, 34.10483], [-118.46255, 34.10472], [-118.46255, 34.10459], [-118.46256, 34.10431], [-118.46272, 34.10395], [-118.46283, 34.10371], [-118.4628, 34.10351], [-118.46277, 34.1033], [-118.46276, 34.10325], [-118.46274, 34.10314], [-118.46273, 34.10303], [-118.46269, 34.10282], [-118.46267, 34.10264], [-118.46266, 34.10258], [-118.46263, 34.10239], [-118.46238, 34.1021], [-118.46229, 34.10199], [-118.46203, 34.10169], [-118.46195, 34.10159], [-118.46189, 34.10161], [-118.46177, 34.10147], [-118.46182, 34.10144], [-118.46174, 34.10134], [-118.46161, 34.10119], [-118.46144, 34.10099], [-118.46123, 34.10074], [-118.46123, 34.10062], [-118.46123, 34.10057], [-118.46123, 34.10032], [-118.46123, 34.10025], [-118.46123, 34.1], [-118.46163, 34.1], [-118.4618, 34.1], [-118.46193, 34.09998], [-118.46277, 34.09981], [-118.46189, 34.09893], [-118.46133, 34.09876], [-118.46221, 34.09837], [-118.46312, 34.09818], [-118.46323, 34.09794], [-118.46333, 34.09771], [-118.4634, 34.09754], [-118.46347, 34.09737], [-118.46345, 34.09712], [-118.46343, 34.09691], [-118.46341, 34.09672], [-118.4634, 34.09653], [-118.46255, 34.09676], [-118.46228, 34.09649], [-118.46222, 34.09643], [-118.46217, 34.09638], [-118.46203, 34.09623], [-118.46193, 34.09614], [-118.46187, 34.09617], [-118.46166, 34.09629], [-118.46118, 34.09656], [-118.46055, 34.09679], [-118.46015, 34.09694], [-118.45997, 34.09675], [-118.45993, 34.09664], [-118.45992, 34.09634], [-118.45991, 34.09606], [-118.45999, 34.09597], [-118.46018, 34.09573], [-118.46056, 34.09581], [-118.46077, 34.09551], [-118.46086, 34.0954], [-118.4611, 34.09506], [-118.46116, 34.09501], [-118.46134, 34.09485], [-118.46163, 34.09458], [-118.46192, 34.09431], [-118.46208, 34.09416], [-118.46186, 34.09415], [-118.46093, 34.09412], [-118.46083, 34.09412], [-118.46079, 34.09404], [-118.46066, 34.09379], [-118.4605, 34.09349], [-118.4604, 34.0933], [-118.46011, 34.09274], [-118.46007, 34.09266], [-118.45996, 34.09246], [-118.4599, 34.09234], [-118.4598, 34.09216], [-118.46058, 34.09213], [-118.46051, 34.09185], [-118.46049, 34.09178], [-118.46049, 34.09175], [-118.46044, 34.09157], [-118.46039, 34.09136], [-118.46035, 34.09128], [-118.46023, 34.09103], [-118.46015, 34.09087], [-118.4601, 34.09078], [-118.46007, 34.09071], [-118.45999, 34.09054], [-118.45988, 34.09033], [-118.45984, 34.09024], [-118.45974, 34.09005], [-118.45971, 34.08999], [-118.45961, 34.08979], [-118.45954, 34.08966], [-118.4594, 34.08938], [-118.45925, 34.08907], [-118.45915, 34.08886], [-118.45905, 34.08866], [-118.45894, 34.08846], [-118.45884, 34.08826], [-118.45873, 34.08804], [-118.45861, 34.08779], [-118.45843, 34.08743], [-118.45831, 34.08718], [-118.45828, 34.08711], [-118.45821, 34.08687], [-118.45818, 34.08677], [-118.45809, 34.08645], [-118.45794, 34.08596], [-118.45844, 34.08565], [-118.45849, 34.08562], [-118.45855, 34.08563], [-118.45861, 34.08566], [-118.45865, 34.08568], [-118.45871, 34.08571], [-118.45906, 34.08593], [-118.45915, 34.08598], [-118.45923, 34.08607], [-118.45937, 34.08624], [-118.45946, 34.08627], [-118.45951, 34.08629], [-118.45958, 34.0863], [-118.45994, 34.08621], [-118.46008, 34.08612], [-118.46018, 34.08602], [-118.46027, 34.08591], [-118.46031, 34.08593], [-118.46056, 34.08602], [-118.46061, 34.08611], [-118.46075, 34.08639], [-118.46089, 34.08666], [-118.46095, 34.08676], [-118.461, 34.08686], [-118.46102, 34.08689], [-118.4611, 34.08704], [-118.46115, 34.08715], [-118.46118, 34.08721], [-118.4613, 34.08744], [-118.46132, 34.08747], [-118.46145, 34.08773], [-118.46153, 34.08788], [-118.46154, 34.08799], [-118.46158, 34.08827], [-118.46159, 34.08832], [-118.46163, 34.08863], [-118.46165, 34.08875], [-118.46167, 34.08887], [-118.46173, 34.08917], [-118.46177, 34.08938], [-118.46179, 34.0895], [-118.46185, 34.08984], [-118.4619, 34.09008], [-118.46191, 34.09015], [-118.46196, 34.0902], [-118.46207, 34.09031], [-118.46233, 34.09058], [-118.46257, 34.09084], [-118.46276, 34.09103], [-118.46283, 34.0911], [-118.46326, 34.09102], [-118.46343, 34.09088], [-118.46375, 34.09062], [-118.46414, 34.0903], [-118.4643, 34.09044], [-118.46447, 34.09057], [-118.4649, 34.09022], [-118.46493, 34.0902], [-118.46502, 34.09013], [-118.46508, 34.09016], [-118.46477, 34.09065], [-118.46449, 34.09081], [-118.46435, 34.09088], [-118.4642, 34.09096], [-118.46358, 34.09129], [-118.46352, 34.09132], [-118.46437, 34.0917], [-118.46458, 34.09183], [-118.46475, 34.09194], [-118.46498, 34.09209], [-118.46526, 34.09227], [-118.46493, 34.0929], [-118.46474, 34.0931], [-118.46485, 34.09339], [-118.46491, 34.09354], [-118.465, 34.09377], [-118.46508, 34.09398], [-118.46515, 34.09415], [-118.46517, 34.09421], [-118.4652, 34.0943], [-118.46526, 34.09445], [-118.4653, 34.09454], [-118.46532, 34.0946], [-118.46533, 34.09464], [-118.46536, 34.0947], [-118.46545, 34.09492], [-118.46548, 34.095], [-118.46555, 34.09519], [-118.46567, 34.09551], [-118.46577, 34.09574], [-118.46578, 34.09578], [-118.46581, 34.09583], [-118.46583, 34.09586], [-118.46599, 34.09614], [-118.46601, 34.09617], [-118.46602, 34.0962], [-118.46595, 34.09622], [-118.46555, 34.09629], [-118.46489, 34.09641], [-118.46487, 34.09675], [-118.46486, 34.09703], [-118.46486, 34.09709], [-118.46484, 34.09736], [-118.46483, 34.09764], [-118.46478, 34.09789], [-118.46464, 34.09815], [-118.46452, 34.09836], [-118.4644, 34.09857], [-118.46429, 34.09877], [-118.46415, 34.099], [-118.46405, 34.09919], [-118.46395, 34.09936], [-118.46385, 34.09954], [-118.46379, 34.09965], [-118.46844, 34.09964], [-118.46913, 34.0995], [-118.46947, 34.09952], [-118.46977, 34.09909], [-118.4704, 34.09895], [-118.47047, 34.09893], [-118.47122, 34.09875], [-118.47174, 34.09863], [-118.47688, 34.09657], [-118.4771, 34.0969], [-118.47713, 34.09696], [-118.47735, 34.09732], [-118.47741, 34.09743], [-118.47746, 34.09753], [-118.47752, 34.09764], [-118.47758, 34.09777], [-118.47765, 34.09794], [-118.47771, 34.0981], [-118.47776, 34.09827], [-118.47782, 34.09847], [-118.47786, 34.0987], [-118.47788, 34.09878], [-118.4779, 34.09893], [-118.47792, 34.09913], [-118.47793, 34.09934], [-118.47793, 34.09957], [-118.47792, 34.0997], [-118.47791, 34.09987], [-118.47789, 34.10002], [-118.47786, 34.10019], [-118.47782, 34.10033], [-118.47778, 34.10049], [-118.47772, 34.10071], [-118.47688, 34.10095], [-118.47685, 34.10123], [-118.47702, 34.1017], [-118.47685, 34.10246], [-118.47688, 34.10265], [-118.47673, 34.10323], [-118.47666, 34.10348], [-118.477, 34.10442], [-118.47617, 34.10495], [-118.47614, 34.10528], [-118.4763, 34.10538], [-118.47733, 34.10602], [-118.47549, 34.10627], [-118.47494, 34.10573], [-118.47379, 34.1056], [-118.47368, 34.10581], [-118.47402, 34.10666], [-118.47386, 34.10674], [-118.47372, 34.10697], [-118.47358, 34.1072], [-118.47333, 34.10761], [-118.47337, 34.10789], [-118.47337, 34.1082], [-118.47336, 34.10828], [-118.47336, 34.10839], [-118.4734, 34.10844], [-118.47355, 34.10861], [-118.47368, 34.10875], [-118.47375, 34.10884], [-118.47389, 34.10899], [-118.47386, 34.10928], [-118.47384, 34.10945], [-118.47381, 34.10965], [-118.47377, 34.11002], [-118.47374, 34.11025], [-118.4737, 34.11058], [-118.47347, 34.11057], [-118.47267, 34.11056], [-118.47241, 34.11148], [-118.47214, 34.11241], [-118.47088, 34.11276], [-118.47023, 34.11294], [-118.47044, 34.11397], [-118.4706, 34.11473], [-118.46901, 34.1161], [-118.46967, 34.11702], [-118.46956, 34.11751], [-118.46862, 34.11808], [-118.4695, 34.11877], [-118.46964, 34.11888], [-118.46976, 34.11973], [-118.46974, 34.11976], [-118.46913, 34.11978], [-118.46898, 34.1199], [-118.46861, 34.1202], [-118.46864, 34.12065], [-118.47007, 34.12205], [-118.46977, 34.12243], [-118.46905, 34.12225], [-118.46895, 34.12222], [-118.46842, 34.12274], [-118.4682, 34.12295], [-118.46914, 34.12369], [-118.46891, 34.12443], [-118.46917, 34.12506], [-118.46919, 34.12511], [-118.46973, 34.12519], [-118.46995, 34.12486], [-118.47034, 34.12493], [-118.47035, 34.12487], [-118.47069, 34.12501], [-118.47069, 34.12533], [-118.47067, 34.12539], [-118.47065, 34.12543], [-118.47049, 34.12586], [-118.47035, 34.12622], [-118.47033, 34.12628], [-118.47033, 34.12657], [-118.47046, 34.1268], [-118.47061, 34.12684], [-118.47075, 34.12684], [-118.47089, 34.12685], [-118.47088, 34.1269], [-118.47088, 34.12706], [-118.4709, 34.1272], [-118.471, 34.12781], [-118.47104, 34.128], [-118.47107, 34.12818], [-118.47111, 34.1283], [-118.47117, 34.12841], [-118.47121, 34.12848], [-118.47125, 34.12854], [-118.47131, 34.12861], [-118.47138, 34.12869], [-118.47141, 34.12872], [-118.47148, 34.12878], [-118.47162, 34.12882], [-118.47186, 34.12894], [-118.47196, 34.129], [-118.47188, 34.12911], [-118.47159, 34.12951], [-118.4715, 34.12962], [-118.4714, 34.12972], [-118.4713, 34.12981], [-118.47118, 34.12988], [-118.47106, 34.12995], [-118.47093, 34.13001], [-118.4708, 34.13005], [-118.47067, 34.13009], [-118.47053, 34.13012], [-118.47039, 34.13014], [-118.47026, 34.13015], [-118.47011, 34.13015], [-118.46997, 34.13013], [-118.46984, 34.13011], [-118.46969, 34.13008], [-118.46956, 34.13005], [-118.46943, 34.13], [-118.46928, 34.12994], [-118.46919, 34.12988], [-118.46897, 34.12976], [-118.46887, 34.12971], [-118.46881, 34.12969], [-118.46875, 34.12967], [-118.46863, 34.12963], [-118.46851, 34.1296], [-118.46841, 34.12958], [-118.4683, 34.12955], [-118.46818, 34.12951], [-118.46784, 34.12937], [-118.46773, 34.12933], [-118.46763, 34.12929], [-118.46753, 34.12927], [-118.46741, 34.12926], [-118.46728, 34.12928], [-118.46711, 34.12936], [-118.46697, 34.12951], [-118.46687, 34.12961], [-118.46677, 34.12967], [-118.46643, 34.12971], [-118.46632, 34.12974], [-118.46616, 34.12981], [-118.46586, 34.13004], [-118.46571, 34.13014], [-118.46562, 34.13019], [-118.46547, 34.13024], [-118.46534, 34.13023], [-118.46522, 34.13022], [-118.46507, 34.13019], [-118.46464, 34.1301], [-118.46444, 34.13007], [-118.46431, 34.13007], [-118.46418, 34.13011], [-118.4639, 34.13029], [-118.46366, 34.13047], [-118.46357, 34.13055], [-118.46349, 34.13063], [-118.46343, 34.13072], [-118.4634, 34.1308], [-118.46335, 34.13093], [-118.46329, 34.13104], [-118.46322, 34.13111], [-118.46313, 34.13116], [-118.46303, 34.13119], [-118.46286, 34.13119], [-118.46266, 34.13116], [-118.46251, 34.13111], [-118.46232, 34.131], [-118.46214, 34.13092], [-118.46204, 34.13089], [-118.46195, 34.13088], [-118.46173, 34.13084], [-118.4616, 34.1308], [-118.46152, 34.13077], [-118.46148, 34.13075], [-118.46133, 34.13068], [-118.4611, 34.13054], [-118.46099, 34.13048]]]}}, {"type": "Feature", "properties": {"zone_id": "LOS-Q1163", "zone_status": "Evacuation Warning", "zone_status_reason": "An evacuation WARNING has been issued for these zones. GET READY for potential evacuation. More information at lafd.org/alerts. ", "county_abbr": "XLA", "north_of": "Mulholland Drive, Sepulveda Boulevard", "east_of": "Hayvenhurst Drive, Valley Meadow Place", "south_of": "Valley Vista Boulevard, Woodvale Road", "west_of": "San Diego Freeway", "acreage": 683, "est_population": 2441, "city_abbr": "LOS", "zone_sequence": "Q1163", "zone_approval_status": "Published", "last_updated": 1736536424000, "url": "https://protect.genasys.com/zones/US-CA-XLA-LOS-Q1163", "County_Name": "Los Angeles", "Data_Source_Name": "Zonehaven", "Original_Source_URL": "https://protect.genasys.com/zones/US-CA-XLA-LOS-Q1163"}, "geometry": {"type": "Polygon", "coordinates": [[[-118.47536, 34.12637], [-118.47573, 34.12634], [-118.47666, 34.12625], [-118.47671, 34.12625], [-118.47697, 34.12622], [-118.47741, 34.1262], [-118.47753, 34.1262], [-118.47765, 34.1262], [-118.47776, 34.12621], [-118.47788, 34.12623], [-118.47802, 34.12626], [-118.47815, 34.1263], [-118.47828, 34.12634], [-118.47839, 34.12639], [-118.47844, 34.12642], [-118.4785, 34.12645], [-118.4786, 34.12651], [-118.47869, 34.12658], [-118.47878, 34.12666], [-118.47886, 34.12675], [-118.47894, 34.12684], [-118.479, 34.12694], [-118.47905, 34.12703], [-118.4791, 34.12713], [-118.47913, 34.12722], [-118.47916, 34.12731], [-118.47917, 34.1274], [-118.47918, 34.12749], [-118.47922, 34.12817], [-118.47923, 34.12841], [-118.47925, 34.12855], [-118.47927, 34.12868], [-118.47931, 34.12881], [-118.47933, 34.12888], [-118.47936, 34.12895], [-118.47938, 34.129], [-118.47941, 34.12906], [-118.47947, 34.12916], [-118.47955, 34.12925], [-118.47963, 34.12933], [-118.47971, 34.12941], [-118.47981, 34.12949], [-118.47992, 34.12957], [-118.48004, 34.12964], [-118.48017, 34.1297], [-118.48031, 34.12974], [-118.48046, 34.12979], [-118.48052, 34.12981], [-118.48063, 34.13066], [-118.48064, 34.13076], [-118.48064, 34.13085], [-118.48063, 34.13094], [-118.48062, 34.13102], [-118.48059, 34.1311], [-118.48054, 34.13118], [-118.48043, 34.13137], [-118.48014, 34.13184], [-118.48006, 34.13197], [-118.48, 34.13207], [-118.47996, 34.13217], [-118.47993, 34.13227], [-118.4799, 34.13238], [-118.47985, 34.13265], [-118.47988, 34.13288], [-118.47992, 34.133], [-118.48003, 34.13318], [-118.48009, 34.13325], [-118.48012, 34.13329], [-118.48026, 34.1334], [-118.48042, 34.13349], [-118.48061, 34.13356], [-118.48087, 34.1336], [-118.48105, 34.13362], [-118.48122, 34.13366], [-118.48134, 34.13371], [-118.48151, 34.1338], [-118.48165, 34.13391], [-118.48179, 34.13401], [-118.48195, 34.13409], [-118.48212, 34.13414], [-118.4823, 34.13416], [-118.48246, 34.13417], [-118.4827, 34.13416], [-118.48289, 34.13417], [-118.48306, 34.1342], [-118.48325, 34.13426], [-118.48336, 34.13433], [-118.48349, 34.13441], [-118.4837, 34.13454], [-118.48388, 34.13461], [-118.48409, 34.13467], [-118.48426, 34.13468], [-118.48445, 34.13467], [-118.48463, 34.13465], [-118.48552, 34.1344], [-118.48572, 34.13436], [-118.48585, 34.13434], [-118.48656, 34.13431], [-118.48672, 34.13432], [-118.48687, 34.13435], [-118.487, 34.13439], [-118.48714, 34.13448], [-118.48724, 34.13456], [-118.48733, 34.13466], [-118.4874, 34.13476], [-118.48744, 34.13488], [-118.48746, 34.13495], [-118.48747, 34.13505], [-118.48747, 34.13517], [-118.48744, 34.13528], [-118.48739, 34.1354], [-118.48728, 34.13553], [-118.48718, 34.13562], [-118.48706, 34.1357], [-118.4869, 34.13577], [-118.48673, 34.13581], [-118.48642, 34.13582], [-118.48625, 34.13584], [-118.48613, 34.13588], [-118.48612, 34.13601], [-118.48612, 34.1362], [-118.48612, 34.13625], [-118.48612, 34.1365], [-118.48613, 34.13658], [-118.48613, 34.13689], [-118.48613, 34.13702], [-118.48613, 34.13713], [-118.48613, 34.13716], [-118.48613, 34.1374], [-118.48613, 34.13768], [-118.48613, 34.13781], [-118.48613, 34.13797], [-118.48613, 34.13815], [-118.48613, 34.13822], [-118.48613, 34.1384], [-118.48613, 34.13855], [-118.48613, 34.13866], [-118.48613, 34.13898], [-118.48613, 34.13922], [-118.48613, 34.13926], [-118.48613, 34.1393], [-118.48565, 34.13943], [-118.48547, 34.13964], [-118.48525, 34.13969], [-118.48489, 34.13978], [-118.48439, 34.13978], [-118.48427, 34.14007], [-118.48419, 34.14028], [-118.48443, 34.1406], [-118.4845, 34.14069], [-118.48458, 34.14079], [-118.48456, 34.14087], [-118.48452, 34.14111], [-118.4845, 34.14123], [-118.48446, 34.14139], [-118.48443, 34.14155], [-118.48439, 34.14179], [-118.48436, 34.14194], [-118.48433, 34.14209], [-118.48429, 34.1423], [-118.48432, 34.14234], [-118.48435, 34.14241], [-118.48453, 34.14274], [-118.48467, 34.14268], [-118.48472, 34.14276], [-118.48474, 34.1428], [-118.48512, 34.1434], [-118.48526, 34.1436], [-118.48532, 34.14371], [-118.48551, 34.14392], [-118.48571, 34.14398], [-118.48589, 34.14398], [-118.48614, 34.14388], [-118.48614, 34.14401], [-118.48614, 34.14431], [-118.48614, 34.14447], [-118.48614, 34.1446], [-118.48614, 34.14484], [-118.48614, 34.14488], [-118.48614, 34.14516], [-118.48614, 34.14543], [-118.48614, 34.14561], [-118.48614, 34.14571], [-118.48614, 34.14588], [-118.48614, 34.146], [-118.48614, 34.14629], [-118.48614, 34.14636], [-118.48614, 34.14643], [-118.48614, 34.14679], [-118.48614, 34.14683], [-118.48604, 34.14679], [-118.48589, 34.14676], [-118.48567, 34.14675], [-118.48565, 34.14643], [-118.48553, 34.14619], [-118.48533, 34.14597], [-118.48503, 34.14585], [-118.4847, 34.14579], [-118.48432, 34.14584], [-118.48399, 34.14603], [-118.48294, 34.14684], [-118.48246, 34.1473], [-118.48229, 34.1475], [-118.48223, 34.1475], [-118.48204, 34.14746], [-118.4819, 34.14795], [-118.48173, 34.14856], [-118.48159, 34.14878], [-118.48142, 34.14895], [-118.48102, 34.14927], [-118.48081, 34.14964], [-118.48068, 34.14985], [-118.48055, 34.14998], [-118.48039, 34.15009], [-118.48018, 34.15018], [-118.47992, 34.15025], [-118.47953, 34.15028], [-118.4785, 34.15038], [-118.47754, 34.15047], [-118.47606, 34.15034], [-118.47443, 34.15045], [-118.47434, 34.15046], [-118.47426, 34.15049], [-118.47412, 34.15056], [-118.47399, 34.15041], [-118.47386, 34.15033], [-118.47285, 34.14983], [-118.4727, 34.14977], [-118.47254, 34.14971], [-118.47242, 34.14969], [-118.47031, 34.14933], [-118.47016, 34.14931], [-118.47018, 34.14918], [-118.47022, 34.14907], [-118.47027, 34.14899], [-118.47021, 34.1489], [-118.47014, 34.14881], [-118.47009, 34.14871], [-118.46994, 34.14836], [-118.4699, 34.14827], [-118.46968, 34.14837], [-118.46929, 34.14854], [-118.46938, 34.14837], [-118.46976, 34.14765], [-118.46996, 34.14728], [-118.47015, 34.14687], [-118.47027, 34.14658], [-118.47037, 34.14634], [-118.47048, 34.14606], [-118.47057, 34.14584], [-118.47066, 34.1456], [-118.47075, 34.14536], [-118.47085, 34.14505], [-118.47093, 34.14479], [-118.47101, 34.14451], [-118.47107, 34.14426], [-118.47112, 34.14401], [-118.47116, 34.1438], [-118.47121, 34.14352], [-118.47124, 34.14325], [-118.47127, 34.14297], [-118.47129, 34.14275], [-118.4713, 34.14245], [-118.4713, 34.14218], [-118.4713, 34.14191], [-118.47128, 34.1416], [-118.47125, 34.14131], [-118.4712, 34.14083], [-118.47109, 34.14002], [-118.47105, 34.13973], [-118.47104, 34.13948], [-118.47103, 34.13926], [-118.47102, 34.13902], [-118.47102, 34.13877], [-118.47103, 34.13857], [-118.47104, 34.13835], [-118.47107, 34.13811], [-118.4711, 34.13786], [-118.47114, 34.13762], [-118.47118, 34.13742], [-118.47122, 34.13722], [-118.4713, 34.13688], [-118.4714, 34.13655], [-118.47162, 34.13588], [-118.47185, 34.13518], [-118.47215, 34.13427], [-118.47305, 34.13148], [-118.47376, 34.1293], [-118.47388, 34.12894], [-118.47397, 34.12868], [-118.47406, 34.12846], [-118.47413, 34.12831], [-118.47414, 34.12828], [-118.47416, 34.12824], [-118.47418, 34.1282], [-118.4742, 34.12815], [-118.47422, 34.12811], [-118.47428, 34.128], [-118.47441, 34.12774], [-118.47457, 34.12747], [-118.47473, 34.12722], [-118.47484, 34.12707], [-118.47488, 34.12701], [-118.47517, 34.12661], [-118.47536, 34.12637]]]}}, {"type": "Feature", "properties": {"zone_id": "MAL-C111-A", "zone_status": "Evacuation Order", "zone_status_reason": "Los Angeles County Fire Dept:  Wind-driven fire. An EVACUATION ORDER for Topanga west of Topanga Canyon Rd. LEAVE NOW.  Follow instructions from emergency personnel. Dial 9-1-1 for emergency help. Visit alertla.org for more information.", "county_abbr": "XLA", "north_of": "Pacific Coast Hwy", "east_of": "Carbon Beach Ter", "south_of": "Rambla Pacifico St", "west_of": "Las Flores Mesa Dr", "acreage": 539, "est_population": 766, "city_abbr": "MAL", "zone_sequence": "C111-A", "zone_approval_status": "Published", "last_updated": 1736271952000, "url": "https://protect.genasys.com/zones/US-CA-XLA-MAL-C111-A", "County_Name": "Los Angeles", "Data_Source_Name": "Zonehaven", "Original_Source_URL": "https://protect.genasys.com/zones/US-CA-XLA-MAL-C111-A"}, "geometry": {"type": "Polygon", "coordinates": [[[-118.65909, 34.04749], [-118.65868, 34.04749], [-118.65764, 34.04749], [-118.65674, 34.04749], [-118.65664, 34.04749], [-118.65555, 34.04749], [-118.65473, 34.04749], [-118.65443, 34.04749], [-118.65427, 34.04749], [-118.65407, 34.04749], [-118.65398, 34.04748], [-118.65353, 34.04744], [-118.65252, 34.04736], [-118.64992, 34.04716], [-118.6499, 34.04715], [-118.64988, 34.04715], [-118.6493, 34.04711], [-118.64906, 34.04709], [-118.64898, 34.04708], [-118.64873, 34.04706], [-118.64838, 34.04703], [-118.64836, 34.04703], [-118.64836, 34.04703], [-118.64814, 34.04702], [-118.64779, 34.04699], [-118.64778, 34.04699], [-118.64755, 34.04697], [-118.64729, 34.04695], [-118.64557, 34.04681], [-118.64553, 34.04681], [-118.64553, 34.04681], [-118.6455, 34.0468], [-118.64542, 34.0468], [-118.64363, 34.04665], [-118.64353, 34.04665], [-118.64254, 34.04657], [-118.64232, 34.04655], [-118.64185, 34.04651], [-118.64114, 34.04646], [-118.63952, 34.04633], [-118.63951, 34.04633], [-118.63942, 34.04632], [-118.6394, 34.04632], [-118.63934, 34.04631], [-118.63913, 34.0463], [-118.63865, 34.04563], [-118.63737, 34.04564], [-118.6372, 34.04564], [-118.63691, 34.04564], [-118.63601, 34.03617], [-118.63604, 34.03616], [-118.63609, 34.03617], [-118.63615, 34.03616], [-118.6362, 34.03615], [-118.63625, 34.03616], [-118.63629, 34.03618], [-118.63634, 34.03622], [-118.63637, 34.03625], [-118.6364, 34.03629], [-118.63645, 34.03632], [-118.63648, 34.03632], [-118.6365, 34.03632], [-118.63652, 34.0363], [-118.63656, 34.03628], [-118.63661, 34.03627], [-118.63666, 34.0363], [-118.63672, 34.03631], [-118.63677, 34.03632], [-118.63681, 34.03632], [-118.63686, 34.03631], [-118.63691, 34.0363], [-118.63697, 34.03631], [-118.63701, 34.03634], [-118.63707, 34.03637], [-118.63713, 34.03638], [-118.6372, 34.0364], [-118.63727, 34.03642], [-118.63733, 34.03642], [-118.63738, 34.03643], [-118.63744, 34.03644], [-118.63748, 34.03646], [-118.63752, 34.03648], [-118.63758, 34.03649], [-118.63763, 34.03649], [-118.63765, 34.03652], [-118.63765, 34.03654], [-118.63786, 34.03664], [-118.63831, 34.03679], [-118.63888, 34.03692], [-118.63955, 34.03708], [-118.6405, 34.03729], [-118.64097, 34.0374], [-118.64102, 34.03741], [-118.64121, 34.03745], [-118.642, 34.03759], [-118.64208, 34.0376], [-118.64211, 34.0376], [-118.64276, 34.03771], [-118.64289, 34.03773], [-118.64337, 34.03782], [-118.64384, 34.03789], [-118.64434, 34.03798], [-118.64488, 34.03804], [-118.64541, 34.03811], [-118.64607, 34.03817], [-118.64662, 34.0382], [-118.64706, 34.03819], [-118.64727, 34.03818], [-118.64746, 34.03818], [-118.64769, 34.03815], [-118.6478, 34.03813], [-118.64786, 34.03811], [-118.64792, 34.03809], [-118.64798, 34.03807], [-118.64803, 34.03805], [-118.64807, 34.03803], [-118.6481, 34.03801], [-118.64813, 34.03798], [-118.64817, 34.03795], [-118.64825, 34.03787], [-118.6484, 34.03774], [-118.64847, 34.0377], [-118.64853, 34.03765], [-118.64859, 34.03762], [-118.64863, 34.0376], [-118.64866, 34.03758], [-118.64868, 34.03756], [-118.64871, 34.03753], [-118.64877, 34.03749], [-118.64882, 34.03748], [-118.64888, 34.03747], [-118.64891, 34.03748], [-118.64893, 34.0375], [-118.64895, 34.03755], [-118.64903, 34.03755], [-118.64906, 34.03753], [-118.64909, 34.03752], [-118.64945, 34.03756], [-118.65013, 34.03765], [-118.65106, 34.03778], [-118.65201, 34.03791], [-118.65287, 34.03802], [-118.65405, 34.03815], [-118.6542, 34.03817], [-118.65501, 34.03827], [-118.65602, 34.03839], [-118.65671, 34.03847], [-118.65721, 34.03851], [-118.6577, 34.03855], [-118.65797, 34.03859], [-118.6582, 34.03862], [-118.65888, 34.03868], [-118.65908, 34.0387], [-118.65959, 34.03873], [-118.65991, 34.03876], [-118.65991, 34.03934], [-118.65993, 34.04749], [-118.65912, 34.04749], [-118.65909, 34.04749]]]}}, {"type": "Feature", "properties": {"zone_id": "MAL-C111-B", "zone_status": "Evacuation Order", "zone_status_reason": "This is an emergency message from the Los Angeles County Fire Department. An EVACUATION ORDER has been issued for Malibu east of Las Flores. EVACUATE NOW.  Follow instructions from emergency personnel. Dial 9-1-1 for emergency help. More information available at alertla.org", "county_abbr": "XLA", "north_of": "Pacific Coast Hwy", "east_of": "Las Flores Mesa Dr", "south_of": "Budwood Mtwy", "west_of": "Old Malibu Rd", "acreage": 977, "est_population": 918, "city_abbr": "MAL", "zone_sequence": "C111-B", "zone_approval_status": "Published", "last_updated": 1736263881000, "url": "https://protect.genasys.com/zones/US-CA-XLA-MAL-C111-B", "County_Name": "Los Angeles", "Data_Source_Name": "Zonehaven", "Original_Source_URL": "https://protect.genasys.com/zones/US-CA-XLA-MAL-C111-B"}, "geometry": {"type": "Polygon", "coordinates": [[[-118.63691, 34.04564], [-118.63687, 34.04564], [-118.63354, 34.04566], [-118.63255, 34.04567], [-118.63251, 34.04567], [-118.6325, 34.04567], [-118.62897, 34.04564], [-118.62864, 34.04564], [-118.62812, 34.04563], [-118.62776, 34.04563], [-118.6274, 34.04563], [-118.62713, 34.04563], [-118.62684, 34.04562], [-118.62669, 34.04562], [-118.62635, 34.04562], [-118.62604, 34.04562], [-118.6257, 34.04562], [-118.62539, 34.04561], [-118.62517, 34.04561], [-118.62491, 34.04561], [-118.62466, 34.04561], [-118.62439, 34.04561], [-118.62433, 34.0456], [-118.62427, 34.0456], [-118.62394, 34.0456], [-118.62377, 34.0456], [-118.6237, 34.0456], [-118.62344, 34.0456], [-118.62315, 34.0456], [-118.62292, 34.0456], [-118.62229, 34.0456], [-118.62205, 34.0456], [-118.62183, 34.04559], [-118.62145, 34.04559], [-118.62115, 34.04559], [-118.62108, 34.04559], [-118.621, 34.04559], [-118.62094, 34.04559], [-118.62076, 34.04559], [-118.62059, 34.04559], [-118.62046, 34.04559], [-118.62026, 34.04559], [-118.62019, 34.04559], [-118.62002, 34.04559], [-118.61969, 34.04559], [-118.61912, 34.04559], [-118.6183, 34.04558], [-118.61717, 34.04558], [-118.61712, 34.04558], [-118.61502, 34.04558], [-118.61064, 34.04559], [-118.60626, 34.0456], [-118.60392, 34.0456], [-118.60202, 34.0456], [-118.60033, 34.0456], [-118.5978, 34.0456], [-118.59326, 34.0456], [-118.59071, 34.0456], [-118.5907, 34.0456], [-118.58982, 34.0456], [-118.58948, 34.0456], [-118.58877, 34.0456], [-118.58838, 34.0456], [-118.58831, 34.0456], [-118.58825, 34.0456], [-118.5876, 34.04561], [-118.58747, 34.04535], [-118.58625, 34.04302], [-118.58559, 34.04115], [-118.58511, 34.03981], [-118.58504, 34.03962], [-118.58483, 34.03902], [-118.58475, 34.03878], [-118.58445, 34.03794], [-118.58448, 34.03794], [-118.58449, 34.03794], [-118.58454, 34.03795], [-118.58461, 34.03796], [-118.58473, 34.038], [-118.58495, 34.03809], [-118.58525, 34.03819], [-118.5854, 34.03826], [-118.58556, 34.03832], [-118.58584, 34.03841], [-118.58592, 34.03844], [-118.58601, 34.03846], [-118.5861, 34.03848], [-118.58622, 34.03852], [-118.58633, 34.03856], [-118.58643, 34.03858], [-118.58658, 34.03863], [-118.58689, 34.03874], [-118.58695, 34.03875], [-118.58698, 34.03875], [-118.58717, 34.03879], [-118.58726, 34.0388], [-118.58738, 34.03883], [-118.58759, 34.03887], [-118.58769, 34.0389], [-118.58802, 34.039], [-118.58806, 34.03899], [-118.58819, 34.03902], [-118.58819, 34.03905], [-118.5883, 34.03908], [-118.58847, 34.03912], [-118.5886, 34.03914], [-118.58874, 34.03915], [-118.58893, 34.03915], [-118.58911, 34.03916], [-118.58925, 34.03915], [-118.58933, 34.03915], [-118.58941, 34.03915], [-118.58949, 34.03914], [-118.58954, 34.03913], [-118.58961, 34.03912], [-118.58966, 34.03912], [-118.58972, 34.03912], [-118.58977, 34.03913], [-118.58985, 34.03915], [-118.59001, 34.03919], [-118.59027, 34.03926], [-118.59065, 34.03933], [-118.5908, 34.03936], [-118.59106, 34.03943], [-118.5911, 34.03946], [-118.59128, 34.0395], [-118.59149, 34.03954], [-118.59169, 34.03957], [-118.59184, 34.0396], [-118.59195, 34.03959], [-118.59216, 34.0396], [-118.59221, 34.03961], [-118.59244, 34.03961], [-118.59251, 34.03962], [-118.59257, 34.03966], [-118.59269, 34.03964], [-118.59272, 34.0396], [-118.59274, 34.03955], [-118.59275, 34.03951], [-118.59278, 34.03945], [-118.59283, 34.03945], [-118.59283, 34.03949], [-118.5928, 34.03955], [-118.5928, 34.03958], [-118.59283, 34.03963], [-118.59297, 34.03961], [-118.59322, 34.03959], [-118.59341, 34.03959], [-118.59371, 34.0396], [-118.59373, 34.03955], [-118.5939, 34.03956], [-118.59433, 34.03962], [-118.59476, 34.03967], [-118.59504, 34.0397], [-118.5951, 34.0397], [-118.59517, 34.0397], [-118.59523, 34.0397], [-118.5954, 34.03968], [-118.59546, 34.03966], [-118.59549, 34.03964], [-118.59581, 34.03953], [-118.59612, 34.03942], [-118.59618, 34.03942], [-118.59629, 34.03938], [-118.59641, 34.03932], [-118.59655, 34.03927], [-118.59665, 34.03924], [-118.59673, 34.03922], [-118.59682, 34.0392], [-118.59694, 34.03919], [-118.59707, 34.03918], [-118.59716, 34.03918], [-118.59726, 34.03919], [-118.59746, 34.0392], [-118.59766, 34.03923], [-118.59796, 34.03928], [-118.59824, 34.03933], [-118.5984, 34.03934], [-118.59864, 34.03932], [-118.59891, 34.0393], [-118.59904, 34.03929], [-118.5992, 34.03926], [-118.59934, 34.03923], [-118.59946, 34.03922], [-118.59966, 34.03921], [-118.59995, 34.03922], [-118.60025, 34.03921], [-118.60064, 34.03921], [-118.60101, 34.0392], [-118.60155, 34.03919], [-118.60196, 34.03918], [-118.60202, 34.03918], [-118.6021, 34.03917], [-118.60224, 34.03917], [-118.6024, 34.03919], [-118.6025, 34.0392], [-118.60259, 34.03921], [-118.60264, 34.03922], [-118.60278, 34.03923], [-118.60295, 34.03923], [-118.60303, 34.03921], [-118.60313, 34.03919], [-118.60323, 34.03917], [-118.60331, 34.03914], [-118.60339, 34.0391], [-118.60347, 34.03906], [-118.60356, 34.03903], [-118.60363, 34.03902], [-118.60367, 34.03902], [-118.60374, 34.03901], [-118.60385, 34.039], [-118.60398, 34.039], [-118.60413, 34.03896], [-118.60431, 34.03893], [-118.60439, 34.03891], [-118.60448, 34.03888], [-118.60457, 34.03886], [-118.60468, 34.03882], [-118.60481, 34.03874], [-118.60492, 34.0387], [-118.60498, 34.03866], [-118.60505, 34.03862], [-118.60511, 34.03859], [-118.60518, 34.03856], [-118.60526, 34.03853], [-118.60535, 34.03851], [-118.60543, 34.03849], [-118.60549, 34.03847], [-118.60558, 34.03845], [-118.60567, 34.03843], [-118.60574, 34.03842], [-118.60581, 34.0384], [-118.60589, 34.03841], [-118.60599, 34.0384], [-118.60612, 34.03837], [-118.60622, 34.03834], [-118.60635, 34.03829], [-118.60648, 34.03823], [-118.60655, 34.03818], [-118.60658, 34.03816], [-118.6066, 34.03813], [-118.6066, 34.03809], [-118.60671, 34.03803], [-118.60685, 34.03797], [-118.60697, 34.03793], [-118.60705, 34.0379], [-118.60713, 34.03786], [-118.6072, 34.0378], [-118.60727, 34.03774], [-118.60734, 34.03769], [-118.60736, 34.03764], [-118.60747, 34.03756], [-118.60764, 34.03742], [-118.60774, 34.03733], [-118.60781, 34.03727], [-118.60788, 34.03722], [-118.60791, 34.03719], [-118.60795, 34.03715], [-118.60803, 34.03709], [-118.60809, 34.03704], [-118.60816, 34.03699], [-118.60824, 34.03695], [-118.60831, 34.03692], [-118.60841, 34.03687], [-118.60856, 34.03682], [-118.60885, 34.03676], [-118.60899, 34.0367], [-118.60924, 34.03662], [-118.60938, 34.03658], [-118.60951, 34.03654], [-118.60955, 34.03652], [-118.6096, 34.03652], [-118.60967, 34.03652], [-118.60978, 34.03652], [-118.61003, 34.03652], [-118.61022, 34.03652], [-118.61031, 34.03654], [-118.61041, 34.03655], [-118.61051, 34.03658], [-118.61063, 34.0366], [-118.61071, 34.03663], [-118.61078, 34.03663], [-118.6109, 34.03662], [-118.61107, 34.03665], [-118.61131, 34.03673], [-118.61168, 34.03683], [-118.61188, 34.03687], [-118.61197, 34.03689], [-118.612, 34.03684], [-118.61205, 34.03683], [-118.61219, 34.03684], [-118.61237, 34.03689], [-118.61247, 34.03692], [-118.61254, 34.03695], [-118.61261, 34.03696], [-118.61267, 34.03697], [-118.61272, 34.03694], [-118.61308, 34.03695], [-118.61336, 34.03695], [-118.61355, 34.03697], [-118.61373, 34.03697], [-118.61388, 34.03698], [-118.61404, 34.03699], [-118.61414, 34.03699], [-118.61418, 34.03701], [-118.61424, 34.03701], [-118.6143, 34.03699], [-118.61436, 34.037], [-118.61444, 34.03698], [-118.61454, 34.03697], [-118.61465, 34.03695], [-118.61473, 34.03693], [-118.61481, 34.03692], [-118.61495, 34.03694], [-118.61513, 34.03696], [-118.61519, 34.03696], [-118.61535, 34.03699], [-118.6154, 34.037], [-118.61543, 34.03702], [-118.6155, 34.03705], [-118.61566, 34.03706], [-118.61584, 34.03707], [-118.61615, 34.03713], [-118.61617, 34.03715], [-118.6162, 34.03718], [-118.61628, 34.0372], [-118.61638, 34.03722], [-118.61657, 34.03724], [-118.61681, 34.03726], [-118.61707, 34.03729], [-118.61726, 34.0373], [-118.61735, 34.03728], [-118.61748, 34.03729], [-118.61768, 34.03731], [-118.61808, 34.03736], [-118.61816, 34.03735], [-118.61827, 34.03735], [-118.61846, 34.03735], [-118.61855, 34.03736], [-118.6186, 34.03736], [-118.61864, 34.03736], [-118.61875, 34.03737], [-118.61878, 34.03738], [-118.61884, 34.0374], [-118.6189, 34.0374], [-118.61895, 34.03741], [-118.61902, 34.03742], [-118.61907, 34.03743], [-118.61914, 34.03743], [-118.61919, 34.03743], [-118.61927, 34.03743], [-118.61934, 34.03743], [-118.61941, 34.03744], [-118.61945, 34.03745], [-118.61951, 34.03746], [-118.61957, 34.03748], [-118.61964, 34.03748], [-118.61976, 34.0375], [-118.61987, 34.0375], [-118.61991, 34.03748], [-118.61996, 34.03748], [-118.62, 34.03748], [-118.62005, 34.03748], [-118.6201, 34.03748], [-118.62015, 34.03749], [-118.62022, 34.0375], [-118.62028, 34.03751], [-118.62035, 34.03751], [-118.62041, 34.03752], [-118.62046, 34.03753], [-118.6205, 34.03754], [-118.62058, 34.03754], [-118.62068, 34.03755], [-118.62074, 34.03756], [-118.62083, 34.03756], [-118.62093, 34.03757], [-118.621, 34.03759], [-118.62104, 34.03763], [-118.62106, 34.03765], [-118.62112, 34.03767], [-118.62125, 34.03768], [-118.62134, 34.03767], [-118.62142, 34.03764], [-118.62145, 34.03762], [-118.6215, 34.0376], [-118.62155, 34.0376], [-118.62164, 34.0376], [-118.62177, 34.03761], [-118.62191, 34.03763], [-118.62207, 34.03765], [-118.62222, 34.03766], [-118.6223, 34.03768], [-118.62234, 34.03771], [-118.6224, 34.03774], [-118.62249, 34.03775], [-118.62252, 34.03776], [-118.62269, 34.03776], [-118.62285, 34.03775], [-118.62295, 34.03775], [-118.62335, 34.03774], [-118.62366, 34.03773], [-118.62374, 34.03773], [-118.62385, 34.03772], [-118.62403, 34.03771], [-118.6242, 34.0377], [-118.62435, 34.03768], [-118.62445, 34.03768], [-118.62455, 34.0377], [-118.62461, 34.03769], [-118.62467, 34.03768], [-118.62474, 34.03766], [-118.62484, 34.03762], [-118.6249, 34.03761], [-118.62501, 34.03757], [-118.62507, 34.03753], [-118.62512, 34.0375], [-118.62519, 34.03747], [-118.62524, 34.03744], [-118.62528, 34.03742], [-118.62532, 34.03741], [-118.62537, 34.03737], [-118.62542, 34.03733], [-118.62552, 34.03731], [-118.62557, 34.03729], [-118.62564, 34.03728], [-118.62573, 34.03726], [-118.6258, 34.03725], [-118.62596, 34.03723], [-118.62609, 34.0372], [-118.62623, 34.03717], [-118.6264, 34.03715], [-118.62654, 34.03712], [-118.62671, 34.03707], [-118.6269, 34.03703], [-118.62712, 34.037], [-118.62725, 34.03699], [-118.62741, 34.037], [-118.62764, 34.03701], [-118.628, 34.03703], [-118.62867, 34.03704], [-118.62916, 34.03707], [-118.62957, 34.0371], [-118.63062, 34.03715], [-118.63148, 34.03718], [-118.63194, 34.0372], [-118.63212, 34.0372], [-118.63226, 34.03718], [-118.63238, 34.03715], [-118.63244, 34.03712], [-118.63255, 34.03708], [-118.63277, 34.03705], [-118.63297, 34.03705], [-118.63309, 34.03706], [-118.63317, 34.03707], [-118.63329, 34.0371], [-118.63352, 34.03709], [-118.63377, 34.03707], [-118.63394, 34.03705], [-118.63394, 34.03699], [-118.63409, 34.03698], [-118.63408, 34.03701], [-118.63419, 34.037], [-118.63429, 34.03698], [-118.63435, 34.03697], [-118.6344, 34.03696], [-118.63443, 34.03694], [-118.63445, 34.03693], [-118.63452, 34.03687], [-118.63463, 34.0368], [-118.6347, 34.03673], [-118.63477, 34.03666], [-118.63483, 34.03661], [-118.63485, 34.03658], [-118.63488, 34.03654], [-118.63491, 34.0365], [-118.63494, 34.03647], [-118.63498, 34.03644], [-118.63502, 34.03641], [-118.63507, 34.0364], [-118.6351, 34.03637], [-118.63513, 34.03635], [-118.63518, 34.03632], [-118.63525, 34.03626], [-118.63528, 34.03624], [-118.63532, 34.03623], [-118.63537, 34.03621], [-118.63541, 34.0362], [-118.63544, 34.03619], [-118.63548, 34.03619], [-118.63551, 34.03618], [-118.63556, 34.03618], [-118.63563, 34.03617], [-118.63569, 34.03617], [-118.63576, 34.03618], [-118.63581, 34.03617], [-118.63587, 34.03617], [-118.63593, 34.03617], [-118.636, 34.03617], [-118.63601, 34.03617], [-118.63691, 34.04564]]]}}, {"type": "Feature", "properties": {"zone_id": "MAL-C112-A", "zone_status": "Evacuation Warning", "zone_status_reason": "This is an emergency message from the Los Angeles County Fire Department. An EVACUATION WARNING has been issued in your area.  Remain vigilant of any threats and be ready to evacuate. Gather loved ones, pets, and supplies. Continue to monitor local weather, news, and the webpage alertla.org for more", "county_abbr": "XLA", "north_of": "Malibu Rd", "east_of": "Corral Canyon Rd, Puerco Canyon Rd, Malibu Rd, Bayshore Dr", "south_of": "Serra Rd", "west_of": "Serra Rd, Pacific Coast Hwy, Carbon Beach Ter", "acreage": 1738, "est_population": 2727, "city_abbr": "MAL", "zone_sequence": "C112-A", "zone_approval_status": "Published", "last_updated": 1736282091000, "url": "https://protect.genasys.com/zones/US-CA-XLA-MAL-C112-A", "County_Name": "Los Angeles", "Data_Source_Name": "Zonehaven", "Original_Source_URL": "https://protect.genasys.com/zones/US-CA-XLA-MAL-C112-A"}, "geometry": {"type": "Polygon", "coordinates": [[[-118.72427, 34.04343], [-118.72421, 34.04343], [-118.72409, 34.04344], [-118.72394, 34.04345], [-118.72383, 34.04346], [-118.72377, 34.04346], [-118.72368, 34.04347], [-118.72363, 34.04347], [-118.72334, 34.04349], [-118.72085, 34.04364], [-118.71959, 34.04371], [-118.71931, 34.04219], [-118.71834, 34.04035], [-118.71839, 34.03922], [-118.71815, 34.03736], [-118.71808, 34.03679], [-118.71482, 34.03493], [-118.71482, 34.03493], [-118.71357, 34.03502], [-118.71357, 34.03502], [-118.71357, 34.03502], [-118.71357, 34.03502], [-118.71357, 34.03502], [-118.71397, 34.03529], [-118.71418, 34.03543], [-118.71425, 34.03547], [-118.71448, 34.03563], [-118.7151, 34.03604], [-118.71511, 34.03605], [-118.71559, 34.03677], [-118.7157, 34.03693], [-118.7154, 34.0373], [-118.71535, 34.03736], [-118.71534, 34.03738], [-118.71521, 34.03753], [-118.71504, 34.03774], [-118.71522, 34.0388], [-118.71525, 34.03895], [-118.71493, 34.03936], [-118.71443, 34.03918], [-118.71441, 34.03922], [-118.71479, 34.03935], [-118.71489, 34.03941], [-118.71469, 34.03967], [-118.71454, 34.03986], [-118.71437, 34.03994], [-118.71437, 34.03994], [-118.71437, 34.03994], [-118.71438, 34.03994], [-118.71438, 34.03995], [-118.71438, 34.03995], [-118.71438, 34.03995], [-118.71438, 34.03995], [-118.71438, 34.03995], [-118.71438, 34.03996], [-118.71438, 34.03996], [-118.71438, 34.03996], [-118.71438, 34.03996], [-118.71439, 34.03996], [-118.71439, 34.03997], [-118.71439, 34.03997], [-118.71439, 34.03997], [-118.71439, 34.03997], [-118.71439, 34.03997], [-118.71439, 34.03998], [-118.71439, 34.03998], [-118.71439, 34.03998], [-118.71439, 34.03998], [-118.71439, 34.03999], [-118.71439, 34.03999], [-118.71439, 34.03999], [-118.71439, 34.03999], [-118.71439, 34.03999], [-118.71439, 34.04], [-118.71439, 34.04], [-118.71439, 34.04], [-118.71439, 34.04], [-118.71439, 34.04001], [-118.71439, 34.04001], [-118.71439, 34.04001], [-118.71439, 34.04001], [-118.71439, 34.04001], [-118.71439, 34.04002], [-118.71439, 34.04002], [-118.71439, 34.04002], [-118.71439, 34.04002], [-118.71439, 34.04002], [-118.71439, 34.04003], [-118.71439, 34.04003], [-118.71439, 34.04003], [-118.71439, 34.04003], [-118.71439, 34.04004], [-118.71439, 34.04004], [-118.71438, 34.04004], [-118.71438, 34.04004], [-118.71438, 34.04004], [-118.71438, 34.04005], [-118.71438, 34.04005], [-118.71438, 34.04005], [-118.71438, 34.04005], [-118.71438, 34.04005], [-118.71438, 34.04006], [-118.71437, 34.04006], [-118.71437, 34.04006], [-118.71437, 34.04006], [-118.71437, 34.04006], [-118.71437, 34.04007], [-118.71437, 34.04007], [-118.71437, 34.04007], [-118.71437, 34.04007], [-118.71435, 34.04008], [-118.71435, 34.04008], [-118.71435, 34.04009], [-118.71435, 34.04009], [-118.71435, 34.04009], [-118.71434, 34.04009], [-118.71434, 34.04009], [-118.71434, 34.04009], [-118.71434, 34.04009], [-118.71432, 34.04011], [-118.71429, 34.04012], [-118.71426, 34.04012], [-118.71424, 34.04012], [-118.71421, 34.04012], [-118.71419, 34.04011], [-118.71416, 34.0401], [-118.71414, 34.04009], [-118.71412, 34.04007], [-118.71407, 34.04], [-118.71402, 34.03994], [-118.71395, 34.03989], [-118.71395, 34.03989], [-118.71394, 34.03988], [-118.71393, 34.03988], [-118.71393, 34.03988], [-118.71392, 34.03988], [-118.71391, 34.03988], [-118.7139, 34.03988], [-118.7139, 34.03989], [-118.71389, 34.03989], [-118.71384, 34.03993], [-118.7137, 34.03983], [-118.71375, 34.03978], [-118.71375, 34.03978], [-118.71375, 34.03977], [-118.71376, 34.03977], [-118.71376, 34.03976], [-118.71376, 34.03976], [-118.71376, 34.03975], [-118.71376, 34.03975], [-118.71376, 34.03974], [-118.71375, 34.03974], [-118.71375, 34.03973], [-118.71375, 34.03973], [-118.71374, 34.03973], [-118.71368, 34.03968], [-118.7136, 34.03963], [-118.71352, 34.03958], [-118.71344, 34.03953], [-118.71325, 34.03974], [-118.71326, 34.03977], [-118.71325, 34.03978], [-118.71319, 34.03985], [-118.71306, 34.03994], [-118.71306, 34.03998], [-118.71292, 34.04009], [-118.7129, 34.04011], [-118.71289, 34.04012], [-118.71257, 34.04023], [-118.71251, 34.0401], [-118.71242, 34.03989], [-118.71241, 34.03988], [-118.71231, 34.03967], [-118.71231, 34.03966], [-118.71224, 34.03951], [-118.71221, 34.03945], [-118.71218, 34.0394], [-118.71214, 34.03935], [-118.7121, 34.0393], [-118.71205, 34.03924], [-118.71199, 34.03919], [-118.71192, 34.03914], [-118.71186, 34.0391], [-118.7118, 34.03907], [-118.71169, 34.03901], [-118.71148, 34.0389], [-118.71134, 34.03882], [-118.71121, 34.03874], [-118.71113, 34.03868], [-118.71105, 34.03863], [-118.71094, 34.03855], [-118.71083, 34.03847], [-118.71073, 34.03839], [-118.71063, 34.0383], [-118.71059, 34.03826], [-118.71056, 34.03824], [-118.71055, 34.03823], [-118.71025, 34.03795], [-118.70989, 34.03763], [-118.70965, 34.0374], [-118.70953, 34.03729], [-118.70951, 34.03728], [-118.70946, 34.03724], [-118.70922, 34.03701], [-118.70919, 34.03699], [-118.70918, 34.03698], [-118.70916, 34.03696], [-118.70903, 34.03685], [-118.70899, 34.03681], [-118.70861, 34.03646], [-118.70861, 34.03641], [-118.7086, 34.03637], [-118.7086, 34.03634], [-118.70861, 34.03628], [-118.70862, 34.03622], [-118.70863, 34.03615], [-118.70866, 34.03608], [-118.70868, 34.03602], [-118.70872, 34.03596], [-118.70875, 34.0359], [-118.7088, 34.03584], [-118.70886, 34.03578], [-118.70892, 34.03572], [-118.70898, 34.03567], [-118.70903, 34.03564], [-118.70906, 34.03562], [-118.70942, 34.03538], [-118.70946, 34.03535], [-118.7095, 34.03532], [-118.7095, 34.03532], [-118.70951, 34.03532], [-118.70951, 34.03531], [-118.70955, 34.03527], [-118.70959, 34.03523], [-118.70963, 34.03519], [-118.70966, 34.03514], [-118.70969, 34.03508], [-118.70971, 34.03503], [-118.70973, 34.03497], [-118.70975, 34.03491], [-118.70975, 34.03485], [-118.70976, 34.03479], [-118.70976, 34.03445], [-118.70976, 34.03443], [-118.70975, 34.03442], [-118.70975, 34.03441], [-118.70974, 34.0344], [-118.70973, 34.03439], [-118.70972, 34.03439], [-118.70971, 34.03438], [-118.70969, 34.03438], [-118.70968, 34.03438], [-118.70967, 34.03438], [-118.7095, 34.03439], [-118.70576, 34.03468], [-118.7055, 34.0347], [-118.70386, 34.03482], [-118.70362, 34.03484], [-118.7036, 34.03484], [-118.70359, 34.03485], [-118.70358, 34.03485], [-118.70357, 34.03486], [-118.70356, 34.03486], [-118.70355, 34.03487], [-118.70355, 34.03488], [-118.70354, 34.03489], [-118.70354, 34.03491], [-118.70354, 34.03492], [-118.70359, 34.03536], [-118.70359, 34.0354], [-118.70365, 34.0359], [-118.70366, 34.03603], [-118.70366, 34.03616], [-118.70367, 34.03629], [-118.70366, 34.03642], [-118.70365, 34.03655], [-118.70363, 34.03668], [-118.70361, 34.03681], [-118.70359, 34.03694], [-118.70355, 34.03707], [-118.70351, 34.0372], [-118.70347, 34.03733], [-118.70342, 34.03745], [-118.70337, 34.03758], [-118.70331, 34.0377], [-118.70323, 34.03784], [-118.70314, 34.03798], [-118.70305, 34.03811], [-118.70296, 34.03824], [-118.70286, 34.03837], [-118.70275, 34.03849], [-118.70264, 34.03861], [-118.70252, 34.03872], [-118.70248, 34.03876], [-118.70234, 34.03888], [-118.7022, 34.03899], [-118.70218, 34.039], [-118.70206, 34.03909], [-118.70193, 34.03917], [-118.7018, 34.03925], [-118.70167, 34.03933], [-118.70165, 34.03934], [-118.70155, 34.03939], [-118.70145, 34.03944], [-118.70138, 34.03948], [-118.70122, 34.03955], [-118.70106, 34.03961], [-118.7009, 34.03967], [-118.70074, 34.03972], [-118.70057, 34.03977], [-118.70054, 34.03978], [-118.70052, 34.03978], [-118.70015, 34.03987], [-118.69983, 34.03995], [-118.69977, 34.03997], [-118.69971, 34.03999], [-118.69962, 34.04001], [-118.69941, 34.04007], [-118.69921, 34.04013], [-118.69901, 34.04019], [-118.6988, 34.04026], [-118.6986, 34.04033], [-118.6984, 34.0404], [-118.69821, 34.04047], [-118.69801, 34.04055], [-118.6978, 34.04064], [-118.69782, 34.04067], [-118.69797, 34.04088], [-118.69904, 34.04238], [-118.69927, 34.04362], [-118.69897, 34.04471], [-118.69848, 34.04479], [-118.69836, 34.045], [-118.69791, 34.04503], [-118.69641, 34.04513], [-118.69634, 34.04513], [-118.69473, 34.04523], [-118.69426, 34.04526], [-118.69358, 34.0453], [-118.69279, 34.04534], [-118.69233, 34.04537], [-118.69219, 34.04538], [-118.69205, 34.04539], [-118.6909, 34.04545], [-118.69036, 34.04549], [-118.6893, 34.04555], [-118.68651, 34.04571], [-118.68635, 34.04578], [-118.68631, 34.0458], [-118.68611, 34.04588], [-118.68597, 34.04594], [-118.68518, 34.04627], [-118.68512, 34.0463], [-118.68512, 34.0463], [-118.68497, 34.04636], [-118.68491, 34.04639], [-118.68491, 34.04639], [-118.68464, 34.0465], [-118.68458, 34.04652], [-118.68458, 34.04652], [-118.68458, 34.04652], [-118.68401, 34.0468], [-118.68399, 34.04681], [-118.68394, 34.04683], [-118.68372, 34.04693], [-118.68371, 34.04694], [-118.6837, 34.04694], [-118.68365, 34.04697], [-118.6836, 34.04699], [-118.68358, 34.047], [-118.68329, 34.04711], [-118.68235, 34.04749], [-118.68225, 34.04753], [-118.67349, 34.04751], [-118.66629, 34.0475], [-118.66428, 34.0475], [-118.66405, 34.03897], [-118.66432, 34.03899], [-118.66474, 34.039], [-118.66518, 34.03901], [-118.66533, 34.03901], [-118.66542, 34.039], [-118.66574, 34.03902], [-118.666, 34.03901], [-118.66606, 34.03901], [-118.66609, 34.03901], [-118.66624, 34.039], [-118.66631, 34.03899], [-118.66636, 34.03898], [-118.6665, 34.03897], [-118.66653, 34.03899], [-118.66659, 34.03899], [-118.66668, 34.03899], [-118.66697, 34.039], [-118.66724, 34.03901], [-118.66743, 34.03899], [-118.66745, 34.03896], [-118.66748, 34.03896], [-118.66791, 34.03893], [-118.66822, 34.03891], [-118.66827, 34.03889], [-118.66851, 34.03888], [-118.66864, 34.03886], [-118.66874, 34.03886], [-118.66887, 34.03885], [-118.66904, 34.03885], [-118.66914, 34.03886], [-118.66924, 34.03886], [-118.66927, 34.03888], [-118.66953, 34.03887], [-118.6697, 34.03887], [-118.66991, 34.03885], [-118.67002, 34.03883], [-118.67039, 34.03879], [-118.67039, 34.03883], [-118.67079, 34.0388], [-118.67115, 34.03876], [-118.67145, 34.03874], [-118.67151, 34.03872], [-118.67149, 34.03864], [-118.67163, 34.03862], [-118.67167, 34.03862], [-118.67183, 34.0386], [-118.67191, 34.03858], [-118.67203, 34.03855], [-118.67211, 34.03854], [-118.67217, 34.03854], [-118.67234, 34.0385], [-118.67241, 34.03848], [-118.6725, 34.03846], [-118.67257, 34.03846], [-118.67263, 34.03845], [-118.67268, 34.03844], [-118.67276, 34.03843], [-118.67289, 34.0384], [-118.67293, 34.0384], [-118.67295, 34.03842], [-118.673, 34.03841], [-118.67313, 34.0384], [-118.67326, 34.03835], [-118.6734, 34.0383], [-118.67344, 34.03828], [-118.67355, 34.03823], [-118.67364, 34.03821], [-118.67384, 34.03813], [-118.67394, 34.03809], [-118.67395, 34.03809], [-118.67405, 34.03805], [-118.67434, 34.03795], [-118.67445, 34.03791], [-118.67465, 34.03785], [-118.67506, 34.0377], [-118.67543, 34.03759], [-118.6758, 34.03745], [-118.67608, 34.03732], [-118.67619, 34.03726], [-118.67632, 34.0372], [-118.67637, 34.03717], [-118.67639, 34.03715], [-118.67642, 34.03714], [-118.67533, 34.03563], [-118.67562, 34.03549], [-118.67577, 34.03569], [-118.67666, 34.03695], [-118.67671, 34.03701], [-118.67674, 34.037], [-118.6769, 34.03692], [-118.67721, 34.03674], [-118.67738, 34.03662], [-118.67767, 34.03636], [-118.67789, 34.03617], [-118.67805, 34.03597], [-118.67822, 34.03569], [-118.67838, 34.0354], [-118.67845, 34.03525], [-118.67849, 34.03513], [-118.67857, 34.03485], [-118.67863, 34.03469], [-118.67866, 34.03463], [-118.67877, 34.03443], [-118.67889, 34.03427], [-118.67898, 34.03416], [-118.67907, 34.03405], [-118.67921, 34.03386], [-118.67934, 34.03368], [-118.67945, 34.0335], [-118.67945, 34.03349], [-118.6795, 34.03339], [-118.67955, 34.03322], [-118.67959, 34.03307], [-118.67959, 34.033], [-118.6796, 34.03297], [-118.67965, 34.03274], [-118.67976, 34.03243], [-118.67982, 34.0323], [-118.67987, 34.03222], [-118.67992, 34.03214], [-118.67998, 34.03206], [-118.68004, 34.032], [-118.6801, 34.03196], [-118.68014, 34.03193], [-118.68021, 34.0319], [-118.68028, 34.03187], [-118.68035, 34.03187], [-118.68044, 34.03186], [-118.68053, 34.03184], [-118.68064, 34.03182], [-118.68073, 34.03181], [-118.68083, 34.03179], [-118.68093, 34.03177], [-118.68102, 34.03174], [-118.68113, 34.03168], [-118.6812, 34.03164], [-118.68127, 34.03157], [-118.68134, 34.0315], [-118.68139, 34.03144], [-118.68146, 34.03135], [-118.68152, 34.03128], [-118.68159, 34.03122], [-118.68169, 34.03115], [-118.6818, 34.0311], [-118.6819, 34.03107], [-118.68203, 34.03103], [-118.6822, 34.03098], [-118.68234, 34.03094], [-118.68256, 34.03087], [-118.68266, 34.03085], [-118.68276, 34.03083], [-118.68285, 34.03083], [-118.68295, 34.03083], [-118.68299, 34.03082], [-118.68311, 34.03081], [-118.68322, 34.03082], [-118.68334, 34.03082], [-118.68344, 34.03083], [-118.6836, 34.03085], [-118.68378, 34.03088], [-118.68403, 34.03093], [-118.68411, 34.03094], [-118.68445, 34.03102], [-118.68468, 34.03107], [-118.68493, 34.03113], [-118.68539, 34.03123], [-118.68593, 34.0314], [-118.68598, 34.03141], [-118.68657, 34.03158], [-118.68691, 34.03166], [-118.68727, 34.03175], [-118.68744, 34.03179], [-118.68755, 34.03182], [-118.68767, 34.03184], [-118.68778, 34.03187], [-118.68791, 34.0319], [-118.68799, 34.03191], [-118.68811, 34.03194], [-118.68827, 34.03196], [-118.68835, 34.03196], [-118.6884, 34.03197], [-118.68844, 34.032], [-118.6885, 34.03203], [-118.68859, 34.03205], [-118.68864, 34.03206], [-118.68871, 34.03208], [-118.68882, 34.0321], [-118.68888, 34.03209], [-118.68905, 34.03213], [-118.68924, 34.03217], [-118.68976, 34.03228], [-118.69021, 34.03237], [-118.69043, 34.03241], [-118.69063, 34.03245], [-118.69084, 34.03248], [-118.69098, 34.03249], [-118.69119, 34.03252], [-118.6916, 34.03256], [-118.69218, 34.03262], [-118.69283, 34.03265], [-118.69351, 34.03267], [-118.69371, 34.03268], [-118.69404, 34.03268], [-118.69433, 34.03265], [-118.69483, 34.03261], [-118.69513, 34.0326], [-118.6954, 34.03256], [-118.69583, 34.03252], [-118.69628, 34.03249], [-118.69663, 34.03244], [-118.69679, 34.03241], [-118.6969, 34.03239], [-118.69698, 34.03235], [-118.69711, 34.03232], [-118.69718, 34.03229], [-118.69728, 34.03226], [-118.69735, 34.03225], [-118.69745, 34.03223], [-118.69757, 34.03221], [-118.69765, 34.03219], [-118.69771, 34.03216], [-118.69779, 34.03213], [-118.69785, 34.03211], [-118.69791, 34.03208], [-118.69795, 34.03205], [-118.69803, 34.03202], [-118.69807, 34.03199], [-118.69812, 34.03195], [-118.69819, 34.03192], [-118.69827, 34.03188], [-118.69833, 34.03186], [-118.69838, 34.03184], [-118.69849, 34.03181], [-118.6986, 34.0318], [-118.69885, 34.03174], [-118.69904, 34.03171], [-118.69922, 34.03167], [-118.69936, 34.03164], [-118.69945, 34.0316], [-118.69952, 34.03153], [-118.69955, 34.0315], [-118.69961, 34.03147], [-118.69966, 34.03145], [-118.69972, 34.03142], [-118.6998, 34.03139], [-118.69988, 34.03135], [-118.70002, 34.0313], [-118.70014, 34.03127], [-118.70025, 34.03123], [-118.7004, 34.03118], [-118.70062, 34.03112], [-118.70068, 34.0311], [-118.70075, 34.03109], [-118.7008, 34.03107], [-118.70087, 34.03105], [-118.70094, 34.03102], [-118.70104, 34.03099], [-118.70113, 34.03095], [-118.70119, 34.03091], [-118.70126, 34.03088], [-118.70135, 34.03086], [-118.70143, 34.03084], [-118.70151, 34.03084], [-118.70158, 34.03084], [-118.7017, 34.03087], [-118.70178, 34.03085], [-118.70193, 34.03083], [-118.70217, 34.0308], [-118.70236, 34.03076], [-118.70245, 34.03074], [-118.70253, 34.03073], [-118.7026, 34.03072], [-118.70268, 34.0307], [-118.70274, 34.03067], [-118.70282, 34.03064], [-118.70297, 34.03057], [-118.70321, 34.03053], [-118.70336, 34.03048], [-118.7035, 34.03047], [-118.70363, 34.03047], [-118.70371, 34.03047], [-118.70377, 34.03047], [-118.70383, 34.03046], [-118.70387, 34.03047], [-118.70391, 34.03048], [-118.70401, 34.03045], [-118.70407, 34.03047], [-118.70417, 34.03045], [-118.70426, 34.03044], [-118.70432, 34.03042], [-118.70437, 34.0304], [-118.70444, 34.03037], [-118.7045, 34.03033], [-118.70456, 34.03029], [-118.70471, 34.0302], [-118.70483, 34.03017], [-118.70497, 34.03012], [-118.70514, 34.03006], [-118.70522, 34.03], [-118.70527, 34.02996], [-118.70532, 34.02992], [-118.70537, 34.02991], [-118.70545, 34.0299], [-118.70557, 34.02988], [-118.70569, 34.02986], [-118.70578, 34.02984], [-118.70594, 34.02981], [-118.70613, 34.02978], [-118.70617, 34.02976], [-118.70619, 34.02971], [-118.70622, 34.02969], [-118.70625, 34.02967], [-118.70626, 34.02962], [-118.70632, 34.02962], [-118.70635, 34.02963], [-118.70638, 34.02966], [-118.70641, 34.02966], [-118.70645, 34.02965], [-118.70648, 34.02964], [-118.70651, 34.0296], [-118.70654, 34.02961], [-118.70657, 34.02962], [-118.7066, 34.02961], [-118.70664, 34.02961], [-118.70666, 34.02963], [-118.70667, 34.02967], [-118.70669, 34.0297], [-118.7068, 34.02973], [-118.70702, 34.02976], [-118.70733, 34.0298], [-118.70767, 34.02987], [-118.70797, 34.02994], [-118.7083, 34.03003], [-118.7088, 34.03018], [-118.70937, 34.03032], [-118.70998, 34.03047], [-118.71062, 34.03063], [-118.71074, 34.03063], [-118.71089, 34.03063], [-118.71099, 34.03064], [-118.71111, 34.03067], [-118.71131, 34.03074], [-118.71174, 34.03085], [-118.71178, 34.03086], [-118.71183, 34.03088], [-118.71191, 34.03088], [-118.71196, 34.03089], [-118.71201, 34.03089], [-118.71205, 34.03089], [-118.71209, 34.0309], [-118.71213, 34.03092], [-118.71216, 34.03094], [-118.71222, 34.03097], [-118.71232, 34.03101], [-118.71247, 34.03105], [-118.7128, 34.03113], [-118.71307, 34.03119], [-118.71325, 34.03122], [-118.71355, 34.0313], [-118.71365, 34.03133], [-118.71372, 34.03136], [-118.71374, 34.03138], [-118.7139, 34.03142], [-118.7142, 34.03147], [-118.71447, 34.03151], [-118.71459, 34.03154], [-118.7149, 34.03156], [-118.71516, 34.03158], [-118.71548, 34.0316], [-118.71563, 34.03161], [-118.71572, 34.03164], [-118.7158, 34.03165], [-118.71594, 34.03163], [-118.71624, 34.03161], [-118.7165, 34.0316], [-118.71677, 34.03157], [-118.71704, 34.03154], [-118.71752, 34.0315], [-118.71799, 34.03148], [-118.71848, 34.03142], [-118.71888, 34.03136], [-118.71917, 34.0313], [-118.71933, 34.03128], [-118.71946, 34.03129], [-118.71962, 34.03133], [-118.71968, 34.03137], [-118.71986, 34.03141], [-118.72014, 34.03146], [-118.72029, 34.03149], [-118.72052, 34.03154], [-118.72077, 34.03158], [-118.72096, 34.03162], [-118.72103, 34.03163], [-118.72115, 34.03165], [-118.72137, 34.03168], [-118.72169, 34.03173], [-118.7218, 34.03175], [-118.72212, 34.03176], [-118.72254, 34.0318], [-118.72272, 34.03181], [-118.72402, 34.03199], [-118.72412, 34.03201], [-118.72416, 34.03203], [-118.72419, 34.03205], [-118.72424, 34.03206], [-118.72428, 34.03204], [-118.72432, 34.03202], [-118.72462, 34.03207], [-118.72471, 34.03209], [-118.72481, 34.03209], [-118.72487, 34.03208], [-118.72495, 34.03208], [-118.72518, 34.0321], [-118.72532, 34.03212], [-118.72539, 34.03212], [-118.72582, 34.0322], [-118.726, 34.03225], [-118.72643, 34.0323], [-118.72648, 34.03226], [-118.72694, 34.03232], [-118.72697, 34.03234], [-118.72729, 34.03239], [-118.72729, 34.03243], [-118.72758, 34.03246], [-118.72764, 34.03244], [-118.72776, 34.03245], [-118.72778, 34.03249], [-118.7279, 34.03251], [-118.72794, 34.03247], [-118.72841, 34.03253], [-118.72843, 34.03255], [-118.72885, 34.03261], [-118.7289, 34.03263], [-118.72943, 34.03271], [-118.72956, 34.03275], [-118.72966, 34.03276], [-118.72973, 34.03274], [-118.73005, 34.03277], [-118.73008, 34.03281], [-118.73033, 34.03285], [-118.73081, 34.0329], [-118.73121, 34.03295], [-118.7312, 34.03497], [-118.73119, 34.03545], [-118.73113, 34.04301], [-118.72798, 34.0432], [-118.7265, 34.04329], [-118.72433, 34.04343], [-118.72427, 34.04343]]]}}, {"type": "Feature", "properties": {"zone_id": "MAL-C112-B", "zone_status": "Evacuation Order", "zone_status_reason": "Los Angeles County Fire Dept:  Wind-driven fire. An EVACUATION ORDER for area of Carbon Beach Ter. LEAVE NOW.  Follow instructions from emergency personnel. Dial 9-1-1 for emergency help. Visit alertla.org for more information.", "county_abbr": "XLA", "north_of": "Pacific Coast Hwy", "east_of": "Carbon Beach Ter", "south_of": "Carbon Beach Ter", "west_of": "Carbon Beach Ter", "acreage": 93, "est_population": 54, "city_abbr": "MAL", "zone_sequence": "C112-B", "zone_approval_status": "Published", "last_updated": 1736284146000, "url": "https://protect.genasys.com/zones/US-CA-XLA-MAL-C112-B", "County_Name": "Los Angeles", "Data_Source_Name": "Zonehaven", "Original_Source_URL": "https://protect.genasys.com/zones/US-CA-XLA-MAL-C112-B"}, "geometry": {"type": "Polygon", "coordinates": [[[-118.66428, 34.0475], [-118.66123, 34.0475], [-118.66064, 34.0475], [-118.66063, 34.0475], [-118.65993, 34.04749], [-118.65991, 34.03947], [-118.65991, 34.03934], [-118.65991, 34.03876], [-118.6604, 34.0388], [-118.661, 34.03885], [-118.66114, 34.03886], [-118.66172, 34.03888], [-118.66195, 34.03888], [-118.66222, 34.03889], [-118.66262, 34.03891], [-118.66296, 34.03892], [-118.6634, 34.03894], [-118.66387, 34.03896], [-118.66405, 34.03897], [-118.66428, 34.0475]]]}}, {"type": "Feature", "properties": {"zone_id": "MTN-U028", "zone_status": "Evacuation Order", "zone_status_reason": "Los Angeles County Fire Dept: Wind-driven fire. An EVACUATION ORDER for  west of Topanga Canyon Rd. LEAVE NOW. Follow instructions from emergency personnel. Dial 9-1-1 for emergency help. Visit alertla.org for more information.", "county_abbr": "XLA", "north_of": "Piuma Road", "east_of": "Las Virgenes Road", "south_of": "Mulholland Highway", "west_of": "Maynard Drive, Mckain Street, Mulholland Highway", "acreage": 1979, "est_population": 1482, "city_abbr": "MTN", "zone_sequence": "U028", "zone_approval_status": "Published", "last_updated": 1736295953000, "url": "https://protect.genasys.com/zones/US-CA-XLA-MTN-U028", "County_Name": "Los Angeles", "Data_Source_Name": "Zonehaven", "Original_Source_URL": "https://protect.genasys.com/zones/US-CA-XLA-MTN-U028"}, "geometry": {"type": "Polygon", "coordinates": [[[-118.6826, 34.0727], [-118.68287, 34.07284], [-118.68299, 34.07302], [-118.683, 34.07302], [-118.68293, 34.07312], [-118.68293, 34.0732], [-118.68295, 34.07326], [-118.68301, 34.07333], [-118.6831, 34.07335], [-118.68321, 34.07334], [-118.68331, 34.0733], [-118.68346, 34.07323], [-118.68368, 34.07316], [-118.68403, 34.07314], [-118.68442, 34.07312], [-118.68457, 34.07313], [-118.68473, 34.07317], [-118.6849, 34.07324], [-118.68503, 34.07335], [-118.68531, 34.07359], [-118.68556, 34.07373], [-118.68581, 34.07387], [-118.68599, 34.07398], [-118.6861, 34.07409], [-118.68618, 34.0742], [-118.68626, 34.07434], [-118.68637, 34.07447], [-118.68651, 34.07454], [-118.68673, 34.07458], [-118.68712, 34.07477], [-118.68765, 34.07505], [-118.6878, 34.07511], [-118.68793, 34.07508], [-118.68805, 34.07503], [-118.6882, 34.07499], [-118.68834, 34.07499], [-118.68859, 34.07504], [-118.68884, 34.07513], [-118.68904, 34.07519], [-118.68918, 34.0752], [-118.6894, 34.07518], [-118.6896, 34.07514], [-118.68977, 34.07515], [-118.68986, 34.07521], [-118.68992, 34.07528], [-118.68993, 34.07535], [-118.68992, 34.07544], [-118.68987, 34.07551], [-118.68977, 34.07557], [-118.68962, 34.0756], [-118.68934, 34.07553], [-118.68902, 34.07542], [-118.68875, 34.07534], [-118.68856, 34.07532], [-118.68842, 34.07534], [-118.68832, 34.0754], [-118.68821, 34.07548], [-118.68808, 34.07554], [-118.68789, 34.07558], [-118.68767, 34.07558], [-118.68736, 34.07551], [-118.68722, 34.07551], [-118.68712, 34.07554], [-118.687, 34.07564], [-118.68686, 34.07574], [-118.68674, 34.07577], [-118.68662, 34.07582], [-118.68647, 34.07584], [-118.68629, 34.07586], [-118.68615, 34.07592], [-118.68612, 34.07599], [-118.68612, 34.07604], [-118.68612, 34.07608], [-118.68618, 34.07618], [-118.6863, 34.07621], [-118.68645, 34.07623], [-118.68662, 34.0762], [-118.6868, 34.07615], [-118.68693, 34.07614], [-118.68709, 34.07616], [-118.68732, 34.07626], [-118.68762, 34.07642], [-118.68791, 34.0766], [-118.68818, 34.07672], [-118.68847, 34.07681], [-118.6887, 34.07686], [-118.68899, 34.07693], [-118.68941, 34.07698], [-118.68983, 34.07707], [-118.69032, 34.07714], [-118.69072, 34.07714], [-118.69109, 34.07711], [-118.69132, 34.07711], [-118.69145, 34.07712], [-118.69185, 34.07715], [-118.69193, 34.07716], [-118.69255, 34.07724], [-118.69274, 34.0773], [-118.69323, 34.07755], [-118.69346, 34.07762], [-118.69364, 34.07768], [-118.69373, 34.07771], [-118.69451, 34.07799], [-118.69484, 34.07813], [-118.69534, 34.07831], [-118.6956, 34.07842], [-118.69578, 34.07848], [-118.69597, 34.07853], [-118.6962, 34.07857], [-118.69648, 34.07859], [-118.6968, 34.07858], [-118.6972, 34.0786], [-118.69764, 34.07861], [-118.69808, 34.07863], [-118.69855, 34.0787], [-118.69867, 34.0787], [-118.6989, 34.0787], [-118.69905, 34.0787], [-118.69928, 34.0787], [-118.69956, 34.07877], [-118.69983, 34.07892], [-118.69999, 34.07904], [-118.70012, 34.07914], [-118.70027, 34.07926], [-118.70052, 34.0795], [-118.70057, 34.07953], [-118.70087, 34.07991], [-118.70128, 34.08047], [-118.70155, 34.08074], [-118.7019, 34.08104], [-118.70193, 34.08106], [-118.70223, 34.08129], [-118.70262, 34.08152], [-118.70325, 34.08184], [-118.70364, 34.08204], [-118.70378, 34.08209], [-118.70392, 34.08215], [-118.70413, 34.08219], [-118.70441, 34.08216], [-118.70454, 34.08213], [-118.70475, 34.08263], [-118.70483, 34.08292], [-118.70489, 34.08318], [-118.70491, 34.08339], [-118.70492, 34.08351], [-118.70491, 34.08367], [-118.70489, 34.08383], [-118.70485, 34.08401], [-118.7047, 34.08444], [-118.70443, 34.08515], [-118.70433, 34.08541], [-118.70431, 34.08545], [-118.70425, 34.08561], [-118.70379, 34.08672], [-118.70372, 34.08703], [-118.7037, 34.08728], [-118.70372, 34.08755], [-118.70376, 34.08775], [-118.70384, 34.08796], [-118.70397, 34.08821], [-118.70415, 34.08844], [-118.70478, 34.089], [-118.70496, 34.08915], [-118.70558, 34.08968], [-118.7061, 34.09015], [-118.70647, 34.09051], [-118.70694, 34.09095], [-118.70825, 34.09217], [-118.7087, 34.09258], [-118.70876, 34.09263], [-118.70877, 34.09263], [-118.70877, 34.09264], [-118.70932, 34.09323], [-118.70988, 34.09402], [-118.71031, 34.09466], [-118.71077, 34.09529], [-118.71133, 34.09601], [-118.71152, 34.09635], [-118.71169, 34.09681], [-118.71176, 34.09721], [-118.71178, 34.09755], [-118.7117, 34.09797], [-118.71149, 34.09854], [-118.7113, 34.09897], [-118.71113, 34.09962], [-118.71112, 34.09985], [-118.71113, 34.10311], [-118.71123, 34.10356], [-118.71139, 34.1039], [-118.71139, 34.1039], [-118.71108, 34.10403], [-118.71108, 34.10407], [-118.70996, 34.10455], [-118.70868, 34.10486], [-118.70737, 34.10502], [-118.70639, 34.10501], [-118.70544, 34.10491], [-118.704, 34.10458], [-118.70306, 34.10424], [-118.70237, 34.10391], [-118.70077, 34.10322], [-118.69999, 34.10301], [-118.69801, 34.10262], [-118.69694, 34.10245], [-118.69614, 34.1025], [-118.69459, 34.10268], [-118.69398, 34.10265], [-118.69355, 34.1025], [-118.69304, 34.10188], [-118.69302, 34.10143], [-118.69357, 34.09977], [-118.69384, 34.09924], [-118.69422, 34.09879], [-118.69462, 34.09846], [-118.69705, 34.0966], [-118.69739, 34.09622], [-118.69753, 34.09577], [-118.69743, 34.09526], [-118.69723, 34.09498], [-118.69693, 34.09474], [-118.69641, 34.09455], [-118.69598, 34.09453], [-118.69542, 34.09468], [-118.6891, 34.09684], [-118.68803, 34.09718], [-118.68489, 34.09788], [-118.68489, 34.09787], [-118.68442, 34.09797], [-118.68425, 34.09801], [-118.68394, 34.09808], [-118.68378, 34.09812], [-118.68313, 34.09826], [-118.68235, 34.09843], [-118.68226, 34.09845], [-118.68184, 34.09855], [-118.68144, 34.09864], [-118.68096, 34.09875], [-118.67986, 34.09896], [-118.67938, 34.09899], [-118.67896, 34.09894], [-118.67866, 34.09888], [-118.67849, 34.09884], [-118.67818, 34.09875], [-118.6773, 34.09849], [-118.67723, 34.09847], [-118.67674, 34.09835], [-118.67657, 34.09832], [-118.67644, 34.0983], [-118.67615, 34.09826], [-118.67575, 34.09822], [-118.67535, 34.09819], [-118.67506, 34.0982], [-118.6747, 34.0982], [-118.67441, 34.09822], [-118.67393, 34.09827], [-118.6733, 34.09838], [-118.66944, 34.09901], [-118.66704, 34.09941], [-118.66487, 34.09976], [-118.66425, 34.09987], [-118.66256, 34.10014], [-118.66235, 34.10018], [-118.66184, 34.10027], [-118.66129, 34.10039], [-118.66087, 34.10057], [-118.6608, 34.10062], [-118.66049, 34.10085], [-118.66032, 34.10103], [-118.66019, 34.10123], [-118.66009, 34.10142], [-118.66003, 34.10161], [-118.66001, 34.10176], [-118.65998, 34.10193], [-118.65989, 34.1019], [-118.65974, 34.10185], [-118.65959, 34.10179], [-118.65944, 34.10174], [-118.65932, 34.10168], [-118.6592, 34.10161], [-118.65904, 34.10152], [-118.6589, 34.10146], [-118.65877, 34.10141], [-118.65865, 34.10137], [-118.65851, 34.10134], [-118.65836, 34.10133], [-118.65817, 34.10132], [-118.65782, 34.10135], [-118.65793, 34.10107], [-118.65788, 34.09933], [-118.65884, 34.09926], [-118.65878, 34.09515], [-118.66509, 34.09511], [-118.66793, 34.09622], [-118.67155, 34.09544], [-118.67462, 34.09276], [-118.67528, 34.08416], [-118.67632, 34.08314], [-118.67632, 34.08313], [-118.67772, 34.08316], [-118.67993, 34.07968], [-118.68185, 34.07563], [-118.68117, 34.07405], [-118.68102, 34.07371], [-118.68142, 34.0732], [-118.68152, 34.07312], [-118.68171, 34.07311], [-118.68222, 34.07301], [-118.68233, 34.0729], [-118.68243, 34.07272], [-118.6826, 34.0727]]]}}, {"type": "Feature", "properties": {"zone_id": "RMB-U030-A", "zone_status": "Evacuation Order", "zone_status_reason": "Los Angeles County Fire Dept:  Wind-driven fire. An EVACUATION ORDER for Topanga west of Topanga Canyon Rd. LEAVE NOW.  Follow instructions from emergency personnel. Dial 9-1-1 for emergency help. Visit alertla.org for more information.", "county_abbr": "XLA", "north_of": "Rambla Pacifico St", "east_of": "Carbon Canyon Rd", "south_of": "Piuma Rd, Las Flores Canyon Rd, Rambla Pacifico St", "west_of": "Gorge Rd", "acreage": 1163, "est_population": 124, "city_abbr": "RMB", "zone_sequence": "U030-A", "zone_approval_status": "Published", "last_updated": 1736271952000, "url": "https://protect.genasys.com/zones/US-CA-XLA-RMB-U030-A", "County_Name": "Los Angeles", "Data_Source_Name": "Zonehaven", "Original_Source_URL": "https://protect.genasys.com/zones/US-CA-XLA-RMB-U030-A"}, "geometry": {"type": "Polygon", "coordinates": [[[-118.65865, 34.07185], [-118.65844, 34.0719], [-118.65829, 34.07194], [-118.65815, 34.07204], [-118.65803, 34.07214], [-118.65785, 34.07223], [-118.65767, 34.07225], [-118.65753, 34.07224], [-118.65738, 34.07217], [-118.65709, 34.07198], [-118.65698, 34.07189], [-118.65676, 34.07165], [-118.65661, 34.07146], [-118.65646, 34.07133], [-118.65626, 34.07121], [-118.65457, 34.07063], [-118.65398, 34.07042], [-118.65385, 34.07036], [-118.65369, 34.07027], [-118.65361, 34.07021], [-118.65353, 34.07013], [-118.65347, 34.07007], [-118.65344, 34.06999], [-118.65339, 34.06987], [-118.65335, 34.06971], [-118.65329, 34.06944], [-118.65317, 34.06904], [-118.65312, 34.06885], [-118.65306, 34.06855], [-118.65295, 34.06835], [-118.65291, 34.06814], [-118.65289, 34.06794], [-118.65287, 34.06779], [-118.65287, 34.06767], [-118.65291, 34.06754], [-118.65294, 34.06748], [-118.65299, 34.06742], [-118.65309, 34.06732], [-118.65316, 34.06725], [-118.65321, 34.06717], [-118.65323, 34.0671], [-118.65322, 34.06701], [-118.65317, 34.06682], [-118.65312, 34.06669], [-118.65309, 34.06647], [-118.65307, 34.06639], [-118.65301, 34.06632], [-118.65282, 34.06621], [-118.65271, 34.06615], [-118.65247, 34.06609], [-118.65234, 34.06602], [-118.65222, 34.06593], [-118.65213, 34.06583], [-118.65199, 34.06571], [-118.65163, 34.06545], [-118.65149, 34.06529], [-118.65134, 34.06512], [-118.65111, 34.06486], [-118.65101, 34.06466], [-118.65089, 34.06446], [-118.65072, 34.06422], [-118.65044, 34.06384], [-118.65008, 34.06334], [-118.64974, 34.06284], [-118.64963, 34.06275], [-118.64947, 34.06268], [-118.6489, 34.06243], [-118.64836, 34.06284], [-118.64808, 34.06308], [-118.6478, 34.06331], [-118.6477, 34.06336], [-118.6476, 34.0634], [-118.64687, 34.06355], [-118.64661, 34.06361], [-118.64647, 34.06368], [-118.64635, 34.06378], [-118.64626, 34.06389], [-118.64622, 34.06401], [-118.64622, 34.06418], [-118.6464, 34.06487], [-118.64639, 34.06498], [-118.64636, 34.06515], [-118.64633, 34.06523], [-118.6462, 34.06529], [-118.64605, 34.0653], [-118.64589, 34.06527], [-118.64553, 34.06521], [-118.64509, 34.06513], [-118.64463, 34.06508], [-118.64426, 34.06507], [-118.64413, 34.06507], [-118.64403, 34.0651], [-118.64395, 34.06515], [-118.64387, 34.06526], [-118.64375, 34.06537], [-118.64362, 34.06548], [-118.64354, 34.06559], [-118.64352, 34.06565], [-118.64351, 34.06571], [-118.64356, 34.06587], [-118.64366, 34.06607], [-118.64385, 34.06624], [-118.64402, 34.06636], [-118.64423, 34.06648], [-118.6444, 34.06661], [-118.64459, 34.06677], [-118.64473, 34.06688], [-118.64488, 34.06696], [-118.64502, 34.06706], [-118.64514, 34.06712], [-118.64531, 34.06723], [-118.64538, 34.06732], [-118.64536, 34.06742], [-118.64534, 34.06745], [-118.64529, 34.06746], [-118.6452, 34.06744], [-118.64508, 34.06739], [-118.64484, 34.06727], [-118.64453, 34.06711], [-118.64429, 34.06697], [-118.64392, 34.06678], [-118.64356, 34.06664], [-118.64329, 34.06657], [-118.64306, 34.06656], [-118.64284, 34.06659], [-118.64256, 34.06664], [-118.64228, 34.06669], [-118.64207, 34.06675], [-118.64156, 34.06677], [-118.64119, 34.06688], [-118.64117, 34.06689], [-118.64117, 34.06688], [-118.64101, 34.06693], [-118.64086, 34.06685], [-118.64083, 34.06655], [-118.64078, 34.06636], [-118.64067, 34.06619], [-118.6406, 34.06601], [-118.63981, 34.0655], [-118.63692, 34.06551], [-118.63692, 34.05811], [-118.63691, 34.05811], [-118.63698, 34.04564], [-118.6372, 34.04564], [-118.63737, 34.04564], [-118.63865, 34.04563], [-118.63913, 34.0463], [-118.63934, 34.04631], [-118.6394, 34.04632], [-118.63951, 34.04633], [-118.63952, 34.04633], [-118.64114, 34.04646], [-118.64185, 34.04651], [-118.64232, 34.04655], [-118.64254, 34.04657], [-118.64353, 34.04665], [-118.64363, 34.04665], [-118.64542, 34.0468], [-118.6455, 34.0468], [-118.64553, 34.04681], [-118.64553, 34.04681], [-118.64557, 34.04681], [-118.64729, 34.04695], [-118.64755, 34.04697], [-118.64778, 34.04699], [-118.64779, 34.04699], [-118.64814, 34.04702], [-118.64836, 34.04703], [-118.64836, 34.04703], [-118.64838, 34.04703], [-118.64873, 34.04706], [-118.64898, 34.04708], [-118.64906, 34.04709], [-118.6493, 34.04711], [-118.64988, 34.04715], [-118.6499, 34.04715], [-118.64992, 34.04716], [-118.65252, 34.04736], [-118.65353, 34.04744], [-118.65398, 34.04748], [-118.65407, 34.04749], [-118.65427, 34.04749], [-118.65443, 34.04749], [-118.65473, 34.04749], [-118.65555, 34.04749], [-118.65664, 34.04749], [-118.65674, 34.04749], [-118.65764, 34.04749], [-118.65868, 34.04749], [-118.65909, 34.04749], [-118.65912, 34.04749], [-118.66, 34.04749], [-118.6598, 34.07204], [-118.6596, 34.07203], [-118.65942, 34.07196], [-118.65924, 34.07188], [-118.65909, 34.07184], [-118.65865, 34.07185]]]}}, {"type": "Feature", "properties": {"zone_id": "RMB-U030-B", "zone_status": "Evacuation Order", "zone_status_reason": "Los Angeles County Fire Dept:  Wind-driven fire. An EVACUATION ORDER for area of Carbon Beach Ter. LEAVE NOW.  Follow instructions from emergency personnel. Dial 9-1-1 for emergency help. Visit alertla.org for more information.", "county_abbr": "XLA", "north_of": "Carbon Beach Ter", "east_of": "Carbon Canyon Rd", "south_of": "Piuma Rd", "west_of": "Carbon Canyon Rd", "acreage": 245, "est_population": 1, "city_abbr": "RMB", "zone_sequence": "U030-B", "zone_approval_status": "Published", "last_updated": 1736284146000, "url": "https://protect.genasys.com/zones/US-CA-XLA-RMB-U030-B", "County_Name": "Los Angeles", "Data_Source_Name": "Zonehaven", "Original_Source_URL": "https://protect.genasys.com/zones/US-CA-XLA-RMB-U030-B"}, "geometry": {"type": "Polygon", "coordinates": [[[-118.66, 34.04749], [-118.66063, 34.0475], [-118.66064, 34.0475], [-118.66123, 34.0475], [-118.66423, 34.0475], [-118.6642, 34.06968], [-118.66407, 34.06958], [-118.66397, 34.06945], [-118.66376, 34.06899], [-118.66366, 34.06889], [-118.66354, 34.06882], [-118.66339, 34.06879], [-118.6631, 34.06883], [-118.66289, 34.06884], [-118.66268, 34.06889], [-118.66241, 34.06901], [-118.66221, 34.06906], [-118.66178, 34.06912], [-118.66163, 34.06918], [-118.66154, 34.06924], [-118.6615, 34.06933], [-118.66148, 34.06945], [-118.66151, 34.06958], [-118.6616, 34.06976], [-118.66162, 34.06995], [-118.66159, 34.0701], [-118.66152, 34.07019], [-118.66142, 34.07027], [-118.66128, 34.07038], [-118.66121, 34.07048], [-118.66117, 34.07068], [-118.66115, 34.07078], [-118.66109, 34.07088], [-118.66095, 34.07101], [-118.66083, 34.07114], [-118.6608, 34.07126], [-118.66079, 34.07144], [-118.66075, 34.07156], [-118.66067, 34.07166], [-118.66045, 34.07186], [-118.66032, 34.07194], [-118.6602, 34.07199], [-118.66003, 34.07203], [-118.65986, 34.07205], [-118.6598, 34.07204], [-118.66, 34.04749]]]}}, {"type": "Feature", "properties": {"zone_id": "RMB-U030-C", "zone_status": "Evacuation Warning", "zone_status_reason": "This is an emergency message from the Los Angeles County Fire Department. An EVACUATION WARNING has been issued in your area.  Remain vigilant of any threats and be ready to evacuate. Gather loved ones, pets, and supplies. Continue to monitor local weather, news, and the webpage alertla.org for more", "county_abbr": "XLA", "north_of": "Malibu Canyon Rd, Serra Rd", "east_of": "Malibu Canyon Rd", "south_of": "Malibu Canyon Rd", "west_of": "Piuma Rd, Carbon Canyon Rd", "acreage": 984, "est_population": 46, "city_abbr": "RMB", "zone_sequence": "U030-C", "zone_approval_status": "Published", "last_updated": 1736423780000, "url": "https://protect.genasys.com/zones/US-CA-XLA-RMB-U030-C", "County_Name": "Los Angeles", "Data_Source_Name": "Zonehaven", "Original_Source_URL": "https://protect.genasys.com/zones/US-CA-XLA-RMB-U030-C"}, "geometry": {"type": "Polygon", "coordinates": [[[-118.66423, 34.0475], [-118.67349, 34.04751], [-118.68225, 34.04753], [-118.68235, 34.04749], [-118.68329, 34.04711], [-118.68358, 34.047], [-118.6836, 34.04699], [-118.68365, 34.04697], [-118.6837, 34.04694], [-118.68371, 34.04694], [-118.68372, 34.04693], [-118.68394, 34.04683], [-118.68401, 34.0468], [-118.68458, 34.04652], [-118.68458, 34.04652], [-118.68458, 34.04652], [-118.68464, 34.0465], [-118.68491, 34.04639], [-118.68491, 34.04639], [-118.68497, 34.04636], [-118.68512, 34.0463], [-118.68512, 34.0463], [-118.68518, 34.04627], [-118.68597, 34.04594], [-118.68611, 34.04588], [-118.68631, 34.0458], [-118.68635, 34.04578], [-118.68651, 34.04571], [-118.6893, 34.04555], [-118.69036, 34.04549], [-118.6909, 34.04545], [-118.69181, 34.04695], [-118.69313, 34.04958], [-118.69322, 34.04958], [-118.69348, 34.05003], [-118.69376, 34.05048], [-118.69412, 34.05107], [-118.69442, 34.0514], [-118.69467, 34.05162], [-118.69521, 34.05196], [-118.6956, 34.0522], [-118.69595, 34.05244], [-118.69616, 34.05267], [-118.69636, 34.05295], [-118.69651, 34.05328], [-118.69659, 34.05369], [-118.69658, 34.054], [-118.69651, 34.05424], [-118.69645, 34.05442], [-118.69632, 34.05466], [-118.6963, 34.05469], [-118.69616, 34.05489], [-118.69578, 34.05521], [-118.69554, 34.05538], [-118.69502, 34.05568], [-118.69473, 34.05586], [-118.69464, 34.05591], [-118.69441, 34.05611], [-118.69424, 34.05626], [-118.69408, 34.05653], [-118.69399, 34.05679], [-118.69397, 34.05692], [-118.69397, 34.05704], [-118.69398, 34.05724], [-118.69401, 34.05736], [-118.69422, 34.05834], [-118.69433, 34.05882], [-118.69437, 34.05916], [-118.69437, 34.05951], [-118.6943, 34.05997], [-118.6942, 34.06046], [-118.69416, 34.06078], [-118.69416, 34.061], [-118.69419, 34.06119], [-118.69427, 34.06145], [-118.69433, 34.06162], [-118.69449, 34.06187], [-118.69474, 34.0622], [-118.69501, 34.0625], [-118.6952, 34.06268], [-118.69542, 34.06285], [-118.69624, 34.06332], [-118.69664, 34.0635], [-118.69703, 34.06357], [-118.69742, 34.06357], [-118.69777, 34.06351], [-118.69815, 34.06339], [-118.69863, 34.06325], [-118.69922, 34.06307], [-118.69946, 34.06305], [-118.69968, 34.06307], [-118.69993, 34.06314], [-118.7005, 34.06338], [-118.70071, 34.06345], [-118.70094, 34.06347], [-118.70118, 34.06349], [-118.70146, 34.06353], [-118.70183, 34.0636], [-118.70215, 34.06369], [-118.70249, 34.06375], [-118.70279, 34.06373], [-118.70301, 34.06367], [-118.70355, 34.0635], [-118.70444, 34.0634], [-118.70471, 34.06335], [-118.70504, 34.06327], [-118.70528, 34.06324], [-118.70552, 34.06326], [-118.70572, 34.06332], [-118.70617, 34.06357], [-118.70642, 34.06368], [-118.70683, 34.06382], [-118.70712, 34.06394], [-118.70739, 34.06409], [-118.70802, 34.06482], [-118.70829, 34.06519], [-118.70848, 34.0655], [-118.70855, 34.06573], [-118.70857, 34.06593], [-118.70857, 34.06611], [-118.70854, 34.0663], [-118.70833, 34.06726], [-118.70822, 34.06834], [-118.68349, 34.0646], [-118.67884, 34.05245], [-118.66423, 34.05265], [-118.66423, 34.0475]]]}}, {"type": "Feature", "properties": {"zone_id": "RMB-U030-D", "zone_status": "Evacuation Order", "zone_status_reason": "Los Angeles County Fire Dept: Wind-driven fire. An EVACUATION ORDER for  west of Topanga Canyon Rd. LEAVE NOW. Follow instructions from emergency personnel. Dial 9-1-1 for emergency help. Visit alertla.org for more information.", "county_abbr": "XLA", "north_of": "Masten Rd", "east_of": "Malibu Canyon Rd", "south_of": "Piuma Rd", "west_of": "Costa del Sol Way, Piuma Rd", "acreage": 736, "est_population": 80, "city_abbr": "RMB", "zone_sequence": "U030-D", "zone_approval_status": "Published", "last_updated": 1736295953000, "url": "https://protect.genasys.com/zones/US-CA-XLA-RMB-U030-D", "County_Name": "Los Angeles", "Data_Source_Name": "Zonehaven", "Original_Source_URL": "https://protect.genasys.com/zones/US-CA-XLA-RMB-U030-D"}, "geometry": {"type": "Polygon", "coordinates": [[[-118.70822, 34.06834], [-118.70818, 34.06878], [-118.70805, 34.0691], [-118.70792, 34.0693], [-118.70685, 34.07069], [-118.7067, 34.07093], [-118.70653, 34.0712], [-118.70636, 34.07149], [-118.70626, 34.07169], [-118.70594, 34.07236], [-118.70575, 34.07271], [-118.7054, 34.07322], [-118.70497, 34.0738], [-118.70474, 34.07416], [-118.7046, 34.07435], [-118.70445, 34.07449], [-118.70434, 34.07459], [-118.70413, 34.07477], [-118.70379, 34.07504], [-118.70352, 34.07531], [-118.70326, 34.0757], [-118.70295, 34.0765], [-118.70266, 34.07715], [-118.70244, 34.0775], [-118.70231, 34.07772], [-118.70226, 34.07793], [-118.70228, 34.07809], [-118.70233, 34.07825], [-118.70266, 34.07876], [-118.70307, 34.07935], [-118.70328, 34.07967], [-118.70336, 34.07978], [-118.70366, 34.08025], [-118.70388, 34.0806], [-118.70403, 34.08092], [-118.70409, 34.08106], [-118.70423, 34.08138], [-118.70437, 34.08169], [-118.70454, 34.08213], [-118.70441, 34.08216], [-118.70413, 34.08219], [-118.70392, 34.08215], [-118.70378, 34.08209], [-118.70364, 34.08204], [-118.70325, 34.08184], [-118.70262, 34.08152], [-118.70223, 34.08129], [-118.70193, 34.08106], [-118.7019, 34.08104], [-118.70155, 34.08074], [-118.70128, 34.08047], [-118.70087, 34.07991], [-118.70057, 34.07953], [-118.70052, 34.0795], [-118.70027, 34.07926], [-118.70012, 34.07914], [-118.69999, 34.07904], [-118.69983, 34.07892], [-118.69956, 34.07877], [-118.69928, 34.0787], [-118.69905, 34.0787], [-118.6989, 34.0787], [-118.69867, 34.0787], [-118.69855, 34.0787], [-118.69808, 34.07863], [-118.69764, 34.07861], [-118.6972, 34.0786], [-118.6968, 34.07858], [-118.69648, 34.07859], [-118.6962, 34.07857], [-118.69597, 34.07853], [-118.69578, 34.07848], [-118.6956, 34.07842], [-118.69534, 34.07831], [-118.69484, 34.07813], [-118.69451, 34.07799], [-118.69373, 34.07771], [-118.69364, 34.07768], [-118.69346, 34.07762], [-118.69323, 34.07755], [-118.69274, 34.0773], [-118.69255, 34.07724], [-118.69193, 34.07716], [-118.69185, 34.07715], [-118.69145, 34.07712], [-118.69132, 34.07711], [-118.69109, 34.07711], [-118.69072, 34.07714], [-118.69032, 34.07714], [-118.68983, 34.07707], [-118.68941, 34.07698], [-118.68899, 34.07693], [-118.6887, 34.07686], [-118.68847, 34.07681], [-118.68818, 34.07672], [-118.68791, 34.0766], [-118.68762, 34.07642], [-118.68732, 34.07626], [-118.68709, 34.07616], [-118.68693, 34.07614], [-118.6868, 34.07615], [-118.68662, 34.0762], [-118.68645, 34.07623], [-118.6863, 34.07621], [-118.68618, 34.07618], [-118.68612, 34.07608], [-118.68612, 34.07604], [-118.68612, 34.07599], [-118.68615, 34.07592], [-118.68629, 34.07586], [-118.68647, 34.07584], [-118.68662, 34.07582], [-118.68674, 34.07577], [-118.68686, 34.07574], [-118.687, 34.07564], [-118.68712, 34.07554], [-118.68722, 34.07551], [-118.68736, 34.07551], [-118.68767, 34.07558], [-118.68789, 34.07558], [-118.68808, 34.07554], [-118.68821, 34.07548], [-118.68832, 34.0754], [-118.68842, 34.07534], [-118.68856, 34.07532], [-118.68875, 34.07534], [-118.68902, 34.07542], [-118.68934, 34.07553], [-118.68962, 34.0756], [-118.68977, 34.07557], [-118.68987, 34.07551], [-118.68992, 34.07544], [-118.68993, 34.07535], [-118.68992, 34.07528], [-118.68986, 34.07521], [-118.68977, 34.07515], [-118.6896, 34.07514], [-118.6894, 34.07518], [-118.68918, 34.0752], [-118.68904, 34.07519], [-118.68884, 34.07513], [-118.68859, 34.07504], [-118.68834, 34.07499], [-118.6882, 34.07499], [-118.68805, 34.07503], [-118.68793, 34.07508], [-118.6878, 34.07511], [-118.68765, 34.07505], [-118.68712, 34.07477], [-118.68673, 34.07458], [-118.68651, 34.07454], [-118.68637, 34.07447], [-118.68626, 34.07434], [-118.68618, 34.0742], [-118.6861, 34.07409], [-118.68599, 34.07398], [-118.68581, 34.07387], [-118.68556, 34.07373], [-118.68531, 34.07359], [-118.68503, 34.07335], [-118.6849, 34.07324], [-118.68473, 34.07317], [-118.68457, 34.07313], [-118.68442, 34.07312], [-118.68403, 34.07314], [-118.68368, 34.07316], [-118.68346, 34.07323], [-118.68331, 34.0733], [-118.68321, 34.07334], [-118.6831, 34.07335], [-118.68301, 34.07333], [-118.68295, 34.07326], [-118.68293, 34.0732], [-118.68293, 34.07312], [-118.683, 34.07302], [-118.68312, 34.07293], [-118.68368, 34.07281], [-118.68402, 34.07274], [-118.68419, 34.07269], [-118.68454, 34.0725], [-118.68468, 34.07246], [-118.68482, 34.07246], [-118.68503, 34.07253], [-118.6861, 34.07287], [-118.68633, 34.07297], [-118.68638, 34.07298], [-118.6866, 34.07304], [-118.68676, 34.07306], [-118.68688, 34.07306], [-118.68699, 34.073], [-118.68708, 34.07291], [-118.68712, 34.07272], [-118.68716, 34.07254], [-118.68723, 34.07242], [-118.6874, 34.07227], [-118.68786, 34.07209], [-118.68799, 34.07202], [-118.68818, 34.07186], [-118.68834, 34.07179], [-118.68848, 34.0718], [-118.68859, 34.07184], [-118.68877, 34.07194], [-118.68894, 34.07204], [-118.68909, 34.0721], [-118.68919, 34.07211], [-118.68934, 34.07209], [-118.68947, 34.07201], [-118.68956, 34.07183], [-118.6897, 34.07162], [-118.68985, 34.07145], [-118.69007, 34.07131], [-118.69028, 34.07125], [-118.69048, 34.07122], [-118.69069, 34.07123], [-118.69084, 34.07126], [-118.69101, 34.07141], [-118.69124, 34.07156], [-118.69143, 34.07166], [-118.69178, 34.07176], [-118.69222, 34.0718], [-118.69259, 34.07189], [-118.69309, 34.07206], [-118.69317, 34.07216], [-118.6932, 34.0723], [-118.6932, 34.07245], [-118.69329, 34.0726], [-118.69337, 34.07267], [-118.69355, 34.07277], [-118.69369, 34.07278], [-118.69387, 34.07279], [-118.69408, 34.07281], [-118.6942, 34.07286], [-118.69428, 34.07292], [-118.69437, 34.07302], [-118.69438, 34.07315], [-118.69433, 34.07331], [-118.69435, 34.07346], [-118.69442, 34.07354], [-118.69458, 34.07359], [-118.69485, 34.07361], [-118.69504, 34.07361], [-118.69519, 34.07359], [-118.69534, 34.07359], [-118.69552, 34.07353], [-118.69568, 34.07338], [-118.69586, 34.07331], [-118.69614, 34.07328], [-118.69651, 34.07331], [-118.69672, 34.07336], [-118.69687, 34.07344], [-118.69701, 34.07351], [-118.69712, 34.07358], [-118.69722, 34.07368], [-118.69725, 34.07381], [-118.69729, 34.07398], [-118.69738, 34.07407], [-118.69751, 34.07412], [-118.69769, 34.07412], [-118.69783, 34.07405], [-118.69787, 34.07392], [-118.69784, 34.07378], [-118.69772, 34.07365], [-118.69752, 34.07351], [-118.69746, 34.07347], [-118.69718, 34.07331], [-118.69659, 34.073], [-118.69643, 34.07297], [-118.69627, 34.07291], [-118.69609, 34.07288], [-118.69594, 34.07281], [-118.69575, 34.07272], [-118.69548, 34.07265], [-118.69539, 34.07261], [-118.69529, 34.07249], [-118.69518, 34.07234], [-118.69504, 34.07214], [-118.695, 34.07204], [-118.69478, 34.07191], [-118.69468, 34.07185], [-118.69457, 34.07181], [-118.69444, 34.07177], [-118.69433, 34.07171], [-118.69427, 34.07161], [-118.69427, 34.07144], [-118.69431, 34.07124], [-118.69433, 34.07109], [-118.69432, 34.07093], [-118.69425, 34.07077], [-118.69412, 34.07068], [-118.69395, 34.07062], [-118.69375, 34.07061], [-118.69354, 34.07063], [-118.69334, 34.07065], [-118.69318, 34.07066], [-118.69304, 34.07062], [-118.69287, 34.07053], [-118.6927, 34.07042], [-118.69257, 34.07025], [-118.69242, 34.07013], [-118.69225, 34.07005], [-118.69209, 34.06998], [-118.69188, 34.06984], [-118.69173, 34.06971], [-118.69162, 34.06957], [-118.6914, 34.06948], [-118.69115, 34.06947], [-118.69093, 34.06948], [-118.69078, 34.06947], [-118.69062, 34.0694], [-118.69044, 34.06925], [-118.69022, 34.06904], [-118.69006, 34.06893], [-118.68988, 34.06878], [-118.68974, 34.06868], [-118.68956, 34.0686], [-118.68934, 34.06854], [-118.68909, 34.06845], [-118.68879, 34.06838], [-118.68847, 34.06832], [-118.68823, 34.06832], [-118.68809, 34.06835], [-118.68793, 34.06843], [-118.68765, 34.06856], [-118.68737, 34.06869], [-118.68713, 34.06878], [-118.68681, 34.06889], [-118.68655, 34.06893], [-118.68627, 34.06895], [-118.68584, 34.06891], [-118.68539, 34.06887], [-118.68512, 34.06881], [-118.68489, 34.06874], [-118.68476, 34.06872], [-118.6846, 34.06876], [-118.68446, 34.06879], [-118.68429, 34.06884], [-118.68409, 34.0689], [-118.68383, 34.06886], [-118.68367, 34.06879], [-118.68357, 34.06869], [-118.68353, 34.06856], [-118.68344, 34.06832], [-118.68341, 34.06811], [-118.68346, 34.06794], [-118.68355, 34.06783], [-118.68364, 34.06768], [-118.68373, 34.06751], [-118.68376, 34.06729], [-118.68374, 34.06716], [-118.68367, 34.06699], [-118.6835, 34.06684], [-118.68331, 34.06676], [-118.68306, 34.0667], [-118.68272, 34.0667], [-118.68234, 34.06666], [-118.68208, 34.0666], [-118.68163, 34.06637], [-118.68138, 34.06629], [-118.68065, 34.06612], [-118.68016, 34.06601], [-118.6799, 34.06586], [-118.6797, 34.06569], [-118.67947, 34.06554], [-118.67912, 34.06539], [-118.67878, 34.06527], [-118.67837, 34.06521], [-118.67757, 34.06513], [-118.6774, 34.06515], [-118.67695, 34.06527], [-118.67681, 34.06527], [-118.67639, 34.06505], [-118.67619, 34.06498], [-118.67597, 34.06498], [-118.67359, 34.06528], [-118.67338, 34.06537], [-118.67315, 34.06551], [-118.67274, 34.06576], [-118.67237, 34.06597], [-118.67225, 34.06613], [-118.67213, 34.06634], [-118.67209, 34.06647], [-118.67206, 34.06667], [-118.67222, 34.06809], [-118.67216, 34.06822], [-118.67201, 34.06829], [-118.67147, 34.06822], [-118.67132, 34.06817], [-118.67105, 34.06805], [-118.67094, 34.06802], [-118.67082, 34.06802], [-118.67071, 34.06806], [-118.67062, 34.06814], [-118.67059, 34.06823], [-118.67064, 34.06864], [-118.67063, 34.06878], [-118.67056, 34.06894], [-118.67047, 34.06909], [-118.67037, 34.06922], [-118.67028, 34.06928], [-118.66938, 34.06976], [-118.66932, 34.0698], [-118.66928, 34.06982], [-118.66898, 34.06999], [-118.66885, 34.07004], [-118.6687, 34.07007], [-118.66849, 34.07008], [-118.66834, 34.07003], [-118.6681, 34.06993], [-118.66786, 34.06989], [-118.6677, 34.06988], [-118.6675, 34.06992], [-118.66734, 34.06999], [-118.66664, 34.07029], [-118.66642, 34.07035], [-118.66623, 34.07037], [-118.66615, 34.07037], [-118.66587, 34.07034], [-118.66562, 34.07028], [-118.66546, 34.07021], [-118.66531, 34.07017], [-118.66507, 34.07006], [-118.66483, 34.06998], [-118.66454, 34.06984], [-118.66439, 34.06978], [-118.66421, 34.0697], [-118.6642, 34.06968], [-118.66421, 34.06168], [-118.70822, 34.06834]]]}}, {"type": "Feature", "properties": {"zone_id": "RMB-U030-E", "zone_status": "Evacuation Order", "zone_status_reason": "Los Angeles County Fire Dept: Due to Palisades fire, an EVACUATION ORDER for this zone has been issued. The Palisades Fire has burned into the previous burn scar of the Franklin Fire. No structures are within this area and there is currently no threat to other areas within the burn scar.", "county_abbr": "XLA", "north_of": "Sweetwater Mesa Rd", "east_of": "Palm Canyon Ln", "south_of": "Piuma Rd", "west_of": "Carbon Canyon Rd", "acreage": 446, "est_population": 1, "city_abbr": "RMB", "zone_sequence": "U030-E", "zone_approval_status": "Published", "last_updated": 1736432007000, "url": "https://protect.genasys.com/zones/US-CA-XLA-RMB-U030-E", "County_Name": "Los Angeles", "Data_Source_Name": "Zonehaven", "Original_Source_URL": "https://protect.genasys.com/zones/US-CA-XLA-RMB-U030-E"}, "geometry": {"type": "Polygon", "coordinates": [[[-118.68349, 34.0646], [-118.66421, 34.06168], [-118.66423, 34.05265], [-118.67884, 34.05245], [-118.68349, 34.0646]]]}}, {"type": "Feature", "properties": {"zone_id": "RRC-U027", "zone_status": "Evacuation Order", "zone_status_reason": "Los Angeles County Fire Dept: Wind-driven fire. An EVACUATION ORDER for  west of Topanga Canyon Rd. LEAVE NOW. Follow instructions from emergency personnel. Dial 9-1-1 for emergency help. Visit alertla.org for more information.", "county_abbr": "XLA", "north_of": "Stunt Road, Saddle Peak Road", "east_of": "Stunt Road", "south_of": "Mulholland Highway, Zuniga Road, Calabasas Peak Motorway, Red Rock Road", "west_of": "Stunt Road", "acreage": 1208, "est_population": 9, "city_abbr": "RRC", "zone_sequence": "U027", "zone_approval_status": "Published", "last_updated": 1736295953000, "url": "https://protect.genasys.com/zones/US-CA-XLA-RRC-U027", "County_Name": "Los Angeles", "Data_Source_Name": "Zonehaven", "Original_Source_URL": "https://protect.genasys.com/zones/US-CA-XLA-RRC-U027"}, "geometry": {"type": "Polygon", "coordinates": [[[-118.65026, 34.1181], [-118.64982, 34.1181], [-118.64942, 34.1181], [-118.64567, 34.11809], [-118.64568, 34.11446], [-118.64568, 34.1144], [-118.64568, 34.10718], [-118.64111, 34.10719], [-118.64111, 34.09994], [-118.64112, 34.09636], [-118.64117, 34.09264], [-118.63695, 34.09264], [-118.63694, 34.08343], [-118.63718, 34.08314], [-118.6373, 34.08307], [-118.63762, 34.08299], [-118.63883, 34.08269], [-118.63894, 34.0826], [-118.63904, 34.08237], [-118.63917, 34.08225], [-118.63947, 34.08203], [-118.6411, 34.08112], [-118.64125, 34.08108], [-118.64125, 34.08107], [-118.64125, 34.08106], [-118.64132, 34.08104], [-118.64142, 34.08103], [-118.64157, 34.08106], [-118.64181, 34.0811], [-118.64204, 34.08112], [-118.64225, 34.08114], [-118.64264, 34.08116], [-118.6429, 34.08117], [-118.64318, 34.08118], [-118.64343, 34.0812], [-118.6436, 34.08122], [-118.64374, 34.08125], [-118.64377, 34.08125], [-118.64392, 34.08127], [-118.64409, 34.08127], [-118.64435, 34.08126], [-118.6445, 34.08124], [-118.64462, 34.08121], [-118.64474, 34.08119], [-118.64486, 34.08118], [-118.64499, 34.0812], [-118.64517, 34.08123], [-118.64525, 34.08124], [-118.64535, 34.08123], [-118.64537, 34.08123], [-118.64548, 34.08121], [-118.64561, 34.08117], [-118.64574, 34.08111], [-118.64579, 34.08116], [-118.64585, 34.08118], [-118.64592, 34.08118], [-118.64603, 34.08117], [-118.64623, 34.08111], [-118.64651, 34.08103], [-118.64686, 34.08093], [-118.64715, 34.08086], [-118.64736, 34.08082], [-118.64768, 34.08077], [-118.64793, 34.08073], [-118.64895, 34.08056], [-118.64956, 34.08046], [-118.64982, 34.08042], [-118.64995, 34.08041], [-118.65011, 34.08041], [-118.65023, 34.08042], [-118.65044, 34.08048], [-118.65055, 34.08053], [-118.65066, 34.08063], [-118.65074, 34.08072], [-118.65082, 34.08084], [-118.65085, 34.08097], [-118.65087, 34.08112], [-118.65086, 34.08123], [-118.65082, 34.08135], [-118.65075, 34.08146], [-118.65065, 34.08158], [-118.65057, 34.08166], [-118.65047, 34.08173], [-118.65034, 34.08188], [-118.65026, 34.08199], [-118.65021, 34.08213], [-118.65019, 34.08225], [-118.6502, 34.08241], [-118.65026, 34.0828], [-118.65028, 34.08285], [-118.65033, 34.08309], [-118.65036, 34.08321], [-118.65042, 34.08333], [-118.6505, 34.08342], [-118.65061, 34.08349], [-118.65072, 34.08354], [-118.65088, 34.08359], [-118.65106, 34.08362], [-118.6512, 34.08364], [-118.65133, 34.08366], [-118.65148, 34.0837], [-118.65162, 34.08376], [-118.65174, 34.08383], [-118.65184, 34.08391], [-118.65197, 34.08403], [-118.65208, 34.08415], [-118.65234, 34.08447], [-118.65236, 34.08449], [-118.65259, 34.08477], [-118.65275, 34.08493], [-118.65286, 34.08503], [-118.65297, 34.0851], [-118.6531, 34.08517], [-118.65325, 34.08522], [-118.65338, 34.08526], [-118.65354, 34.08528], [-118.65369, 34.08528], [-118.65388, 34.08527], [-118.65405, 34.08523], [-118.65416, 34.0852], [-118.65429, 34.08515], [-118.65447, 34.0851], [-118.65462, 34.08506], [-118.6548, 34.08503], [-118.65495, 34.08501], [-118.65514, 34.085], [-118.65531, 34.085], [-118.6555, 34.08501], [-118.65592, 34.08498], [-118.65613, 34.08498], [-118.65646, 34.08498], [-118.65659, 34.08498], [-118.65682, 34.08505], [-118.65698, 34.08516], [-118.65709, 34.0853], [-118.65718, 34.08549], [-118.65724, 34.08566], [-118.65735, 34.08587], [-118.6575, 34.08604], [-118.65761, 34.08612], [-118.65772, 34.08616], [-118.65782, 34.08618], [-118.65798, 34.08618], [-118.65861, 34.08608], [-118.65885, 34.08605], [-118.65892, 34.08604], [-118.65917, 34.08599], [-118.65941, 34.08595], [-118.65974, 34.08595], [-118.66017, 34.086], [-118.66035, 34.08602], [-118.66353, 34.08677], [-118.66366, 34.08678], [-118.66378, 34.08677], [-118.66394, 34.08672], [-118.66439, 34.08654], [-118.66457, 34.08652], [-118.66473, 34.08656], [-118.66488, 34.08666], [-118.665, 34.08686], [-118.66502, 34.08697], [-118.66499, 34.08708], [-118.66494, 34.08716], [-118.66487, 34.08723], [-118.66389, 34.08812], [-118.6638, 34.08822], [-118.66365, 34.08831], [-118.66351, 34.08836], [-118.66339, 34.0884], [-118.66318, 34.08844], [-118.66294, 34.08845], [-118.66266, 34.08846], [-118.66239, 34.08847], [-118.66219, 34.08847], [-118.66203, 34.08845], [-118.66183, 34.08841], [-118.66154, 34.08835], [-118.66132, 34.08832], [-118.66113, 34.08832], [-118.66097, 34.08838], [-118.66079, 34.08853], [-118.6606, 34.08884], [-118.66058, 34.08888], [-118.66031, 34.08948], [-118.6602, 34.08962], [-118.65995, 34.0899], [-118.65944, 34.09041], [-118.6592, 34.09063], [-118.65896, 34.0908], [-118.65869, 34.09089], [-118.65834, 34.09099], [-118.65808, 34.09101], [-118.65785, 34.09099], [-118.6573, 34.09079], [-118.65715, 34.09075], [-118.65699, 34.09072], [-118.6568, 34.09073], [-118.65676, 34.09073], [-118.65644, 34.09077], [-118.65627, 34.09078], [-118.65609, 34.09075], [-118.6559, 34.09071], [-118.65573, 34.09065], [-118.65545, 34.09051], [-118.65525, 34.09041], [-118.65502, 34.09034], [-118.6548, 34.09029], [-118.6543, 34.09028], [-118.65386, 34.09027], [-118.65369, 34.09031], [-118.65359, 34.09035], [-118.6535, 34.0904], [-118.65343, 34.09048], [-118.65335, 34.09065], [-118.65328, 34.09086], [-118.65323, 34.09101], [-118.65315, 34.09112], [-118.65297, 34.09128], [-118.6528, 34.09138], [-118.65271, 34.09143], [-118.65257, 34.0915], [-118.65248, 34.09161], [-118.65242, 34.09173], [-118.65241, 34.09196], [-118.6524, 34.09223], [-118.65235, 34.09234], [-118.65226, 34.09244], [-118.65187, 34.0927], [-118.65173, 34.09278], [-118.65154, 34.09282], [-118.65125, 34.09283], [-118.65104, 34.09292], [-118.65089, 34.093], [-118.65067, 34.09311], [-118.6505, 34.09319], [-118.65034, 34.09324], [-118.65019, 34.09327], [-118.65006, 34.09333], [-118.64995, 34.09342], [-118.64987, 34.09352], [-118.64979, 34.0937], [-118.6497, 34.09381], [-118.64959, 34.09389], [-118.6495, 34.09394], [-118.64937, 34.09396], [-118.64926, 34.09395], [-118.64913, 34.09393], [-118.64898, 34.09386], [-118.64804, 34.09336], [-118.64788, 34.09332], [-118.64772, 34.09332], [-118.64759, 34.09335], [-118.6475, 34.0934], [-118.64736, 34.0935], [-118.64727, 34.09361], [-118.64716, 34.09403], [-118.64709, 34.0943], [-118.6471, 34.09443], [-118.64716, 34.09458], [-118.64726, 34.09473], [-118.64736, 34.09483], [-118.64749, 34.09491], [-118.64763, 34.09496], [-118.64778, 34.095], [-118.64799, 34.09504], [-118.64859, 34.09515], [-118.6491, 34.09523], [-118.64941, 34.09524], [-118.65013, 34.09518], [-118.6504, 34.09515], [-118.6506, 34.09511], [-118.65072, 34.09507], [-118.65085, 34.09503], [-118.65106, 34.09492], [-118.65123, 34.09484], [-118.65137, 34.0948], [-118.65148, 34.09478], [-118.65161, 34.09478], [-118.65175, 34.09479], [-118.65195, 34.09483], [-118.65212, 34.0949], [-118.6522, 34.09495], [-118.65231, 34.09504], [-118.6524, 34.09514], [-118.65248, 34.09525], [-118.65253, 34.09534], [-118.65256, 34.09543], [-118.65256, 34.09553], [-118.65255, 34.09566], [-118.65251, 34.09578], [-118.65246, 34.09589], [-118.65236, 34.09606], [-118.65229, 34.09617], [-118.65224, 34.09627], [-118.65223, 34.09629], [-118.65217, 34.09653], [-118.65214, 34.09672], [-118.65214, 34.0969], [-118.65218, 34.09712], [-118.65225, 34.09732], [-118.65234, 34.09751], [-118.65244, 34.09765], [-118.65257, 34.09781], [-118.65271, 34.09794], [-118.65284, 34.09805], [-118.65297, 34.09816], [-118.65313, 34.0983], [-118.65326, 34.09842], [-118.65338, 34.09858], [-118.65344, 34.09872], [-118.65349, 34.09882], [-118.65352, 34.09894], [-118.65356, 34.09914], [-118.6536, 34.09933], [-118.65362, 34.09948], [-118.65367, 34.09965], [-118.65375, 34.09985], [-118.65381, 34.09997], [-118.65387, 34.10011], [-118.65377, 34.10015], [-118.65024, 34.10257], [-118.65025, 34.10352], [-118.65458, 34.1035], [-118.6545, 34.1181], [-118.65026, 34.1181]]]}}, {"type": "Feature", "properties": {"zone_id": "SAN-Q1395-B", "zone_status": "Evacuation Warning", "zone_status_reason": "These areas are being reduced to an EVACUATION WARNING. Remain vigilant of any threats and be ready to evacuate. Gather loved ones, pets, and supplies. Continue to monitor local weather, news, and alertla.org for more.", "county_abbr": "XLA", "north_of": "11th St, Foxtail Dr", "east_of": "Kingman Ave", "south_of": "La Mesa Dr", "west_of": "26th St, San Vicente Blvd", "acreage": 93, "est_population": 554, "city_abbr": "SAN", "zone_sequence": "Q1395-B", "zone_approval_status": "Published", "last_updated": 1736755435000, "url": "https://protect.genasys.com/zones/US-CA-XLA-SAN-Q1395-B", "County_Name": "Los Angeles", "Data_Source_Name": "Zonehaven", "Original_Source_URL": "https://protect.genasys.com/zones/US-CA-XLA-SAN-Q1395-B"}, "geometry": {"type": "Polygon", "coordinates": [[[-118.50587, 34.03657], [-118.50599, 34.03669], [-118.50602, 34.03672], [-118.50611, 34.03673], [-118.50704, 34.03709], [-118.50794, 34.03744], [-118.50796, 34.03754], [-118.50797, 34.03757], [-118.508, 34.03771], [-118.50803, 34.03784], [-118.50806, 34.03798], [-118.50809, 34.0381], [-118.50822, 34.0381], [-118.50822, 34.03817], [-118.50821, 34.03822], [-118.5082, 34.03826], [-118.50819, 34.03834], [-118.50826, 34.03835], [-118.50824, 34.03844], [-118.50821, 34.03857], [-118.50817, 34.03873], [-118.50816, 34.03878], [-118.50814, 34.03892], [-118.50812, 34.03908], [-118.50835, 34.03915], [-118.50832, 34.03921], [-118.5081, 34.03913], [-118.50808, 34.03915], [-118.50791, 34.03945], [-118.50786, 34.03954], [-118.50784, 34.03957], [-118.50782, 34.03962], [-118.50779, 34.03967], [-118.50759, 34.04], [-118.50757, 34.04004], [-118.50755, 34.04008], [-118.50754, 34.04007], [-118.50691, 34.04042], [-118.5066, 34.04058], [-118.50655, 34.0406], [-118.50636, 34.04067], [-118.50614, 34.04074], [-118.50574, 34.04088], [-118.50514, 34.04109], [-118.50491, 34.04117], [-118.50482, 34.0412], [-118.50464, 34.04126], [-118.50458, 34.04129], [-118.50448, 34.0412], [-118.50435, 34.04108], [-118.50426, 34.04099], [-118.50417, 34.04091], [-118.50412, 34.04087], [-118.50397, 34.04073], [-118.50361, 34.0411], [-118.50355, 34.04116], [-118.50353, 34.04119], [-118.50314, 34.04159], [-118.50272, 34.04202], [-118.50253, 34.04222], [-118.50231, 34.04245], [-118.50204, 34.04273], [-118.50201, 34.04276], [-118.50177, 34.04301], [-118.50153, 34.04327], [-118.50129, 34.04352], [-118.50105, 34.04377], [-118.5008, 34.04402], [-118.50056, 34.04427], [-118.50031, 34.04453], [-118.50008, 34.04477], [-118.50003, 34.04482], [-118.49949, 34.04538], [-118.49919, 34.04569], [-118.49888, 34.04601], [-118.49828, 34.04662], [-118.49774, 34.04719], [-118.4977, 34.04723], [-118.49747, 34.04746], [-118.49731, 34.04763], [-118.4954, 34.04959], [-118.49539, 34.04962], [-118.49533, 34.04972], [-118.49521, 34.04986], [-118.49514, 34.04994], [-118.49501, 34.05009], [-118.49491, 34.05021], [-118.49486, 34.05034], [-118.49476, 34.05026], [-118.49464, 34.05016], [-118.49448, 34.05043], [-118.49454, 34.05049], [-118.49448, 34.05055], [-118.49389, 34.05005], [-118.49307, 34.04934], [-118.49267, 34.04899], [-118.49202, 34.04845], [-118.49192, 34.04836], [-118.49347, 34.04785], [-118.49953, 34.04327], [-118.50224, 34.04126], [-118.50539, 34.03823], [-118.50587, 34.03657]]]}}, {"type": "Feature", "properties": {"zone_id": "SAN-Q1396-B", "zone_status": "Evacuation Warning", "zone_status_reason": "These areas are being reduced to an EVACUATION WARNING. Remain vigilant of any threats and be ready to evacuate. Gather loved ones, pets, and supplies. Continue to monitor local weather, news, and alertla.org for more.", "county_abbr": "XLA", "north_of": "Palisades Beach Rd, 4th St", "east_of": "Ocean Avenue Ext", "south_of": "Foxtail Dr, San Vicente Blvd", "west_of": "San Vicente Blvd", "acreage": 61, "est_population": 1105, "city_abbr": "SAN", "zone_sequence": "Q1396-B", "zone_approval_status": "Published", "last_updated": 1736755435000, "url": "https://protect.genasys.com/zones/US-CA-XLA-SAN-Q1396-B", "County_Name": "Los Angeles", "Data_Source_Name": "Zonehaven", "Original_Source_URL": "https://protect.genasys.com/zones/US-CA-XLA-SAN-Q1396-B"}, "geometry": {"type": "Polygon", "coordinates": [[[-118.51406, 34.02537], [-118.51435, 34.0255], [-118.51445, 34.02557], [-118.51493, 34.02581], [-118.51555, 34.02612], [-118.51595, 34.02632], [-118.51599, 34.02634], [-118.51588, 34.02642], [-118.51524, 34.02694], [-118.51519, 34.02706], [-118.51518, 34.02709], [-118.51507, 34.02735], [-118.51489, 34.02778], [-118.51486, 34.02783], [-118.51478, 34.02792], [-118.51468, 34.02798], [-118.5146, 34.02805], [-118.51447, 34.02818], [-118.51443, 34.02823], [-118.51413, 34.02854], [-118.51406, 34.02861], [-118.51387, 34.02874], [-118.51379, 34.02879], [-118.51375, 34.02885], [-118.51367, 34.02894], [-118.51357, 34.02906], [-118.51351, 34.02912], [-118.51347, 34.02917], [-118.51336, 34.02931], [-118.51327, 34.02939], [-118.51322, 34.02945], [-118.51317, 34.0295], [-118.51305, 34.02962], [-118.51296, 34.02972], [-118.51292, 34.02976], [-118.51286, 34.02983], [-118.51282, 34.02987], [-118.51276, 34.02994], [-118.51272, 34.02998], [-118.51264, 34.03004], [-118.51251, 34.03015], [-118.51241, 34.03023], [-118.5123, 34.03033], [-118.51226, 34.03036], [-118.51224, 34.03038], [-118.51199, 34.03058], [-118.51193, 34.03063], [-118.51184, 34.03068], [-118.51173, 34.03073], [-118.51172, 34.03074], [-118.51165, 34.03078], [-118.51156, 34.03084], [-118.51151, 34.03092], [-118.51146, 34.03101], [-118.51139, 34.03109], [-118.51132, 34.03115], [-118.51123, 34.03121], [-118.51117, 34.03124], [-118.51114, 34.03126], [-118.51108, 34.03128], [-118.51102, 34.03132], [-118.51091, 34.03136], [-118.51082, 34.03142], [-118.51075, 34.03148], [-118.51061, 34.03168], [-118.51056, 34.03175], [-118.51048, 34.03184], [-118.51046, 34.03186], [-118.51044, 34.03189], [-118.51035, 34.03198], [-118.51031, 34.03201], [-118.51026, 34.03207], [-118.51008, 34.03224], [-118.50992, 34.03241], [-118.50976, 34.03257], [-118.50968, 34.03264], [-118.50965, 34.03268], [-118.50953, 34.03279], [-118.5095, 34.03283], [-118.50906, 34.03295], [-118.50886, 34.033], [-118.50881, 34.03301], [-118.50872, 34.03303], [-118.50859, 34.03306], [-118.50862, 34.0331], [-118.50864, 34.03313], [-118.50873, 34.03323], [-118.50876, 34.03327], [-118.50878, 34.03331], [-118.5088, 34.03336], [-118.50877, 34.03359], [-118.50874, 34.03374], [-118.50873, 34.03381], [-118.5087, 34.03397], [-118.50867, 34.03402], [-118.50865, 34.03405], [-118.50856, 34.03422], [-118.50854, 34.03426], [-118.50849, 34.03434], [-118.50845, 34.03442], [-118.5084, 34.0345], [-118.50837, 34.03457], [-118.50834, 34.03462], [-118.50829, 34.0347], [-118.50827, 34.03474], [-118.50821, 34.03485], [-118.50819, 34.0349], [-118.50816, 34.03498], [-118.50811, 34.03512], [-118.50806, 34.03526], [-118.50802, 34.03538], [-118.508, 34.03542], [-118.50797, 34.03551], [-118.50795, 34.03555], [-118.50792, 34.03564], [-118.50789, 34.03572], [-118.50787, 34.03577], [-118.50786, 34.03581], [-118.50782, 34.0359], [-118.50777, 34.03603], [-118.50776, 34.03608], [-118.5077, 34.03623], [-118.50769, 34.03627], [-118.50772, 34.03642], [-118.50774, 34.03653], [-118.50776, 34.0366], [-118.50779, 34.03676], [-118.50782, 34.0369], [-118.50784, 34.03699], [-118.50786, 34.03705], [-118.50788, 34.03717], [-118.5079, 34.03724], [-118.50791, 34.0373], [-118.50794, 34.03744], [-118.50704, 34.03709], [-118.50611, 34.03673], [-118.50602, 34.03672], [-118.50599, 34.03669], [-118.50598, 34.03668], [-118.50663, 34.03407], [-118.50786, 34.03207], [-118.51092, 34.02925], [-118.51331, 34.02699], [-118.51406, 34.02537]]]}}, {"type": "Feature", "properties": {"zone_id": "SDP-U029", "zone_status": "Evacuation Order", "zone_status_reason": "Los Angeles County Fire Dept: Wind-driven fire. An EVACUATION ORDER for  west of Topanga Canyon Rd. LEAVE NOW. Follow instructions from emergency personnel. Dial 9-1-1 for emergency help. Visit alertla.org for more information.", "county_abbr": "XLA", "north_of": "Rambla Pacifico St, Piuma Rd", "east_of": "Piuma Rd, Cold Canyon Rd", "south_of": "Bob Batchelor Rd, Stunt Rd", "west_of": "Las Flores Canyon Rd, Murphy Rd, Saddle Peak Rd", "acreage": 2481, "est_population": 646, "city_abbr": "SDP", "zone_sequence": "U029", "zone_approval_status": "Published", "last_updated": 1736295953000, "url": "https://protect.genasys.com/zones/US-CA-XLA-SDP-U029", "County_Name": "Los Angeles", "Data_Source_Name": "Zonehaven", "Original_Source_URL": "https://protect.genasys.com/zones/US-CA-XLA-SDP-U029"}, "geometry": {"type": "Polygon", "coordinates": [[[-118.68468, 34.07246], [-118.68454, 34.0725], [-118.68419, 34.07269], [-118.68402, 34.07274], [-118.68368, 34.07281], [-118.68312, 34.07293], [-118.683, 34.07302], [-118.68299, 34.07302], [-118.68287, 34.07284], [-118.6826, 34.0727], [-118.68243, 34.07272], [-118.68237, 34.07282], [-118.68233, 34.0729], [-118.68222, 34.07301], [-118.68171, 34.07311], [-118.68152, 34.07312], [-118.68142, 34.0732], [-118.68102, 34.07371], [-118.68117, 34.07405], [-118.68185, 34.07563], [-118.67993, 34.07968], [-118.67772, 34.08316], [-118.67632, 34.08313], [-118.67632, 34.08314], [-118.67528, 34.08416], [-118.67462, 34.09276], [-118.67155, 34.09544], [-118.66793, 34.09622], [-118.66509, 34.09511], [-118.65878, 34.09515], [-118.65884, 34.09926], [-118.65788, 34.09933], [-118.65793, 34.10107], [-118.65782, 34.10135], [-118.65711, 34.1014], [-118.65635, 34.10145], [-118.65631, 34.10146], [-118.65558, 34.10152], [-118.65545, 34.10153], [-118.65521, 34.10152], [-118.655, 34.1015], [-118.65486, 34.10146], [-118.65471, 34.10139], [-118.65456, 34.10129], [-118.65445, 34.10116], [-118.65436, 34.10103], [-118.65428, 34.10088], [-118.65413, 34.1006], [-118.6541, 34.10056], [-118.65403, 34.1004], [-118.65391, 34.10018], [-118.6539, 34.10017], [-118.65387, 34.10011], [-118.65381, 34.09997], [-118.65375, 34.09985], [-118.65367, 34.09965], [-118.65362, 34.09948], [-118.6536, 34.09933], [-118.65356, 34.09914], [-118.65352, 34.09894], [-118.65349, 34.09882], [-118.65344, 34.09872], [-118.65338, 34.09858], [-118.65326, 34.09842], [-118.65313, 34.0983], [-118.65297, 34.09816], [-118.65284, 34.09805], [-118.65271, 34.09794], [-118.65257, 34.09781], [-118.65244, 34.09765], [-118.65234, 34.09751], [-118.65225, 34.09732], [-118.65218, 34.09712], [-118.65214, 34.0969], [-118.65214, 34.09672], [-118.65217, 34.09653], [-118.65223, 34.09629], [-118.65224, 34.09627], [-118.65229, 34.09617], [-118.65236, 34.09606], [-118.65246, 34.09589], [-118.65251, 34.09578], [-118.65255, 34.09566], [-118.65256, 34.09553], [-118.65256, 34.09543], [-118.65253, 34.09534], [-118.65248, 34.09525], [-118.6524, 34.09514], [-118.65231, 34.09504], [-118.6522, 34.09495], [-118.65212, 34.0949], [-118.65195, 34.09483], [-118.65175, 34.09479], [-118.65161, 34.09478], [-118.65148, 34.09478], [-118.65137, 34.0948], [-118.65123, 34.09484], [-118.65106, 34.09492], [-118.65085, 34.09503], [-118.65072, 34.09507], [-118.6506, 34.09511], [-118.6504, 34.09515], [-118.65013, 34.09518], [-118.64941, 34.09524], [-118.6491, 34.09523], [-118.64859, 34.09515], [-118.64799, 34.09504], [-118.64778, 34.095], [-118.64763, 34.09496], [-118.64749, 34.09491], [-118.64736, 34.09483], [-118.64726, 34.09473], [-118.64716, 34.09458], [-118.6471, 34.09443], [-118.64709, 34.0943], [-118.64716, 34.09403], [-118.64727, 34.09361], [-118.64736, 34.0935], [-118.6475, 34.0934], [-118.64759, 34.09335], [-118.64772, 34.09332], [-118.64788, 34.09332], [-118.64804, 34.09336], [-118.64898, 34.09386], [-118.64913, 34.09393], [-118.64926, 34.09395], [-118.64937, 34.09396], [-118.6495, 34.09394], [-118.64959, 34.09389], [-118.6497, 34.09381], [-118.64979, 34.0937], [-118.64987, 34.09352], [-118.64995, 34.09342], [-118.65006, 34.09333], [-118.65019, 34.09327], [-118.65034, 34.09324], [-118.6505, 34.09319], [-118.65067, 34.09311], [-118.65089, 34.093], [-118.65104, 34.09292], [-118.65125, 34.09283], [-118.65154, 34.09282], [-118.65173, 34.09278], [-118.65187, 34.0927], [-118.65226, 34.09244], [-118.65235, 34.09234], [-118.6524, 34.09223], [-118.65241, 34.09196], [-118.65242, 34.09173], [-118.65248, 34.09161], [-118.65257, 34.0915], [-118.65271, 34.09143], [-118.6528, 34.09138], [-118.65297, 34.09128], [-118.65315, 34.09112], [-118.65323, 34.09101], [-118.65328, 34.09086], [-118.65335, 34.09065], [-118.65343, 34.09048], [-118.6535, 34.0904], [-118.65359, 34.09035], [-118.65369, 34.09031], [-118.65386, 34.09027], [-118.6543, 34.09028], [-118.6548, 34.09029], [-118.65502, 34.09034], [-118.65525, 34.09041], [-118.65545, 34.09051], [-118.65573, 34.09065], [-118.6559, 34.09071], [-118.65609, 34.09075], [-118.65627, 34.09078], [-118.65644, 34.09077], [-118.65676, 34.09073], [-118.6568, 34.09073], [-118.65699, 34.09072], [-118.65715, 34.09075], [-118.6573, 34.09079], [-118.65785, 34.09099], [-118.65808, 34.09101], [-118.65834, 34.09099], [-118.65869, 34.09089], [-118.65896, 34.0908], [-118.6592, 34.09063], [-118.65944, 34.09041], [-118.65995, 34.0899], [-118.6602, 34.08962], [-118.66031, 34.08948], [-118.66058, 34.08888], [-118.6606, 34.08884], [-118.66079, 34.08853], [-118.66097, 34.08838], [-118.66113, 34.08832], [-118.66132, 34.08832], [-118.66154, 34.08835], [-118.66183, 34.08841], [-118.66203, 34.08845], [-118.66219, 34.08847], [-118.66239, 34.08847], [-118.66266, 34.08846], [-118.66294, 34.08845], [-118.66318, 34.08844], [-118.66339, 34.0884], [-118.66351, 34.08836], [-118.66365, 34.08831], [-118.6638, 34.08822], [-118.66389, 34.08812], [-118.66487, 34.08723], [-118.66494, 34.08716], [-118.66499, 34.08708], [-118.66502, 34.08697], [-118.665, 34.08686], [-118.66488, 34.08666], [-118.66473, 34.08656], [-118.66457, 34.08652], [-118.66439, 34.08654], [-118.66394, 34.08672], [-118.66378, 34.08677], [-118.66366, 34.08678], [-118.66353, 34.08677], [-118.66035, 34.08602], [-118.66017, 34.086], [-118.65974, 34.08595], [-118.65941, 34.08595], [-118.65917, 34.08599], [-118.65892, 34.08604], [-118.65885, 34.08605], [-118.65861, 34.08608], [-118.65798, 34.08618], [-118.65782, 34.08618], [-118.65772, 34.08616], [-118.65761, 34.08612], [-118.6575, 34.08604], [-118.65735, 34.08587], [-118.65724, 34.08566], [-118.65718, 34.08549], [-118.65709, 34.0853], [-118.65698, 34.08516], [-118.65682, 34.08505], [-118.65659, 34.08498], [-118.65646, 34.08498], [-118.65613, 34.08498], [-118.65592, 34.08498], [-118.6555, 34.08501], [-118.65531, 34.085], [-118.65514, 34.085], [-118.65495, 34.08501], [-118.6548, 34.08503], [-118.65462, 34.08506], [-118.65447, 34.0851], [-118.65429, 34.08515], [-118.65416, 34.0852], [-118.65405, 34.08523], [-118.65388, 34.08527], [-118.65369, 34.08528], [-118.65354, 34.08528], [-118.65338, 34.08526], [-118.65325, 34.08522], [-118.6531, 34.08517], [-118.65297, 34.0851], [-118.65286, 34.08503], [-118.65275, 34.08493], [-118.65259, 34.08477], [-118.65236, 34.08449], [-118.65234, 34.08447], [-118.65208, 34.08415], [-118.65197, 34.08403], [-118.65184, 34.08391], [-118.65174, 34.08383], [-118.65162, 34.08376], [-118.65148, 34.0837], [-118.65133, 34.08366], [-118.6512, 34.08364], [-118.65106, 34.08362], [-118.65088, 34.08359], [-118.65072, 34.08354], [-118.65061, 34.08349], [-118.6505, 34.08342], [-118.65042, 34.08333], [-118.65036, 34.08321], [-118.65033, 34.08309], [-118.65028, 34.08285], [-118.65026, 34.0828], [-118.6502, 34.08241], [-118.65019, 34.08225], [-118.65021, 34.08213], [-118.65026, 34.08199], [-118.65034, 34.08188], [-118.65047, 34.08173], [-118.65057, 34.08166], [-118.65065, 34.08158], [-118.65075, 34.08146], [-118.65082, 34.08135], [-118.65086, 34.08123], [-118.65087, 34.08112], [-118.65085, 34.08097], [-118.65082, 34.08084], [-118.65074, 34.08072], [-118.65066, 34.08063], [-118.65055, 34.08053], [-118.65044, 34.08048], [-118.65023, 34.08042], [-118.65011, 34.08041], [-118.64995, 34.08041], [-118.64982, 34.08042], [-118.64956, 34.08046], [-118.64895, 34.08056], [-118.64793, 34.08073], [-118.64768, 34.08077], [-118.64736, 34.08082], [-118.64715, 34.08086], [-118.64686, 34.08093], [-118.64651, 34.08103], [-118.64623, 34.08111], [-118.64603, 34.08117], [-118.64592, 34.08118], [-118.64585, 34.08118], [-118.64579, 34.08116], [-118.64574, 34.08111], [-118.64561, 34.08117], [-118.64548, 34.08121], [-118.64537, 34.08123], [-118.64535, 34.08123], [-118.64525, 34.08124], [-118.64517, 34.08123], [-118.64499, 34.0812], [-118.64486, 34.08118], [-118.64474, 34.08119], [-118.64462, 34.08121], [-118.6445, 34.08124], [-118.64435, 34.08126], [-118.64409, 34.08127], [-118.64392, 34.08127], [-118.64377, 34.08125], [-118.64374, 34.08125], [-118.6436, 34.08122], [-118.64343, 34.0812], [-118.64318, 34.08118], [-118.6429, 34.08117], [-118.64264, 34.08116], [-118.64225, 34.08114], [-118.64204, 34.08112], [-118.64181, 34.0811], [-118.64157, 34.08106], [-118.64142, 34.08103], [-118.64132, 34.08104], [-118.64125, 34.08106], [-118.64125, 34.08107], [-118.64125, 34.08108], [-118.6411, 34.08112], [-118.63947, 34.08203], [-118.63917, 34.08225], [-118.63904, 34.08237], [-118.63894, 34.0826], [-118.63883, 34.08269], [-118.63762, 34.08299], [-118.6373, 34.08307], [-118.63718, 34.08314], [-118.63694, 34.08343], [-118.63692, 34.06551], [-118.63981, 34.0655], [-118.6406, 34.06601], [-118.64067, 34.06619], [-118.64078, 34.06636], [-118.64083, 34.06655], [-118.64086, 34.06685], [-118.64101, 34.06693], [-118.64117, 34.06688], [-118.64117, 34.06689], [-118.64119, 34.06688], [-118.64156, 34.06677], [-118.64207, 34.06675], [-118.64228, 34.06669], [-118.64256, 34.06664], [-118.64284, 34.06659], [-118.64306, 34.06656], [-118.64329, 34.06657], [-118.64356, 34.06664], [-118.64392, 34.06678], [-118.64429, 34.06697], [-118.64453, 34.06711], [-118.64484, 34.06727], [-118.64508, 34.06739], [-118.6452, 34.06744], [-118.64529, 34.06746], [-118.64534, 34.06745], [-118.64536, 34.06742], [-118.64538, 34.06732], [-118.64531, 34.06723], [-118.64514, 34.06712], [-118.64502, 34.06706], [-118.64488, 34.06696], [-118.64473, 34.06688], [-118.64459, 34.06677], [-118.6444, 34.06661], [-118.64423, 34.06648], [-118.64402, 34.06636], [-118.64385, 34.06624], [-118.64366, 34.06607], [-118.64356, 34.06587], [-118.64351, 34.06571], [-118.64352, 34.06565], [-118.64354, 34.06559], [-118.64362, 34.06548], [-118.64375, 34.06537], [-118.64387, 34.06526], [-118.64395, 34.06515], [-118.64403, 34.0651], [-118.64413, 34.06507], [-118.64426, 34.06507], [-118.64463, 34.06508], [-118.64509, 34.06513], [-118.64553, 34.06521], [-118.64589, 34.06527], [-118.64605, 34.0653], [-118.6462, 34.06529], [-118.64633, 34.06523], [-118.64636, 34.06515], [-118.64639, 34.06498], [-118.6464, 34.06487], [-118.64622, 34.06418], [-118.64622, 34.06401], [-118.64626, 34.06389], [-118.64635, 34.06378], [-118.64647, 34.06368], [-118.64661, 34.06361], [-118.64687, 34.06355], [-118.6476, 34.0634], [-118.6477, 34.06336], [-118.6478, 34.06331], [-118.64808, 34.06308], [-118.64836, 34.06284], [-118.6489, 34.06243], [-118.64947, 34.06268], [-118.64963, 34.06275], [-118.64974, 34.06284], [-118.65008, 34.06334], [-118.65044, 34.06384], [-118.65072, 34.06422], [-118.65089, 34.06446], [-118.65101, 34.06466], [-118.65111, 34.06486], [-118.65134, 34.06512], [-118.65149, 34.06529], [-118.65163, 34.06545], [-118.65199, 34.06571], [-118.65213, 34.06583], [-118.65222, 34.06593], [-118.65234, 34.06602], [-118.65247, 34.06609], [-118.65271, 34.06615], [-118.65282, 34.06621], [-118.65301, 34.06632], [-118.65307, 34.06639], [-118.65309, 34.06647], [-118.65312, 34.06669], [-118.65317, 34.06682], [-118.65322, 34.06701], [-118.65323, 34.0671], [-118.65321, 34.06717], [-118.65316, 34.06725], [-118.65309, 34.06732], [-118.65299, 34.06742], [-118.65294, 34.06748], [-118.65291, 34.06754], [-118.65287, 34.06767], [-118.65287, 34.06779], [-118.65289, 34.06794], [-118.65291, 34.06814], [-118.65295, 34.06835], [-118.65306, 34.06855], [-118.65312, 34.06885], [-118.65317, 34.06904], [-118.65329, 34.06944], [-118.65335, 34.06971], [-118.65339, 34.06987], [-118.65344, 34.06999], [-118.65347, 34.07007], [-118.65353, 34.07013], [-118.65361, 34.07021], [-118.65369, 34.07027], [-118.65385, 34.07036], [-118.65398, 34.07042], [-118.65457, 34.07063], [-118.65626, 34.07121], [-118.65646, 34.07133], [-118.65661, 34.07146], [-118.65676, 34.07165], [-118.65698, 34.07189], [-118.65709, 34.07198], [-118.65738, 34.07217], [-118.65753, 34.07224], [-118.65767, 34.07225], [-118.65785, 34.07223], [-118.65803, 34.07214], [-118.65815, 34.07204], [-118.65829, 34.07194], [-118.65844, 34.0719], [-118.65865, 34.07185], [-118.65909, 34.07184], [-118.65924, 34.07188], [-118.65942, 34.07196], [-118.6596, 34.07203], [-118.65986, 34.07205], [-118.66003, 34.07203], [-118.6602, 34.07199], [-118.66032, 34.07194], [-118.66045, 34.07186], [-118.66067, 34.07166], [-118.66075, 34.07156], [-118.66079, 34.07144], [-118.6608, 34.07126], [-118.66083, 34.07114], [-118.66095, 34.07101], [-118.66109, 34.07088], [-118.66115, 34.07078], [-118.66117, 34.07068], [-118.66121, 34.07048], [-118.66128, 34.07038], [-118.66142, 34.07027], [-118.66152, 34.07019], [-118.66159, 34.0701], [-118.66162, 34.06995], [-118.6616, 34.06976], [-118.66151, 34.06958], [-118.66148, 34.06945], [-118.6615, 34.06933], [-118.66154, 34.06924], [-118.66163, 34.06918], [-118.66178, 34.06912], [-118.66221, 34.06906], [-118.66241, 34.06901], [-118.66268, 34.06889], [-118.66289, 34.06884], [-118.6631, 34.06883], [-118.66339, 34.06879], [-118.66354, 34.06882], [-118.66366, 34.06889], [-118.66376, 34.06899], [-118.66397, 34.06945], [-118.66407, 34.06958], [-118.66421, 34.0697], [-118.66439, 34.06978], [-118.66454, 34.06984], [-118.66483, 34.06998], [-118.66507, 34.07006], [-118.66531, 34.07017], [-118.66546, 34.07021], [-118.66562, 34.07028], [-118.66587, 34.07034], [-118.66615, 34.07037], [-118.66623, 34.07037], [-118.66642, 34.07035], [-118.66664, 34.07029], [-118.66734, 34.06999], [-118.6675, 34.06992], [-118.6677, 34.06988], [-118.66786, 34.06989], [-118.6681, 34.06993], [-118.66834, 34.07003], [-118.66849, 34.07008], [-118.6687, 34.07007], [-118.66885, 34.07004], [-118.66898, 34.06999], [-118.66928, 34.06982], [-118.66932, 34.0698], [-118.66938, 34.06976], [-118.67028, 34.06928], [-118.67037, 34.06922], [-118.67047, 34.06909], [-118.67056, 34.06894], [-118.67063, 34.06878], [-118.67064, 34.06864], [-118.67059, 34.06823], [-118.67062, 34.06814], [-118.67071, 34.06806], [-118.67082, 34.06802], [-118.67094, 34.06802], [-118.67105, 34.06805], [-118.67132, 34.06817], [-118.67147, 34.06822], [-118.6719, 34.06827], [-118.67201, 34.06829], [-118.67216, 34.06822], [-118.67222, 34.06809], [-118.67206, 34.06667], [-118.67209, 34.06647], [-118.67213, 34.06634], [-118.67225, 34.06613], [-118.67237, 34.06597], [-118.67274, 34.06576], [-118.67315, 34.06551], [-118.67338, 34.06537], [-118.67359, 34.06528], [-118.67597, 34.06498], [-118.67619, 34.06498], [-118.67639, 34.06505], [-118.67681, 34.06527], [-118.67695, 34.06527], [-118.6774, 34.06515], [-118.67757, 34.06513], [-118.67837, 34.06521], [-118.67878, 34.06527], [-118.67912, 34.06539], [-118.67947, 34.06554], [-118.6797, 34.06569], [-118.6799, 34.06586], [-118.68016, 34.06601], [-118.68065, 34.06612], [-118.68138, 34.06629], [-118.68163, 34.06637], [-118.68208, 34.0666], [-118.68234, 34.06666], [-118.68272, 34.0667], [-118.68306, 34.0667], [-118.68331, 34.06676], [-118.6835, 34.06684], [-118.68367, 34.06699], [-118.68374, 34.06716], [-118.68376, 34.06729], [-118.68373, 34.06751], [-118.68364, 34.06768], [-118.68355, 34.06783], [-118.68346, 34.06794], [-118.68341, 34.06811], [-118.68344, 34.06832], [-118.68353, 34.06856], [-118.68357, 34.06869], [-118.68367, 34.06879], [-118.68383, 34.06886], [-118.68409, 34.0689], [-118.68429, 34.06884], [-118.68446, 34.06879], [-118.6846, 34.06876], [-118.68476, 34.06872], [-118.68489, 34.06874], [-118.68512, 34.06881], [-118.68539, 34.06887], [-118.68584, 34.06891], [-118.68627, 34.06895], [-118.68655, 34.06893], [-118.68681, 34.06889], [-118.68713, 34.06878], [-118.68737, 34.06869], [-118.68765, 34.06856], [-118.68793, 34.06843], [-118.68809, 34.06835], [-118.68823, 34.06832], [-118.68847, 34.06832], [-118.68879, 34.06838], [-118.68909, 34.06845], [-118.68934, 34.06854], [-118.68956, 34.0686], [-118.68974, 34.06868], [-118.68988, 34.06878], [-118.69006, 34.06893], [-118.69022, 34.06904], [-118.69044, 34.06925], [-118.69062, 34.0694], [-118.69078, 34.06947], [-118.69093, 34.06948], [-118.69115, 34.06947], [-118.6914, 34.06948], [-118.69162, 34.06957], [-118.69173, 34.06971], [-118.69188, 34.06984], [-118.69209, 34.06998], [-118.69225, 34.07005], [-118.69242, 34.07013], [-118.69257, 34.07025], [-118.6927, 34.07042], [-118.69287, 34.07053], [-118.69304, 34.07062], [-118.69318, 34.07066], [-118.69334, 34.07065], [-118.69354, 34.07063], [-118.69375, 34.07061], [-118.69395, 34.07062], [-118.69412, 34.07068], [-118.69425, 34.07077], [-118.69432, 34.07093], [-118.69433, 34.07109], [-118.69431, 34.07124], [-118.69427, 34.07144], [-118.69427, 34.07161], [-118.69433, 34.07171], [-118.69444, 34.07177], [-118.69457, 34.07181], [-118.69468, 34.07185], [-118.69478, 34.07191], [-118.695, 34.07204], [-118.69504, 34.07214], [-118.69518, 34.07234], [-118.69529, 34.07249], [-118.69539, 34.07261], [-118.69548, 34.07265], [-118.69575, 34.07272], [-118.69594, 34.07281], [-118.69609, 34.07288], [-118.69627, 34.07291], [-118.69643, 34.07297], [-118.69659, 34.073], [-118.69718, 34.07331], [-118.69746, 34.07347], [-118.69752, 34.07351], [-118.69772, 34.07365], [-118.69784, 34.07378], [-118.69787, 34.07392], [-118.69783, 34.07405], [-118.69769, 34.07412], [-118.69751, 34.07412], [-118.69738, 34.07407], [-118.69729, 34.07398], [-118.69725, 34.07381], [-118.69722, 34.07368], [-118.69712, 34.07358], [-118.69701, 34.07351], [-118.69687, 34.07344], [-118.69672, 34.07336], [-118.69651, 34.07331], [-118.69614, 34.07328], [-118.69586, 34.07331], [-118.69568, 34.07338], [-118.69552, 34.07353], [-118.69534, 34.07359], [-118.69519, 34.07359], [-118.69504, 34.07361], [-118.69485, 34.07361], [-118.69458, 34.07359], [-118.69442, 34.07354], [-118.69435, 34.07346], [-118.69433, 34.07331], [-118.69438, 34.07315], [-118.69437, 34.07302], [-118.69428, 34.07292], [-118.6942, 34.07286], [-118.69408, 34.07281], [-118.69387, 34.07279], [-118.69369, 34.07278], [-118.69355, 34.07277], [-118.69337, 34.07267], [-118.69329, 34.0726], [-118.6932, 34.07245], [-118.6932, 34.0723], [-118.69317, 34.07216], [-118.69309, 34.07206], [-118.69259, 34.07189], [-118.69222, 34.0718], [-118.69178, 34.07176], [-118.69143, 34.07166], [-118.69124, 34.07156], [-118.69101, 34.07141], [-118.69084, 34.07126], [-118.69069, 34.07123], [-118.69048, 34.07122], [-118.69028, 34.07125], [-118.69007, 34.07131], [-118.68985, 34.07145], [-118.6897, 34.07162], [-118.68956, 34.07183], [-118.68947, 34.07201], [-118.68934, 34.07209], [-118.68919, 34.07211], [-118.68909, 34.0721], [-118.68894, 34.07204], [-118.68877, 34.07194], [-118.68859, 34.07184], [-118.68848, 34.0718], [-118.68834, 34.07179], [-118.68818, 34.07186], [-118.68799, 34.07202], [-118.68786, 34.07209], [-118.6874, 34.07227], [-118.68723, 34.07242], [-118.68716, 34.07254], [-118.68712, 34.07272], [-118.68708, 34.07291], [-118.68699, 34.073], [-118.68688, 34.07306], [-118.68676, 34.07306], [-118.6866, 34.07304], [-118.68638, 34.07298], [-118.68633, 34.07297], [-118.6861, 34.07287], [-118.68503, 34.07253], [-118.68482, 34.07246], [-118.68468, 34.07246]]]}}, {"type": "Feature", "properties": {"zone_id": "SSM-U010-A", "zone_status": "Evacuation Order", "zone_status_reason": "This is an emergency message from the Los Angeles County Fire Department.  Forest fire burning.  An EVACUATION ORDER has been issued for the Sunset Mesa area. LEAVE NOW.  Follow instructions from emergency personnel. Dial 9-1-1 for emergency help. More information available at alertla.org", "county_abbr": "XLA", "north_of": "Pacific Coast Hwy", "east_of": "Tuna Canyon Rd", "south_of": "Topanga Canyon Blvd", "west_of": "Seabreeze Dr, Surfview Dr, California", "acreage": 870, "est_population": 1615, "city_abbr": "SSM", "zone_sequence": "U010-A", "zone_approval_status": "Published", "last_updated": 1736263559000, "url": "https://protect.genasys.com/zones/US-CA-XLA-SSM-U010-A", "County_Name": "Los Angeles", "Data_Source_Name": "Zonehaven", "Original_Source_URL": "https://protect.genasys.com/zones/US-CA-XLA-SSM-U010-A"}, "geometry": {"type": "Polygon", "coordinates": [[[-118.57015, 34.05034], [-118.56949, 34.05035], [-118.5693, 34.05007], [-118.56918, 34.05002], [-118.56886, 34.04987], [-118.56861, 34.04956], [-118.56858, 34.04952], [-118.56828, 34.04943], [-118.56795, 34.04934], [-118.56787, 34.04931], [-118.56771, 34.04945], [-118.56722, 34.04991], [-118.56694, 34.04937], [-118.56691, 34.04938], [-118.56687, 34.04939], [-118.56665, 34.04945], [-118.56659, 34.04929], [-118.56646, 34.04891], [-118.56608, 34.04891], [-118.56604, 34.04889], [-118.5659, 34.04896], [-118.56581, 34.04916], [-118.56575, 34.04918], [-118.56549, 34.04909], [-118.56541, 34.04893], [-118.5655, 34.04874], [-118.56556, 34.0486], [-118.56556, 34.04857], [-118.56549, 34.04831], [-118.56547, 34.04821], [-118.56528, 34.04777], [-118.56525, 34.04769], [-118.56547, 34.04738], [-118.56551, 34.04732], [-118.56555, 34.04726], [-118.56558, 34.04721], [-118.56581, 34.04689], [-118.56585, 34.04684], [-118.56626, 34.04625], [-118.56631, 34.04618], [-118.56645, 34.04565], [-118.56652, 34.04539], [-118.56655, 34.04533], [-118.56675, 34.04488], [-118.56684, 34.04467], [-118.56699, 34.04432], [-118.56708, 34.04413], [-118.56708, 34.04399], [-118.56708, 34.04365], [-118.56708, 34.04353], [-118.56736, 34.04324], [-118.56745, 34.04285], [-118.56712, 34.04285], [-118.56705, 34.04277], [-118.56706, 34.04273], [-118.56725, 34.04259], [-118.56737, 34.04252], [-118.56743, 34.04246], [-118.56747, 34.0424], [-118.56757, 34.04236], [-118.56771, 34.04229], [-118.56766, 34.0422], [-118.56764, 34.04211], [-118.56764, 34.04198], [-118.56766, 34.04184], [-118.56768, 34.04159], [-118.56775, 34.0416], [-118.56785, 34.04163], [-118.56789, 34.04163], [-118.56806, 34.04166], [-118.5682, 34.04169], [-118.56831, 34.04171], [-118.5685, 34.04175], [-118.56866, 34.04176], [-118.5688, 34.04175], [-118.5689, 34.04175], [-118.569, 34.04174], [-118.56911, 34.04174], [-118.56928, 34.04174], [-118.56947, 34.04176], [-118.56984, 34.04179], [-118.57024, 34.04181], [-118.57062, 34.04182], [-118.57093, 34.04183], [-118.57117, 34.04181], [-118.57134, 34.0418], [-118.57155, 34.04175], [-118.57169, 34.0417], [-118.57178, 34.04166], [-118.57212, 34.04156], [-118.57231, 34.04147], [-118.57264, 34.04136], [-118.57298, 34.04121], [-118.57316, 34.04115], [-118.5734, 34.04107], [-118.57371, 34.04092], [-118.57397, 34.04077], [-118.5742, 34.04067], [-118.57454, 34.04045], [-118.57484, 34.04025], [-118.57493, 34.04016], [-118.57504, 34.04006], [-118.57512, 34.03998], [-118.57516, 34.03994], [-118.5752, 34.03988], [-118.57521, 34.03985], [-118.57527, 34.03977], [-118.57533, 34.03969], [-118.57537, 34.03964], [-118.57538, 34.03961], [-118.57542, 34.03957], [-118.57545, 34.03954], [-118.57549, 34.03952], [-118.57552, 34.0395], [-118.57557, 34.03947], [-118.5756, 34.03945], [-118.57565, 34.03943], [-118.57569, 34.03941], [-118.57574, 34.0394], [-118.57578, 34.03939], [-118.57582, 34.03939], [-118.57587, 34.03939], [-118.5759, 34.03939], [-118.57596, 34.0394], [-118.57598, 34.03942], [-118.57601, 34.03945], [-118.57602, 34.03951], [-118.57604, 34.03953], [-118.57609, 34.03955], [-118.57615, 34.03959], [-118.57619, 34.0396], [-118.57626, 34.03963], [-118.57639, 34.03966], [-118.57654, 34.03967], [-118.57685, 34.0397], [-118.57721, 34.03974], [-118.57778, 34.03977], [-118.57833, 34.0398], [-118.57875, 34.03981], [-118.57901, 34.03981], [-118.57927, 34.0398], [-118.57946, 34.03978], [-118.57963, 34.03975], [-118.57991, 34.03969], [-118.58016, 34.0396], [-118.58047, 34.03948], [-118.5808, 34.03931], [-118.58104, 34.03914], [-118.58109, 34.03908], [-118.5811, 34.03903], [-118.58119, 34.03896], [-118.58129, 34.03884], [-118.58146, 34.0387], [-118.58166, 34.03856], [-118.58187, 34.03843], [-118.58204, 34.03835], [-118.58216, 34.03829], [-118.58228, 34.03825], [-118.58237, 34.03822], [-118.58245, 34.0382], [-118.58252, 34.03818], [-118.58259, 34.03814], [-118.58264, 34.03812], [-118.58273, 34.0381], [-118.5828, 34.03811], [-118.58287, 34.0381], [-118.58291, 34.03807], [-118.58298, 34.03803], [-118.58307, 34.03799], [-118.58317, 34.03796], [-118.58328, 34.03792], [-118.58339, 34.03791], [-118.5835, 34.03789], [-118.58368, 34.03788], [-118.58385, 34.03787], [-118.58394, 34.03789], [-118.58401, 34.03791], [-118.5841, 34.03793], [-118.58418, 34.03794], [-118.5843, 34.03795], [-118.58442, 34.03794], [-118.58445, 34.03794], [-118.58475, 34.03878], [-118.58483, 34.03902], [-118.58504, 34.03962], [-118.58511, 34.03981], [-118.58559, 34.04115], [-118.58625, 34.04302], [-118.58747, 34.04535], [-118.5876, 34.04561], [-118.58767, 34.04561], [-118.58794, 34.05815], [-118.57025, 34.05816], [-118.57019, 34.05363], [-118.57015, 34.05034]]]}}, {"type": "Feature", "properties": {"zone_id": "SSM-U010-B", "zone_status": "Evacuation Order", "zone_status_reason": "This is an emergency message from the Los Angeles County Fire Department. An EVACUATION ORDER has been issued for Malibu east of Las Flores. EVACUATE NOW.  Follow instructions from emergency personnel. Dial 9-1-1 for emergency help. More information available at alertla.org", "county_abbr": "XLA", "north_of": "Budwood Mtwy", "east_of": "Gorge Rd", "south_of": "Hearst Tank Mtwy", "west_of": "Topanga Canyon Blvd", "acreage": 1557, "est_population": 1, "city_abbr": "SSM", "zone_sequence": "U010-B", "zone_approval_status": "Published", "last_updated": 1736263850000, "url": "https://protect.genasys.com/zones/US-CA-XLA-SSM-U010-B", "County_Name": "Los Angeles", "Data_Source_Name": "Zonehaven", "Original_Source_URL": "https://protect.genasys.com/zones/US-CA-XLA-SSM-U010-B"}, "geometry": {"type": "Polygon", "coordinates": [[[-118.58767, 34.04561], [-118.58825, 34.0456], [-118.58831, 34.0456], [-118.58838, 34.0456], [-118.58877, 34.0456], [-118.58948, 34.0456], [-118.58982, 34.0456], [-118.5907, 34.0456], [-118.59071, 34.0456], [-118.59326, 34.0456], [-118.5978, 34.0456], [-118.60033, 34.0456], [-118.60202, 34.0456], [-118.60392, 34.0456], [-118.60626, 34.0456], [-118.61064, 34.04559], [-118.6135, 34.04558], [-118.61502, 34.04558], [-118.61712, 34.04558], [-118.61717, 34.04558], [-118.6183, 34.04558], [-118.61912, 34.04559], [-118.61969, 34.04559], [-118.62002, 34.04559], [-118.62019, 34.04559], [-118.62026, 34.04559], [-118.62046, 34.04559], [-118.62059, 34.04559], [-118.62076, 34.04559], [-118.62094, 34.04559], [-118.621, 34.04559], [-118.62108, 34.04559], [-118.62115, 34.04559], [-118.62145, 34.04559], [-118.62183, 34.04559], [-118.62205, 34.0456], [-118.62229, 34.0456], [-118.62292, 34.0456], [-118.62315, 34.0456], [-118.62344, 34.0456], [-118.6237, 34.0456], [-118.62377, 34.0456], [-118.62394, 34.0456], [-118.62427, 34.0456], [-118.62433, 34.0456], [-118.62439, 34.04561], [-118.62466, 34.04561], [-118.62491, 34.04561], [-118.62517, 34.04561], [-118.62539, 34.04561], [-118.6257, 34.04562], [-118.62604, 34.04562], [-118.62635, 34.04562], [-118.62669, 34.04562], [-118.62684, 34.04562], [-118.62713, 34.04563], [-118.6274, 34.04563], [-118.62776, 34.04563], [-118.62812, 34.04563], [-118.62864, 34.04564], [-118.62897, 34.04564], [-118.6325, 34.04567], [-118.63251, 34.04567], [-118.63255, 34.04567], [-118.63354, 34.04566], [-118.63687, 34.04564], [-118.63698, 34.04564], [-118.63691, 34.05811], [-118.58794, 34.05815], [-118.58767, 34.04561]]]}}, {"type": "Feature", "properties": {"zone_id": "TOP-U001", "zone_status": "Evacuation Order", "zone_status_reason": "Los Angeles County Fire Dept:  Wind-driven fire. An EVACUATION ORDER for Topanga west of Topanga Canyon Rd. LEAVE NOW.  Follow instructions from emergency personnel. Dial 9-1-1 for emergency help. Visit alertla.org for more information.", "county_abbr": "XLA", "north_of": "Topanga Canyon Boulevard", "east_of": "Ingram Ranch Road, Camay Court, Dardenne Street", "south_of": "Mulholland Drive", "west_of": "Benkerdt Road", "acreage": 776, "est_population": 2536, "city_abbr": "TOP", "zone_sequence": "U001", "zone_approval_status": "Published", "last_updated": 1736271952000, "url": "https://protect.genasys.com/zones/US-CA-XLA-TOP-U001", "County_Name": "Los Angeles", "Data_Source_Name": "Zonehaven", "Original_Source_URL": "https://protect.genasys.com/zones/US-CA-XLA-TOP-U001"}, "geometry": {"type": "Polygon", "coordinates": [[[-118.60191, 34.129], [-118.60625, 34.129], [-118.6062, 34.14009], [-118.61059, 34.14006], [-118.61058, 34.14365], [-118.61057, 34.14725], [-118.60965, 34.14724], [-118.60877, 34.14691], [-118.60686, 34.14618], [-118.60674, 34.14613], [-118.60628, 34.14596], [-118.60619, 34.14593], [-118.60617, 34.14592], [-118.60597, 34.14584], [-118.60597, 34.14584], [-118.60569, 34.14574], [-118.60569, 34.14574], [-118.60556, 34.14569], [-118.60512, 34.14552], [-118.60457, 34.14531], [-118.60453, 34.1453], [-118.60423, 34.14518], [-118.60412, 34.14514], [-118.60411, 34.14514], [-118.60382, 34.14503], [-118.60381, 34.14502], [-118.6038, 34.14502], [-118.60347, 34.14489], [-118.60347, 34.14489], [-118.60337, 34.14486], [-118.60322, 34.1448], [-118.60321, 34.14479], [-118.60296, 34.1447], [-118.60295, 34.14469], [-118.6027, 34.1446], [-118.60244, 34.1445], [-118.60244, 34.1445], [-118.60218, 34.1444], [-118.60218, 34.1444], [-118.60218, 34.1444], [-118.6019, 34.1443], [-118.60189, 34.14429], [-118.60175, 34.14424], [-118.60158, 34.14417], [-118.60157, 34.14417], [-118.60156, 34.14417], [-118.60122, 34.14404], [-118.60121, 34.14403], [-118.60097, 34.14394], [-118.60077, 34.14387], [-118.60077, 34.14387], [-118.60051, 34.14377], [-118.60051, 34.14377], [-118.60024, 34.14367], [-118.60024, 34.14366], [-118.59993, 34.14355], [-118.5996, 34.14342], [-118.59927, 34.1433], [-118.59892, 34.14316], [-118.5986, 34.14304], [-118.59835, 34.14295], [-118.59832, 34.14293], [-118.59804, 34.14283], [-118.59788, 34.14277], [-118.59787, 34.14277], [-118.59758, 34.14266], [-118.59756, 34.14265], [-118.59755, 34.14264], [-118.59326, 34.14101], [-118.59325, 34.14101], [-118.59292, 34.14088], [-118.59184, 34.14047], [-118.591, 34.14015], [-118.59087, 34.1401], [-118.59085, 34.14009], [-118.58939, 34.13954], [-118.5892, 34.13947], [-118.58904, 34.13941], [-118.58895, 34.13937], [-118.58843, 34.13918], [-118.58843, 34.13918], [-118.5883, 34.13913], [-118.58826, 34.13911], [-118.58817, 34.13908], [-118.58797, 34.139], [-118.58788, 34.13896], [-118.5876, 34.13886], [-118.58744, 34.1388], [-118.5874, 34.13878], [-118.58707, 34.13866], [-118.58568, 34.13813], [-118.58523, 34.13796], [-118.58461, 34.13772], [-118.58452, 34.13769], [-118.58439, 34.13764], [-118.58382, 34.13742], [-118.58258, 34.13695], [-118.586, 34.12926], [-118.59123, 34.12918], [-118.60191, 34.129]]]}}, {"type": "Feature", "properties": {"zone_id": "TOP-U002", "zone_status": "Evacuation Order", "zone_status_reason": "Los Angeles County Fire Dept:  Wind-driven fire. An EVACUATION ORDER for Topanga west of Topanga Canyon Rd. LEAVE NOW.  Follow instructions from emergency personnel. Dial 9-1-1 for emergency help. Visit alertla.org for more information.", "county_abbr": "XLA", "north_of": "Old Topanga Canyon Road", "east_of": "Aspen Way, Calabasas Peak Motorway", "south_of": "Summit to Summit Motorway", "west_of": "Alta Drive", "acreage": 1728, "est_population": 585, "city_abbr": "TOP", "zone_sequence": "U002", "zone_approval_status": "Published", "last_updated": 1736271952000, "url": "https://protect.genasys.com/zones/US-CA-XLA-TOP-U002", "County_Name": "Los Angeles", "Data_Source_Name": "Zonehaven", "Original_Source_URL": "https://protect.genasys.com/zones/US-CA-XLA-TOP-U002"}, "geometry": {"type": "Polygon", "coordinates": [[[-118.63096, 34.12537], [-118.63028, 34.12537], [-118.62873, 34.12538], [-118.62598, 34.1254], [-118.62383, 34.12541], [-118.61942, 34.12538], [-118.61502, 34.12536], [-118.61063, 34.12533], [-118.61063, 34.12352], [-118.61283, 34.12353], [-118.61284, 34.12171], [-118.61063, 34.1217], [-118.61065, 34.11442], [-118.61068, 34.10712], [-118.6151, 34.10712], [-118.61945, 34.10713], [-118.62087, 34.10714], [-118.62381, 34.10715], [-118.62381, 34.10713], [-118.62519, 34.10658], [-118.62544, 34.10661], [-118.62547, 34.10659], [-118.62551, 34.10658], [-118.62555, 34.10657], [-118.62559, 34.10656], [-118.62563, 34.10656], [-118.62567, 34.10655], [-118.62571, 34.10655], [-118.62609, 34.10673], [-118.62659, 34.10673], [-118.6266, 34.10673], [-118.6266, 34.10673], [-118.62661, 34.10673], [-118.62662, 34.10673], [-118.62662, 34.10673], [-118.62663, 34.10674], [-118.62663, 34.10674], [-118.62664, 34.10674], [-118.62665, 34.10674], [-118.62665, 34.10675], [-118.62666, 34.10675], [-118.62666, 34.10675], [-118.62667, 34.10676], [-118.62667, 34.10676], [-118.62667, 34.10677], [-118.62668, 34.10677], [-118.62668, 34.10678], [-118.62668, 34.10678], [-118.62669, 34.10679], [-118.62669, 34.1068], [-118.62669, 34.1068], [-118.62674, 34.10696], [-118.62675, 34.10696], [-118.62676, 34.10696], [-118.62677, 34.10696], [-118.62678, 34.10696], [-118.62679, 34.10695], [-118.6268, 34.10695], [-118.62681, 34.10695], [-118.62681, 34.10694], [-118.62679, 34.10682], [-118.62735, 34.1064], [-118.62742, 34.10649], [-118.62747, 34.10648], [-118.62812, 34.10729], [-118.62812, 34.10716], [-118.62924, 34.10716], [-118.6335, 34.10718], [-118.6335, 34.10797], [-118.6346, 34.10892], [-118.63479, 34.10892], [-118.63447, 34.10844], [-118.63524, 34.10828], [-118.63675, 34.10867], [-118.63675, 34.10719], [-118.64111, 34.10719], [-118.64568, 34.10718], [-118.64568, 34.1144], [-118.64568, 34.11446], [-118.64567, 34.11809], [-118.64942, 34.1181], [-118.64982, 34.1181], [-118.65026, 34.1181], [-118.65021, 34.12172], [-118.65015, 34.12535], [-118.65009, 34.12814], [-118.65006, 34.12908], [-118.65001, 34.12908], [-118.64763, 34.12907], [-118.64497, 34.12906], [-118.64497, 34.12905], [-118.64494, 34.12532], [-118.64428, 34.12532], [-118.64384, 34.12532], [-118.64384, 34.12532], [-118.64112, 34.12531], [-118.64111, 34.12531], [-118.64066, 34.12532], [-118.64021, 34.12532], [-118.63973, 34.12532], [-118.63964, 34.12532], [-118.63957, 34.12532], [-118.6389, 34.12532], [-118.63785, 34.12532], [-118.63773, 34.12533], [-118.63691, 34.12533], [-118.63679, 34.12533], [-118.63675, 34.12533], [-118.63541, 34.12534], [-118.63487, 34.12535], [-118.63469, 34.12535], [-118.63452, 34.12535], [-118.63309, 34.12536], [-118.63245, 34.12536], [-118.63244, 34.12536], [-118.63096, 34.12537]]]}}, {"type": "Feature", "properties": {"zone_id": "TOP-U003", "zone_status": "Evacuation Order", "zone_status_reason": "Los Angeles County Fire Dept:  Wind-driven fire. An EVACUATION ORDER for Topanga west of Topanga Canyon Rd. LEAVE NOW.  Follow instructions from emergency personnel. Dial 9-1-1 for emergency help. Visit alertla.org for more information.", "county_abbr": "XLA", "north_of": "Hillside Drive, North Topanga Canyon Boulevard, Greenleaf Canyon Road", "east_of": "Alta Drive", "south_of": "Topanga Canyon Boulevard", "west_of": "North Topanga Canyon Boulevard", "acreage": 1000, "est_population": 316, "city_abbr": "TOP", "zone_sequence": "U003", "zone_approval_status": "Published", "last_updated": 1736271952000, "url": "https://protect.genasys.com/zones/US-CA-XLA-TOP-U003", "County_Name": "Los Angeles", "Data_Source_Name": "Zonehaven", "Original_Source_URL": "https://protect.genasys.com/zones/US-CA-XLA-TOP-U003"}, "geometry": {"type": "Polygon", "coordinates": [[[-118.595, 34.10884], [-118.59566, 34.10874], [-118.59764, 34.10888], [-118.60193, 34.10889], [-118.60845, 34.10894], [-118.60846, 34.10711], [-118.61066, 34.1071], [-118.61068, 34.10712], [-118.61065, 34.11442], [-118.61063, 34.1217], [-118.61284, 34.12171], [-118.61283, 34.12353], [-118.61063, 34.12352], [-118.61063, 34.12533], [-118.61061, 34.12902], [-118.60625, 34.129], [-118.60191, 34.129], [-118.59123, 34.12918], [-118.59121, 34.12331], [-118.59099, 34.12331], [-118.59071, 34.12322], [-118.59052, 34.12305], [-118.59043, 34.12275], [-118.59057, 34.1223], [-118.59109, 34.12138], [-118.59108, 34.12137], [-118.59117, 34.12121], [-118.59134, 34.1209], [-118.59151, 34.1206], [-118.59171, 34.12024], [-118.59191, 34.11988], [-118.59201, 34.11961], [-118.59202, 34.11947], [-118.59201, 34.11934], [-118.5919, 34.11904], [-118.59188, 34.11892], [-118.59189, 34.1188], [-118.59192, 34.11865], [-118.59201, 34.11846], [-118.59216, 34.11815], [-118.59221, 34.11803], [-118.59224, 34.11785], [-118.59225, 34.11768], [-118.59218, 34.11715], [-118.59213, 34.11666], [-118.59208, 34.11616], [-118.59205, 34.1158], [-118.592, 34.11535], [-118.59194, 34.11486], [-118.59192, 34.11466], [-118.59191, 34.11458], [-118.59189, 34.11451], [-118.59186, 34.11443], [-118.59182, 34.11435], [-118.59178, 34.11428], [-118.59168, 34.11415], [-118.59156, 34.11404], [-118.59149, 34.11397], [-118.59136, 34.11388], [-118.59121, 34.11379], [-118.5911, 34.11373], [-118.59093, 34.11362], [-118.59084, 34.11357], [-118.59077, 34.11352], [-118.59073, 34.11349], [-118.59068, 34.11345], [-118.59065, 34.11342], [-118.59063, 34.11339], [-118.5906, 34.11335], [-118.59058, 34.11331], [-118.59057, 34.11327], [-118.59055, 34.11324], [-118.59054, 34.11319], [-118.59054, 34.11315], [-118.59053, 34.11308], [-118.59054, 34.11303], [-118.59054, 34.11301], [-118.59057, 34.11291], [-118.59061, 34.11283], [-118.59065, 34.11278], [-118.59067, 34.11275], [-118.5907, 34.11271], [-118.59074, 34.11267], [-118.59079, 34.11262], [-118.59087, 34.11255], [-118.59096, 34.11247], [-118.59106, 34.11238], [-118.59122, 34.11225], [-118.59128, 34.11219], [-118.59141, 34.11208], [-118.59151, 34.11197], [-118.59157, 34.1119], [-118.59161, 34.11185], [-118.59166, 34.11178], [-118.59174, 34.11167], [-118.59181, 34.11155], [-118.59189, 34.11142], [-118.59196, 34.11128], [-118.59202, 34.11116], [-118.59206, 34.11106], [-118.59209, 34.111], [-118.59211, 34.11094], [-118.59212, 34.11088], [-118.59213, 34.11083], [-118.59214, 34.11064], [-118.59211, 34.11038], [-118.59204, 34.11009], [-118.59202, 34.10991], [-118.59217, 34.10911], [-118.59217, 34.10869], [-118.59215, 34.10851], [-118.59209, 34.10836], [-118.59206, 34.1083], [-118.59224, 34.10829], [-118.59266, 34.10818], [-118.59265, 34.10789], [-118.59272, 34.10792], [-118.59296, 34.10796], [-118.59342, 34.10787], [-118.59377, 34.10825], [-118.59413, 34.10836], [-118.5941, 34.10843], [-118.59434, 34.10851], [-118.59447, 34.10854], [-118.59452, 34.10842], [-118.59468, 34.10847], [-118.59478, 34.10846], [-118.59504, 34.10848], [-118.595, 34.10884]]]}}, {"type": "Feature", "properties": {"zone_id": "TOP-U004", "zone_status": "Evacuation Order", "zone_status_reason": "Los Angeles County Fire Dept:  Wind-driven fire. An EVACUATION ORDER for Topanga west of Topanga Canyon Rd. LEAVE NOW.  Follow instructions from emergency personnel. Dial 9-1-1 for emergency help. Visit alertla.org for more information.", "county_abbr": "XLA", "north_of": "Hillside Drive", "east_of": "Rubicon Road", "south_of": "Mendenhall Court, Santa Maria Road, Benkerdt Road", "west_of": "Paradise Lane", "acreage": 1309, "est_population": 465, "city_abbr": "TOP", "zone_sequence": "U004", "zone_approval_status": "Published", "last_updated": 1736271952000, "url": "https://protect.genasys.com/zones/US-CA-XLA-TOP-U004", "County_Name": "Los Angeles", "Data_Source_Name": "Zonehaven", "Original_Source_URL": "https://protect.genasys.com/zones/US-CA-XLA-TOP-U004"}, "geometry": {"type": "Polygon", "coordinates": [[[-118.58138, 34.13649], [-118.58133, 34.13648], [-118.58082, 34.13628], [-118.58019, 34.13604], [-118.5801, 34.13601], [-118.58005, 34.13599], [-118.58001, 34.13597], [-118.5794, 34.13574], [-118.57909, 34.13562], [-118.57851, 34.13541], [-118.57827, 34.13531], [-118.5782, 34.13529], [-118.57789, 34.13517], [-118.57777, 34.13512], [-118.5777, 34.1351], [-118.57758, 34.13505], [-118.57755, 34.13504], [-118.57739, 34.13498], [-118.57723, 34.13492], [-118.57676, 34.13474], [-118.57662, 34.13469], [-118.57637, 34.13459], [-118.57624, 34.13454], [-118.57616, 34.13451], [-118.57582, 34.13438], [-118.57534, 34.1342], [-118.57528, 34.13418], [-118.57517, 34.13413], [-118.57504, 34.13409], [-118.575, 34.13407], [-118.57492, 34.13404], [-118.57486, 34.13402], [-118.57467, 34.13394], [-118.57436, 34.13383], [-118.57433, 34.13381], [-118.57429, 34.1338], [-118.5741, 34.13372], [-118.57382, 34.13362], [-118.57347, 34.13349], [-118.5733, 34.13342], [-118.57322, 34.13339], [-118.57317, 34.13337], [-118.57299, 34.1333], [-118.57293, 34.13328], [-118.57281, 34.13323], [-118.57167, 34.1328], [-118.57142, 34.1327], [-118.57085, 34.13249], [-118.57073, 34.13244], [-118.57057, 34.13238], [-118.5699, 34.13212], [-118.5684, 34.13155], [-118.56699, 34.13101], [-118.56687, 34.13097], [-118.56551, 34.13045], [-118.56539, 34.1304], [-118.56532, 34.13038], [-118.56526, 34.13035], [-118.56522, 34.13034], [-118.56516, 34.13032], [-118.56499, 34.13025], [-118.56492, 34.13023], [-118.56482, 34.13019], [-118.56478, 34.13017], [-118.56508, 34.12968], [-118.56514, 34.12958], [-118.56517, 34.12952], [-118.5652, 34.12949], [-118.56521, 34.12946], [-118.5653, 34.12931], [-118.56532, 34.12928], [-118.56541, 34.12915], [-118.567, 34.12656], [-118.56761, 34.12557], [-118.56807, 34.12482], [-118.569, 34.12331], [-118.56989, 34.12187], [-118.57003, 34.12164], [-118.57124, 34.11968], [-118.57131, 34.11957], [-118.57145, 34.11934], [-118.57224, 34.11806], [-118.57278, 34.11717], [-118.57376, 34.11559], [-118.57384, 34.11546], [-118.57392, 34.11532], [-118.57395, 34.11528], [-118.57401, 34.11518], [-118.57406, 34.11509], [-118.57409, 34.11505], [-118.57411, 34.11501], [-118.57418, 34.11491], [-118.57427, 34.11477], [-118.57435, 34.11463], [-118.57439, 34.11457], [-118.57443, 34.1145], [-118.57477, 34.11395], [-118.57523, 34.1132], [-118.57544, 34.11286], [-118.57548, 34.1128], [-118.57554, 34.11269], [-118.57573, 34.11238], [-118.57589, 34.11213], [-118.57605, 34.11187], [-118.57633, 34.11141], [-118.57639, 34.11132], [-118.57666, 34.11088], [-118.5767, 34.11082], [-118.57694, 34.11043], [-118.57703, 34.11028], [-118.57705, 34.11024], [-118.57707, 34.11021], [-118.5771, 34.11017], [-118.57716, 34.11007], [-118.57719, 34.11003], [-118.57724, 34.10994], [-118.57726, 34.1099], [-118.57733, 34.10979], [-118.57738, 34.10971], [-118.57742, 34.10965], [-118.5775, 34.10952], [-118.57763, 34.1093], [-118.57769, 34.10921], [-118.57772, 34.10916], [-118.57775, 34.10911], [-118.57777, 34.10908], [-118.5778, 34.10903], [-118.57785, 34.10896], [-118.57787, 34.10893], [-118.57789, 34.10889], [-118.57792, 34.10884], [-118.57794, 34.10881], [-118.57797, 34.10875], [-118.578, 34.10871], [-118.57806, 34.10862], [-118.57814, 34.10848], [-118.57823, 34.10833], [-118.57831, 34.1082], [-118.5784, 34.10807], [-118.57848, 34.10793], [-118.57857, 34.10779], [-118.57861, 34.10772], [-118.57865, 34.10765], [-118.57874, 34.10752], [-118.57877, 34.10746], [-118.57882, 34.10738], [-118.57893, 34.1072], [-118.57895, 34.10717], [-118.57899, 34.10711], [-118.57902, 34.10706], [-118.58893, 34.10704], [-118.58893, 34.10705], [-118.59077, 34.10754], [-118.59093, 34.108], [-118.59138, 34.10845], [-118.59195, 34.10831], [-118.59206, 34.1083], [-118.59209, 34.10836], [-118.59215, 34.10851], [-118.59217, 34.10869], [-118.59217, 34.10911], [-118.59202, 34.10991], [-118.59204, 34.11009], [-118.59211, 34.11038], [-118.59214, 34.11064], [-118.59213, 34.11083], [-118.59212, 34.11088], [-118.59211, 34.11094], [-118.59209, 34.111], [-118.59206, 34.11106], [-118.59202, 34.11116], [-118.59196, 34.11128], [-118.59189, 34.11142], [-118.59181, 34.11155], [-118.59174, 34.11167], [-118.59166, 34.11178], [-118.59161, 34.11185], [-118.59157, 34.1119], [-118.59151, 34.11197], [-118.59141, 34.11208], [-118.59128, 34.11219], [-118.59122, 34.11225], [-118.59106, 34.11238], [-118.59096, 34.11247], [-118.59087, 34.11255], [-118.59079, 34.11262], [-118.59074, 34.11267], [-118.5907, 34.11271], [-118.59067, 34.11275], [-118.59065, 34.11278], [-118.59061, 34.11283], [-118.59057, 34.11291], [-118.59054, 34.11301], [-118.59054, 34.11303], [-118.59053, 34.11308], [-118.59054, 34.11315], [-118.59054, 34.11319], [-118.59055, 34.11324], [-118.59057, 34.11327], [-118.59058, 34.11331], [-118.5906, 34.11335], [-118.59063, 34.11339], [-118.59065, 34.11342], [-118.59068, 34.11345], [-118.59073, 34.11349], [-118.59077, 34.11352], [-118.59084, 34.11357], [-118.59093, 34.11362], [-118.5911, 34.11373], [-118.59121, 34.11379], [-118.59136, 34.11388], [-118.59149, 34.11397], [-118.59156, 34.11404], [-118.59168, 34.11415], [-118.59178, 34.11428], [-118.59182, 34.11435], [-118.59186, 34.11443], [-118.59189, 34.11451], [-118.59191, 34.11458], [-118.59192, 34.11466], [-118.59194, 34.11486], [-118.592, 34.11535], [-118.59205, 34.1158], [-118.59208, 34.11616], [-118.59213, 34.11666], [-118.59218, 34.11715], [-118.59225, 34.11768], [-118.59224, 34.11785], [-118.59221, 34.11803], [-118.59216, 34.11815], [-118.59201, 34.11846], [-118.59192, 34.11865], [-118.59189, 34.1188], [-118.59188, 34.11892], [-118.5919, 34.11904], [-118.59201, 34.11934], [-118.59202, 34.11947], [-118.59201, 34.11961], [-118.59191, 34.11988], [-118.59171, 34.12024], [-118.59151, 34.1206], [-118.59134, 34.1209], [-118.59117, 34.12121], [-118.59108, 34.12137], [-118.59109, 34.12138], [-118.59057, 34.1223], [-118.59043, 34.12275], [-118.59052, 34.12305], [-118.59053, 34.12306], [-118.59071, 34.12322], [-118.59099, 34.12331], [-118.59121, 34.12331], [-118.59123, 34.12918], [-118.586, 34.12926], [-118.58258, 34.13695], [-118.58141, 34.1365], [-118.58138, 34.13649]]]}}, {"type": "Feature", "properties": {"zone_id": "TOP-U005", "zone_status": "Evacuation Order", "zone_status_reason": "Los Angeles County Fire Dept:  Wind-driven fire. An EVACUATION ORDER for Topanga west of Topanga Canyon Rd. LEAVE NOW.  Follow instructions from emergency personnel. Dial 9-1-1 for emergency help. Visit alertla.org for more information.", "county_abbr": "XLA", "north_of": "Old Topanga Canyon Road", "east_of": "Red Rock Road", "south_of": "Topanga Skyline Drive", "west_of": "Old Topanga Canyon Road", "acreage": 962, "est_population": 156, "city_abbr": "TOP", "zone_sequence": "U005", "zone_approval_status": "Published", "last_updated": 1736271952000, "url": "https://protect.genasys.com/zones/US-CA-XLA-TOP-U005", "County_Name": "Los Angeles", "Data_Source_Name": "Zonehaven", "Original_Source_URL": "https://protect.genasys.com/zones/US-CA-XLA-TOP-U005"}, "geometry": {"type": "Polygon", "coordinates": [[[-118.62674, 34.10696], [-118.62669, 34.1068], [-118.62669, 34.1068], [-118.62669, 34.10679], [-118.62668, 34.10678], [-118.62668, 34.10678], [-118.62668, 34.10677], [-118.62667, 34.10677], [-118.62667, 34.10676], [-118.62667, 34.10676], [-118.62666, 34.10675], [-118.62666, 34.10675], [-118.62665, 34.10675], [-118.62665, 34.10674], [-118.62664, 34.10674], [-118.62663, 34.10674], [-118.62663, 34.10674], [-118.62662, 34.10673], [-118.62662, 34.10673], [-118.62661, 34.10673], [-118.6266, 34.10673], [-118.6266, 34.10673], [-118.62659, 34.10673], [-118.62609, 34.10673], [-118.62571, 34.10655], [-118.62567, 34.10655], [-118.62563, 34.10656], [-118.62559, 34.10656], [-118.62555, 34.10657], [-118.62551, 34.10658], [-118.62547, 34.10659], [-118.62544, 34.10661], [-118.62519, 34.10658], [-118.62381, 34.10713], [-118.62381, 34.10715], [-118.62087, 34.10714], [-118.61945, 34.10713], [-118.6151, 34.10712], [-118.61509, 34.09692], [-118.61509, 34.09677], [-118.61509, 34.09624], [-118.61507, 34.09354], [-118.61509, 34.09354], [-118.61509, 34.0926], [-118.61523, 34.0926], [-118.61944, 34.09262], [-118.62381, 34.09264], [-118.64117, 34.09264], [-118.64112, 34.09636], [-118.64111, 34.09994], [-118.64111, 34.10719], [-118.63675, 34.10719], [-118.63675, 34.10867], [-118.63524, 34.10828], [-118.63447, 34.10844], [-118.63479, 34.10892], [-118.6346, 34.10892], [-118.6335, 34.10797], [-118.6335, 34.10718], [-118.62924, 34.10716], [-118.62812, 34.10716], [-118.62812, 34.10729], [-118.62747, 34.10648], [-118.62742, 34.10649], [-118.62735, 34.1064], [-118.62679, 34.10682], [-118.62681, 34.10694], [-118.62681, 34.10695], [-118.6268, 34.10695], [-118.62679, 34.10695], [-118.62678, 34.10696], [-118.62677, 34.10696], [-118.62676, 34.10696], [-118.62675, 34.10696], [-118.62674, 34.10696]]]}}, {"type": "Feature", "properties": {"zone_id": "TOP-U006", "zone_status": "Evacuation Order", "zone_status_reason": "Los Angeles County Fire Dept:  Wind-driven fire. An EVACUATION ORDER for Topanga west of Topanga Canyon Rd. LEAVE NOW.  Follow instructions from emergency personnel. Dial 9-1-1 for emergency help. Visit alertla.org for more information.", "county_abbr": "XLA", "north_of": "Robinson Road, North Topanga Canyon Boulevard, Harlan Motorway", "east_of": "Henry Ridge Motorway, Old Topanga Canyon Road", "south_of": "Hillside Drive", "west_of": "Hillside Drive", "acreage": 978, "est_population": 420, "city_abbr": "TOP", "zone_sequence": "U006", "zone_approval_status": "Published", "last_updated": 1736271952000, "url": "https://protect.genasys.com/zones/US-CA-XLA-TOP-U006", "County_Name": "Los Angeles", "Data_Source_Name": "Zonehaven", "Original_Source_URL": "https://protect.genasys.com/zones/US-CA-XLA-TOP-U006"}, "geometry": {"type": "Polygon", "coordinates": [[[-118.58581, 34.09605], [-118.58893, 34.0961], [-118.58962, 34.0961], [-118.5903, 34.0961], [-118.59098, 34.09608], [-118.59166, 34.09609], [-118.59235, 34.09609], [-118.59303, 34.0961], [-118.59372, 34.09611], [-118.59441, 34.09612], [-118.59509, 34.09612], [-118.59578, 34.09613], [-118.59646, 34.09614], [-118.59766, 34.09615], [-118.59978, 34.09617], [-118.601, 34.09618], [-118.60628, 34.09623], [-118.61509, 34.09624], [-118.61509, 34.09677], [-118.61509, 34.09692], [-118.6151, 34.10712], [-118.61068, 34.10712], [-118.61066, 34.1071], [-118.60846, 34.10711], [-118.60845, 34.10894], [-118.60193, 34.10889], [-118.59764, 34.10888], [-118.59566, 34.10874], [-118.595, 34.10884], [-118.59504, 34.10848], [-118.59478, 34.10846], [-118.59468, 34.10847], [-118.59452, 34.10842], [-118.59447, 34.10854], [-118.59434, 34.10851], [-118.5941, 34.10843], [-118.59413, 34.10836], [-118.59377, 34.10825], [-118.59342, 34.10787], [-118.59296, 34.10796], [-118.59272, 34.10792], [-118.59265, 34.10789], [-118.59266, 34.10818], [-118.59224, 34.10829], [-118.59206, 34.1083], [-118.59195, 34.10831], [-118.59138, 34.10845], [-118.59093, 34.108], [-118.59077, 34.10754], [-118.58893, 34.10705], [-118.58893, 34.10704], [-118.57902, 34.10706], [-118.57914, 34.10685], [-118.57925, 34.10668], [-118.57996, 34.10553], [-118.58005, 34.10539], [-118.58012, 34.10527], [-118.58015, 34.10522], [-118.58018, 34.10518], [-118.58065, 34.10441], [-118.58127, 34.10341], [-118.58148, 34.10307], [-118.58321, 34.10027], [-118.58351, 34.09977], [-118.58354, 34.09974], [-118.58383, 34.09927], [-118.5843, 34.0985], [-118.58441, 34.09832], [-118.58444, 34.09828], [-118.58455, 34.0981], [-118.58461, 34.098], [-118.58468, 34.09788], [-118.5847, 34.09785], [-118.58474, 34.09779], [-118.58483, 34.09764], [-118.58487, 34.09758], [-118.58507, 34.09725], [-118.58546, 34.09662], [-118.58575, 34.09614], [-118.58578, 34.0961], [-118.58581, 34.09605]]]}}, {"type": "Feature", "properties": {"zone_id": "TOP-U007", "zone_status": "Evacuation Order", "zone_status_reason": "Los Angeles County Fire Dept:  Wind-driven fire. An EVACUATION ORDER for Topanga west of Topanga Canyon Rd. LEAVE NOW.  Follow instructions from emergency personnel. Dial 9-1-1 for emergency help. Visit alertla.org for more information.", "county_abbr": "XLA", "north_of": "South Topanga Canyon Boulevard", "east_of": "Powder Horn Ranch Road, Old Topanga Canyon Road, Peak Trail", "south_of": "North Topanga Canyon Boulevard, Harlan Motorway", "west_of": "Robinson Road, Amy Way", "acreage": 815, "est_population": 836, "city_abbr": "TOP", "zone_sequence": "U007", "zone_approval_status": "Published", "last_updated": 1736271952000, "url": "https://protect.genasys.com/zones/US-CA-XLA-TOP-U007", "County_Name": "Los Angeles", "Data_Source_Name": "Zonehaven", "Original_Source_URL": "https://protect.genasys.com/zones/US-CA-XLA-TOP-U007"}, "geometry": {"type": "Polygon", "coordinates": [[[-118.59566, 34.08013], [-118.59568, 34.08024], [-118.59574, 34.08039], [-118.5959, 34.08062], [-118.596, 34.08073], [-118.59613, 34.08083], [-118.59633, 34.08095], [-118.59714, 34.08135], [-118.59762, 34.08159], [-118.59807, 34.08185], [-118.59851, 34.08213], [-118.59864, 34.08222], [-118.59875, 34.08236], [-118.59885, 34.08253], [-118.59892, 34.08272], [-118.59894, 34.08282], [-118.59894, 34.08294], [-118.59888, 34.08332], [-118.59888, 34.08344], [-118.59891, 34.08354], [-118.59896, 34.08362], [-118.59906, 34.08372], [-118.59918, 34.0838], [-118.59958, 34.084], [-118.59966, 34.08405], [-118.59987, 34.08425], [-118.6, 34.08438], [-118.60006, 34.08448], [-118.60007, 34.08452], [-118.60012, 34.08462], [-118.60013, 34.08469], [-118.60012, 34.08477], [-118.60001, 34.08517], [-118.60002, 34.08533], [-118.60014, 34.08533], [-118.6063, 34.08532], [-118.60864, 34.08532], [-118.61068, 34.08531], [-118.61178, 34.08531], [-118.61289, 34.08531], [-118.61399, 34.08531], [-118.61507, 34.0853], [-118.61942, 34.08533], [-118.61942, 34.0865], [-118.61942, 34.08893], [-118.61637, 34.08894], [-118.61638, 34.09044], [-118.61511, 34.09044], [-118.6151, 34.09064], [-118.6151, 34.09184], [-118.61509, 34.0926], [-118.61509, 34.09354], [-118.61507, 34.09354], [-118.61509, 34.09624], [-118.60628, 34.09623], [-118.601, 34.09618], [-118.59978, 34.09617], [-118.59766, 34.09615], [-118.59646, 34.09614], [-118.59578, 34.09613], [-118.59509, 34.09612], [-118.59441, 34.09612], [-118.59372, 34.09611], [-118.59303, 34.0961], [-118.59235, 34.09609], [-118.59166, 34.09609], [-118.59098, 34.09608], [-118.5903, 34.0961], [-118.58962, 34.0961], [-118.58893, 34.0961], [-118.58581, 34.09605], [-118.58588, 34.09593], [-118.5861, 34.09558], [-118.58627, 34.09531], [-118.58641, 34.09509], [-118.58658, 34.0948], [-118.5869, 34.09428], [-118.58711, 34.09393], [-118.58717, 34.09385], [-118.5874, 34.09348], [-118.58743, 34.09342], [-118.5876, 34.09315], [-118.58774, 34.09291], [-118.58785, 34.09275], [-118.58787, 34.09272], [-118.58788, 34.09269], [-118.58828, 34.09205], [-118.58836, 34.09191], [-118.58841, 34.09184], [-118.58894, 34.09098], [-118.58899, 34.0909], [-118.589, 34.09088], [-118.58902, 34.09085], [-118.58904, 34.09082], [-118.58906, 34.09079], [-118.58914, 34.09065], [-118.58922, 34.09053], [-118.58924, 34.09049], [-118.58926, 34.09046], [-118.58929, 34.09041], [-118.58935, 34.09031], [-118.58938, 34.09026], [-118.58944, 34.09017], [-118.58959, 34.08992], [-118.58961, 34.08989], [-118.58965, 34.08983], [-118.58967, 34.0898], [-118.58968, 34.08977], [-118.5897, 34.08975], [-118.58973, 34.08969], [-118.58975, 34.08966], [-118.58978, 34.08962], [-118.58983, 34.08954], [-118.58984, 34.08951], [-118.58996, 34.08933], [-118.59007, 34.08915], [-118.5901, 34.0891], [-118.59017, 34.08899], [-118.59018, 34.08897], [-118.5904, 34.08861], [-118.59042, 34.08858], [-118.59044, 34.08855], [-118.59051, 34.08843], [-118.59081, 34.08794], [-118.59084, 34.0879], [-118.59116, 34.08738], [-118.59119, 34.08732], [-118.59123, 34.08726], [-118.59131, 34.08713], [-118.59162, 34.08663], [-118.59167, 34.08656], [-118.59267, 34.08493], [-118.59304, 34.08433], [-118.59309, 34.08425], [-118.59314, 34.08417], [-118.59318, 34.0841], [-118.59321, 34.08405], [-118.59325, 34.08398], [-118.5933, 34.0839], [-118.59335, 34.08382], [-118.59344, 34.08368], [-118.59347, 34.08363], [-118.59355, 34.08351], [-118.59365, 34.08334], [-118.59394, 34.08288], [-118.59409, 34.08263], [-118.59429, 34.0823], [-118.59464, 34.08174], [-118.59469, 34.08166], [-118.59473, 34.08159], [-118.5948, 34.08149], [-118.59501, 34.08113], [-118.59516, 34.0809], [-118.59523, 34.08078], [-118.59531, 34.08066], [-118.59542, 34.08047], [-118.59549, 34.08037], [-118.59551, 34.08033], [-118.59552, 34.0803], [-118.59555, 34.08026], [-118.59557, 34.08023], [-118.59559, 34.0802], [-118.5956, 34.08018], [-118.59566, 34.08013]]]}}, {"type": "Feature", "properties": {"zone_id": "TOP-U008", "zone_status": "Evacuation Order", "zone_status_reason": "Los Angeles County Fire Dept:  Wind-driven fire. An EVACUATION ORDER for Topanga west of Topanga Canyon Rd. LEAVE NOW.  Follow instructions from emergency personnel. Dial 9-1-1 for emergency help. Visit alertla.org for more information.", "county_abbr": "XLA", "north_of": "Big Rock Motorway", "east_of": "Saddle Peak Road", "south_of": "Powder Horn Ranch Road, Old Topanga Canyon Road", "west_of": "Black Ridge Drive", "acreage": 2169, "est_population": 296, "city_abbr": "TOP", "zone_sequence": "U008", "zone_approval_status": "Published", "last_updated": 1736271952000, "url": "https://protect.genasys.com/zones/US-CA-XLA-TOP-U008", "County_Name": "Los Angeles", "Data_Source_Name": "Zonehaven", "Original_Source_URL": "https://protect.genasys.com/zones/US-CA-XLA-TOP-U008"}, "geometry": {"type": "Polygon", "coordinates": [[[-118.63695, 34.09264], [-118.62381, 34.09264], [-118.61944, 34.09262], [-118.61523, 34.0926], [-118.61509, 34.0926], [-118.6151, 34.09184], [-118.6151, 34.09064], [-118.61511, 34.09044], [-118.61638, 34.09044], [-118.61637, 34.08894], [-118.61942, 34.08893], [-118.61942, 34.0865], [-118.61942, 34.08533], [-118.61507, 34.0853], [-118.61399, 34.08531], [-118.61289, 34.08531], [-118.61178, 34.08531], [-118.61068, 34.08531], [-118.61069, 34.0817], [-118.6107, 34.07986], [-118.61071, 34.07804], [-118.61069, 34.07082], [-118.61112, 34.07034], [-118.61111, 34.07012], [-118.61111, 34.07011], [-118.61111, 34.0701], [-118.61111, 34.07008], [-118.61111, 34.07007], [-118.6111, 34.07005], [-118.6111, 34.07004], [-118.61109, 34.07003], [-118.61109, 34.07002], [-118.61108, 34.07001], [-118.61107, 34.06999], [-118.61106, 34.06998], [-118.61106, 34.06997], [-118.61105, 34.06996], [-118.61104, 34.06995], [-118.61102, 34.06994], [-118.611, 34.06992], [-118.61099, 34.06991], [-118.61097, 34.0699], [-118.61095, 34.06989], [-118.61093, 34.06988], [-118.61091, 34.06987], [-118.61088, 34.06986], [-118.61086, 34.06986], [-118.61084, 34.06985], [-118.61082, 34.06985], [-118.6108, 34.06985], [-118.61078, 34.06985], [-118.61075, 34.06985], [-118.61073, 34.06984], [-118.6107, 34.06984], [-118.61068, 34.06984], [-118.61066, 34.06984], [-118.61063, 34.06984], [-118.61061, 34.06983], [-118.61059, 34.06983], [-118.61057, 34.06983], [-118.61055, 34.06982], [-118.61053, 34.06981], [-118.61051, 34.0698], [-118.61049, 34.06979], [-118.61047, 34.06978], [-118.61045, 34.06976], [-118.61044, 34.06975], [-118.61042, 34.06974], [-118.61041, 34.06972], [-118.61039, 34.0697], [-118.61038, 34.06968], [-118.61037, 34.06967], [-118.61036, 34.06965], [-118.61036, 34.06963], [-118.61035, 34.06961], [-118.61035, 34.0696], [-118.61035, 34.06958], [-118.61035, 34.06956], [-118.61035, 34.06954], [-118.61035, 34.06952], [-118.61036, 34.06951], [-118.61036, 34.06949], [-118.61037, 34.06947], [-118.61037, 34.06946], [-118.61038, 34.06944], [-118.61039, 34.06942], [-118.6104, 34.06941], [-118.61041, 34.06939], [-118.61042, 34.06938], [-118.61044, 34.06937], [-118.61045, 34.06936], [-118.61046, 34.06935], [-118.61048, 34.06934], [-118.61049, 34.06933], [-118.61051, 34.06932], [-118.61053, 34.06931], [-118.61054, 34.06931], [-118.61053, 34.06925], [-118.60979, 34.06872], [-118.60956, 34.0686], [-118.60964, 34.06854], [-118.60972, 34.06849], [-118.6098, 34.06845], [-118.60989, 34.06841], [-118.60997, 34.06837], [-118.60998, 34.06837], [-118.60999, 34.06837], [-118.61, 34.06836], [-118.61, 34.06836], [-118.61001, 34.06836], [-118.61002, 34.06836], [-118.61003, 34.06835], [-118.61017, 34.0683], [-118.61017, 34.06803], [-118.61016, 34.06724], [-118.61064, 34.06724], [-118.61064, 34.065], [-118.61064, 34.06361], [-118.61063, 34.06361], [-118.6107, 34.05813], [-118.63692, 34.05811], [-118.63695, 34.09264]]]}}, {"type": "Feature", "properties": {"zone_id": "TOP-U009", "zone_status": "Evacuation Order", "zone_status_reason": "Los Angeles County Fire Dept:  Wind-driven fire. An EVACUATION ORDER for Topanga west of Topanga Canyon Rd. LEAVE NOW.  Follow instructions from emergency personnel. Dial 9-1-1 for emergency help. Visit alertla.org for more information.", "county_abbr": "XLA", "north_of": "Everdin Motorway", "east_of": "Black Ridge Drive", "south_of": "South Topanga Canyon Boulevard, Valley View Drive", "west_of": "East Topanga Fire Road", "acreage": 1824, "est_population": 892, "city_abbr": "TOP", "zone_sequence": "U009", "zone_approval_status": "Published", "last_updated": 1736271952000, "url": "https://protect.genasys.com/zones/US-CA-XLA-TOP-U009", "County_Name": "Los Angeles", "Data_Source_Name": "Zonehaven", "Original_Source_URL": "https://protect.genasys.com/zones/US-CA-XLA-TOP-U009"}, "geometry": {"type": "Polygon", "coordinates": [[[-118.5703, 34.06208], [-118.5703, 34.06187], [-118.57025, 34.05816], [-118.6107, 34.05813], [-118.61063, 34.06361], [-118.61064, 34.06361], [-118.61064, 34.065], [-118.61064, 34.06724], [-118.61016, 34.06724], [-118.61017, 34.06803], [-118.61017, 34.0683], [-118.61003, 34.06835], [-118.61002, 34.06836], [-118.61001, 34.06836], [-118.61, 34.06836], [-118.61, 34.06836], [-118.60999, 34.06837], [-118.60998, 34.06837], [-118.60997, 34.06837], [-118.60989, 34.06841], [-118.6098, 34.06845], [-118.60972, 34.06849], [-118.60964, 34.06854], [-118.60956, 34.0686], [-118.60979, 34.06872], [-118.61053, 34.06925], [-118.61054, 34.06931], [-118.61053, 34.06931], [-118.61051, 34.06932], [-118.61049, 34.06933], [-118.61048, 34.06934], [-118.61046, 34.06935], [-118.61045, 34.06936], [-118.61044, 34.06937], [-118.61042, 34.06938], [-118.61041, 34.06939], [-118.6104, 34.06941], [-118.61039, 34.06942], [-118.61038, 34.06944], [-118.61037, 34.06946], [-118.61037, 34.06947], [-118.61036, 34.06949], [-118.61036, 34.06951], [-118.61035, 34.06952], [-118.61035, 34.06954], [-118.61035, 34.06956], [-118.61035, 34.06958], [-118.61035, 34.0696], [-118.61035, 34.06961], [-118.61036, 34.06963], [-118.61036, 34.06965], [-118.61037, 34.06967], [-118.61038, 34.06968], [-118.61039, 34.0697], [-118.61041, 34.06972], [-118.61042, 34.06974], [-118.61044, 34.06975], [-118.61045, 34.06976], [-118.61047, 34.06978], [-118.61049, 34.06979], [-118.61051, 34.0698], [-118.61053, 34.06981], [-118.61055, 34.06982], [-118.61057, 34.06983], [-118.61059, 34.06983], [-118.61061, 34.06983], [-118.61063, 34.06984], [-118.61066, 34.06984], [-118.61068, 34.06984], [-118.6107, 34.06984], [-118.61073, 34.06984], [-118.61075, 34.06985], [-118.61078, 34.06985], [-118.6108, 34.06985], [-118.61082, 34.06985], [-118.61084, 34.06985], [-118.61086, 34.06986], [-118.61088, 34.06986], [-118.61091, 34.06987], [-118.61093, 34.06988], [-118.61095, 34.06989], [-118.61097, 34.0699], [-118.61099, 34.06991], [-118.611, 34.06992], [-118.61102, 34.06994], [-118.61104, 34.06995], [-118.61105, 34.06996], [-118.61106, 34.06997], [-118.61106, 34.06998], [-118.61107, 34.06999], [-118.61108, 34.07001], [-118.61109, 34.07002], [-118.61109, 34.07003], [-118.6111, 34.07004], [-118.6111, 34.07005], [-118.61111, 34.07007], [-118.61111, 34.07008], [-118.61111, 34.0701], [-118.61111, 34.07011], [-118.61111, 34.07012], [-118.61112, 34.07034], [-118.61069, 34.07082], [-118.61071, 34.07804], [-118.6107, 34.07986], [-118.61069, 34.0817], [-118.61068, 34.08531], [-118.60864, 34.08532], [-118.6063, 34.08532], [-118.60014, 34.08533], [-118.60002, 34.08533], [-118.60001, 34.08517], [-118.60012, 34.08477], [-118.60013, 34.08469], [-118.60012, 34.08462], [-118.60007, 34.08452], [-118.60006, 34.08448], [-118.6, 34.08438], [-118.59987, 34.08425], [-118.59966, 34.08405], [-118.59958, 34.084], [-118.59918, 34.0838], [-118.59906, 34.08372], [-118.59896, 34.08362], [-118.59891, 34.08354], [-118.59888, 34.08344], [-118.59888, 34.08332], [-118.59894, 34.08294], [-118.59894, 34.08282], [-118.59892, 34.08272], [-118.59885, 34.08253], [-118.59875, 34.08236], [-118.59864, 34.08222], [-118.59851, 34.08213], [-118.59807, 34.08185], [-118.59762, 34.08159], [-118.59714, 34.08135], [-118.59633, 34.08095], [-118.59613, 34.08083], [-118.596, 34.08073], [-118.5959, 34.08062], [-118.59574, 34.08039], [-118.59568, 34.08024], [-118.59566, 34.08013], [-118.59565, 34.0801], [-118.59567, 34.08006], [-118.59572, 34.07998], [-118.59574, 34.07995], [-118.59577, 34.07991], [-118.59585, 34.07977], [-118.59591, 34.07968], [-118.59612, 34.07934], [-118.5963, 34.07905], [-118.59661, 34.07854], [-118.59671, 34.07839], [-118.59672, 34.07836], [-118.59676, 34.0783], [-118.59678, 34.07826], [-118.59684, 34.07818], [-118.59688, 34.07811], [-118.5969, 34.07808], [-118.59695, 34.07799], [-118.59701, 34.07789], [-118.59707, 34.0778], [-118.59709, 34.07777], [-118.59714, 34.07769], [-118.59716, 34.07766], [-118.59718, 34.07763], [-118.5972, 34.07759], [-118.59725, 34.0775], [-118.59731, 34.0774], [-118.59739, 34.07729], [-118.59742, 34.07723], [-118.59744, 34.0772], [-118.59745, 34.07717], [-118.5975, 34.0771], [-118.59756, 34.07701], [-118.59758, 34.07697], [-118.5976, 34.07694], [-118.59761, 34.07691], [-118.59763, 34.07689], [-118.59765, 34.07686], [-118.59767, 34.07683], [-118.59769, 34.0768], [-118.5977, 34.07677], [-118.59772, 34.07674], [-118.59775, 34.0767], [-118.59776, 34.07667], [-118.5978, 34.07661], [-118.59786, 34.07651], [-118.59795, 34.07637], [-118.59797, 34.07633], [-118.59799, 34.0763], [-118.59809, 34.07614], [-118.59813, 34.07608], [-118.5982, 34.07596], [-118.59824, 34.0759], [-118.59826, 34.07586], [-118.59829, 34.07581], [-118.59832, 34.07577], [-118.59835, 34.07573], [-118.59836, 34.0757], [-118.5984, 34.07564], [-118.59844, 34.07558], [-118.59849, 34.07549], [-118.59852, 34.07545], [-118.59854, 34.07541], [-118.59857, 34.07537], [-118.59859, 34.07534], [-118.59862, 34.07528], [-118.59867, 34.0752], [-118.5987, 34.07515], [-118.59878, 34.07503], [-118.5988, 34.07499], [-118.59883, 34.07494], [-118.59885, 34.07491], [-118.59887, 34.07488], [-118.59888, 34.07486], [-118.59891, 34.07482], [-118.59892, 34.0748], [-118.59894, 34.07476], [-118.59896, 34.07473], [-118.59898, 34.0747], [-118.599, 34.07467], [-118.59902, 34.07464], [-118.59904, 34.0746], [-118.59906, 34.07457], [-118.59907, 34.07455], [-118.59909, 34.07452], [-118.59911, 34.07449], [-118.59913, 34.07446], [-118.59915, 34.07443], [-118.59917, 34.0744], [-118.59919, 34.07436], [-118.5992, 34.07434], [-118.59915, 34.07433], [-118.5991, 34.07432], [-118.59899, 34.0743], [-118.59893, 34.07429], [-118.59884, 34.07427], [-118.59863, 34.07424], [-118.59859, 34.07423], [-118.59838, 34.07419], [-118.598, 34.07413], [-118.59682, 34.07392], [-118.59647, 34.07386], [-118.59542, 34.07368], [-118.59474, 34.07356], [-118.59328, 34.07331], [-118.59161, 34.07302], [-118.59079, 34.07288], [-118.58833, 34.07245], [-118.5883, 34.07245], [-118.58827, 34.07244], [-118.58824, 34.07244], [-118.58819, 34.07243], [-118.58806, 34.07241], [-118.58803, 34.0724], [-118.58799, 34.0724], [-118.58796, 34.07239], [-118.58789, 34.07238], [-118.58784, 34.07237], [-118.58778, 34.07236], [-118.58775, 34.07235], [-118.58771, 34.07235], [-118.58766, 34.07234], [-118.58742, 34.0723], [-118.58713, 34.07225], [-118.58704, 34.07223], [-118.58637, 34.07212], [-118.58464, 34.07181], [-118.5828, 34.0715], [-118.58276, 34.07149], [-118.58014, 34.07103], [-118.5795, 34.07092], [-118.57942, 34.07091], [-118.57873, 34.07079], [-118.57835, 34.07072], [-118.57758, 34.07059], [-118.5775, 34.07058], [-118.57631, 34.07037], [-118.57477, 34.0701], [-118.57379, 34.06993], [-118.57202, 34.06963], [-118.5718, 34.06959], [-118.57172, 34.06958], [-118.5714, 34.06952], [-118.57039, 34.06935], [-118.57037, 34.06743], [-118.57035, 34.06572], [-118.57034, 34.06526], [-118.57034, 34.06476], [-118.57033, 34.06406], [-118.57032, 34.0634], [-118.5703, 34.06208]]]}}]}