{"type":"FeatureCollection","features":[{"type":"Feature","id":13,"geometry":{"type":"Polygon","coordinates":[[[-121.567778178593,39.770618298861],[-121.567771726461,39.7718190825652],[-121.570118302628,39.7718225232421],[-121.57012753706,39.7724633125145],[-121.570134063734,39.7729163545656],[-121.570135698365,39.7730299431486],[-121.570140615927,39.7733694362605],[-121.570148531986,39.7739186034755],[-121.570153640384,39.7742728754737],[-121.570140382578,39.774319767661],[-121.570139624396,39.7746193903465],[-121.570138811728,39.7749406578601],[-121.570138001381,39.7752619262433],[-121.570137188763,39.7755831828699],[-121.570135309475,39.7763244479164],[-121.570134892505,39.7764891935712],[-121.570133955453,39.7768598759889],[-121.570133018402,39.7772305565527],[-121.57013221722,39.777546322459],[-121.570131418376,39.7778620865343],[-121.567899090628,39.7778439896608],[-121.567900526547,39.778803024384],[-121.567902406739,39.7800563208247],[-121.569504309204,39.7800467473269],[-121.569569257944,39.7800477944045],[-121.569946812545,39.7800538741815],[-121.569959970581,39.7800540906503],[-121.570144744968,39.7800570591627],[-121.570145085952,39.7802489762032],[-121.570145608735,39.7805428151459],[-121.570146127278,39.7808365846879],[-121.570146649117,39.7811303884343],[-121.570147186117,39.7814340969192],[-121.570147338462,39.781520258689],[-121.57014746839,39.7816026510519],[-121.570147744713,39.7817815061638],[-121.57014819338,39.7820699199018],[-121.570148659265,39.7823701874421],[-121.570149079272,39.7826404272106],[-121.570149501617,39.7829106669594],[-121.570150034608,39.7832559728394],[-121.570151445527,39.784164332543],[-121.570152020414,39.7850900520537],[-121.570275405435,39.7850905328743],[-121.570282600756,39.7855953953675],[-121.570283014081,39.7856111955795],[-121.570143701741,39.7855955406537],[-121.56916461433,39.7855965318233],[-121.569195535793,39.7865047302957],[-121.569205405556,39.7867946334675],[-121.569214975517,39.7873898454484],[-121.569208530904,39.7876530352613],[-121.569204772152,39.787852835653],[-121.569203611919,39.7879056180064],[-121.569190079638,39.7885195098429],[-121.569189570694,39.7885612955584],[-121.569007289799,39.78856156187],[-121.568992902113,39.7910251395208],[-121.568985183416,39.7923465062479],[-121.570113001221,39.7923456762822],[-121.570328170364,39.7923455164754],[-121.570364929333,39.7923454902236],[-121.572009670957,39.7948513662402],[-121.57203755963,39.794893852167],[-121.572894311788,39.796135955484],[-121.573789746543,39.7974064061543],[-121.574708000354,39.7987091791699],[-121.575066515727,39.7992178056105],[-121.575308963009,39.799561762225],[-121.578580120479,39.7995716529841],[-121.578501166819,39.8004814275174],[-121.579563978509,39.8004613176817],[-121.579556102248,39.8005398214584],[-121.570400758869,39.8005925798516],[-121.570313630588,39.8005921576455],[-121.566182436091,39.8005720630812],[-121.566181318005,39.7998857724525],[-121.566181145043,39.7997808944129],[-121.561664444829,39.7997689429302],[-121.560951613374,39.7709406820761],[-121.560949515249,39.7708695782978],[-121.56551559283,39.7705862482637],[-121.567778178593,39.770618298861]]]},"properties":{"FID":13,"Zone":"BUT-PE-380","SubZone":"Dean East","Community":"Paradise East","Status":"No Order or Warning","StructureC":14,"Descriptio":"West Branch of Feather River from Skyway/Pentz, south to east of Billie Rd. This will inlude County Jurisdictions on Merrill Rd and Matell Rd.","Shape_Leng":13662.2569102,"points":83,"Zone_Num":"380","GlobalID":"e36b8525-49cf-4abb-8e4c-fe457d551d03","GlobalID_2":"ae7a6ac4-9ee3-4412-9cef-1417455be1f0","Shape__Area":27972187.592773438,"Shape__Length":32951.41167718521}},{"type":"Feature","id":14,"geometry":{"type":"Polygon","coordinates":[[[-121.61053877429,39.8709409505832],[-121.610460679044,39.8703263477432],[-121.610244288803,39.8696287232845],[-121.610076286909,39.8690870916442],[-121.609860937362,39.8683922273052],[-121.609639346186,39.8680066040164],[-121.609133087144,39.8672784876298],[-121.608777990847,39.8666975651592],[-121.608568242891,39.8664548846377],[-121.607565623551,39.8653819234872],[-121.607116998044,39.8649084245095],[-121.606918690041,39.8646801613172],[-121.606650349325,39.8642568641104],[-121.606596870943,39.8638450188494],[-121.606664273495,39.8635392041975],[-121.606731516779,39.8632412506561],[-121.607360304495,39.861409060615],[-121.607562707084,39.8607748657672],[-121.607773474795,39.8601732304251],[-121.608051659736,39.8593387912473],[-121.608068295384,39.8590328785609],[-121.608053580623,39.858726588738],[-121.60790904111,39.8581206846267],[-121.607807604486,39.8574508516268],[-121.606917602634,39.8539679523487],[-121.606809018649,39.8536411030981],[-121.606630540705,39.8529730715489],[-121.606482673024,39.8526901405499],[-121.605791353629,39.8517495852707],[-121.605201668598,39.8508731434702],[-121.604706973259,39.8501001266977],[-121.604283240058,39.8496033180083],[-121.60398544186,39.84929266162],[-121.603294163528,39.8487893319778],[-121.602906317783,39.8484267328011],[-121.602646113073,39.8481037479802],[-121.602507215285,39.8476451501127],[-121.602427123492,39.8472101059521],[-121.602287457772,39.84678957372],[-121.602018772996,39.8463979480604],[-121.601160723607,39.8453518993307],[-121.600507003,39.8449480058287],[-121.600123658052,39.8448519920111],[-121.599485367153,39.8446615100921],[-121.599064993725,39.8444431982524],[-121.598724256107,39.8441953858603],[-121.598253454686,39.8435423830602],[-121.598090709936,39.8431653552875],[-121.598058570662,39.8429483734039],[-121.597515246928,39.8395056763582],[-121.597725467371,39.8375779799097],[-121.597310470656,39.8347250490395],[-121.604257264549,39.8344128715537],[-121.611998161982,39.82301053987],[-121.612134416878,39.8232342650402],[-121.612373516314,39.8234202106905],[-121.612416153794,39.8234533690266],[-121.612437625477,39.823476088475],[-121.612721921668,39.8237768960656],[-121.613027168516,39.82419527959],[-121.613331790876,39.8247274915568],[-121.613574800649,39.8252784720556],[-121.613768554515,39.8258387771363],[-121.613962936266,39.8262852525355],[-121.614279826092,39.8268269883481],[-121.614559444794,39.8274350012732],[-121.614740908796,39.827995264037],[-121.614798876549,39.8286404960074],[-121.614857211529,39.8292193272518],[-121.614965591729,39.8296465478884],[-121.615206406212,39.830105604812],[-121.615557631033,39.8307784891494],[-121.615772482649,39.8312508833591],[-121.615901396671,39.8317543965915],[-121.61606106085,39.832325049947],[-121.61620575013,39.8327898975783],[-121.616452015993,39.8331528791908],[-121.616834303068,39.8335572732044],[-121.617169870687,39.8340682299275],[-121.617381044116,39.83482778732],[-121.617500005521,39.8355751869082],[-121.617665307076,39.8362871651703],[-121.617676609424,39.8370342148929],[-121.617518273061,39.8378637164127],[-121.616928491154,39.8388341039306],[-121.616386329689,39.8395319240166],[-121.616122531572,39.8400673258791],[-121.616106351312,39.8401001649834],[-121.616018405699,39.8405037702989],[-121.615898045739,39.8415715595224],[-121.61575315682,39.841749382928],[-121.615554194417,39.8420987551165],[-121.615364122725,39.8423887174904],[-121.615217067381,39.8426458002845],[-121.615052331468,39.8430018867926],[-121.615042641203,39.8432065838122],[-121.615076218663,39.8433321729665],[-121.615161348374,39.8434315134242],[-121.615220775379,39.8435307699293],[-121.615220412637,39.8435968098295],[-121.615168354833,39.8437155149383],[-121.615133359661,39.8438474837573],[-121.615132706568,39.8439663566414],[-121.615148933771,39.844131513194],[-121.615216349854,39.8443364618148],[-121.615198669036,39.8444354666003],[-121.615060321742,39.8446661604622],[-121.614861928545,39.8449098660298],[-121.614801120922,39.8450615628571],[-121.614825989245,39.8452135395875],[-121.614926947373,39.8455506817324],[-121.61496862294,39.8457621507607],[-121.614984052787,39.8460725955757],[-121.614947748064,39.8464423097439],[-121.614928834354,39.84676585123],[-121.614824787838,39.8469900521823],[-121.614703708748,39.8473900337613],[-121.614605325129,39.8477529402849],[-121.61442194117,39.8479917403348],[-121.614174025552,39.8482798609916],[-121.614061402879,39.8484115193622],[-121.613839657438,39.8487080361237],[-121.613742948258,39.8487655049391],[-121.613635942139,39.8487486445391],[-121.61348641468,39.8486738572429],[-121.613305120816,39.8485329246132],[-121.613112890861,39.8484332325347],[-121.612941579701,39.8484244149118],[-121.612791370353,39.8484734528607],[-121.612629808139,39.8486380254446],[-121.612414926688,39.8487611467092],[-121.612146859717,39.848818051677],[-121.611643496673,39.8488163947145],[-121.611268605235,39.8488234146012],[-121.610947769627,39.8487398046907],[-121.610787626739,39.8486484691425],[-121.610520016716,39.8486228193717],[-121.610337352467,39.8487295334964],[-121.610218349796,39.8489437745985],[-121.610174317285,39.8491582634667],[-121.610215685484,39.849422566725],[-121.610362504147,39.8499844035644],[-121.610360208146,39.8503971548898],[-121.610228653754,39.8509415616197],[-121.610140674399,39.8513540295002],[-121.610160350604,39.8516677910231],[-121.610158650645,39.8519732264923],[-121.610242999479,39.8522129055335],[-121.610434225636,39.8524942134229],[-121.610507913609,39.8527256016629],[-121.61048428872,39.8531217714084],[-121.610521531479,39.8541290247319],[-121.61049694215,39.8546985493012],[-121.610578496843,39.8554417834171],[-121.610607233918,39.8560527595108],[-121.610806613269,39.856796382085],[-121.611028200226,39.8573997396771],[-121.611282152192,39.8579619268195],[-121.611355620848,39.8582345889266],[-121.611427943911,39.8587136263686],[-121.611628345475,39.8592756359634],[-121.611818681388,39.8597220412404],[-121.612023353756,39.8602396928281],[-121.612127897987,39.8607043882001],[-121.612241393758,39.8617294303923],[-121.61255548573,39.8630430300084],[-121.612861708719,39.8638447830809],[-121.613125544766,39.8645638449195],[-121.613484340439,39.8655473810124],[-121.613688820383,39.8662158240487],[-121.613778233251,39.8666462752169],[-121.613860384078,39.8672904436441],[-121.613815689914,39.8676246298615],[-121.613652675244,39.8680451061908],[-121.613533695444,39.8682510947182],[-121.613382713604,39.8684322123723],[-121.6132959161,39.8686300499501],[-121.613294548507,39.8688776992581],[-121.613357277684,39.8691585788933],[-121.613366257731,39.8694723024625],[-121.613364799217,39.8697364610322],[-121.613223387149,39.8701239879587],[-121.613050470794,39.8703958393092],[-121.61288491064,39.8706197545219],[-121.612521382357,39.8710485039408],[-121.61053877429,39.8709409505832]]]},"properties":{"FID":14,"Zone":"BUT-MA-287","SubZone":"Carnegie Rd","Community":"Magalia","Status":"No Order or Warning","StructureC":1048,"Descriptio":"Humbug Rd at Skyway intersection, south to just north of Ponderosa Way.  West of Nimshew and Smokey Way intersection, east to Skyway. ","Shape_Leng":16379.2396884,"points":188,"Zone_Num":"287","GlobalID":"ca2164b2-6f00-4e91-9102-817bf9ca1e79","GlobalID_2":"567921e7-d7ef-4bac-b5cf-dd76eff4996a","Shape__Area":42544950.19824219,"Shape__Length":41097.37321141229}},{"type":"Feature","id":17,"geometry":{"type":"Polygon","coordinates":[[[-121.593871768197,39.8800159707504],[-121.593632413533,39.8800022060279],[-121.59327898108,39.8800522161637],[-121.592490669024,39.8799992019346],[-121.591997641068,39.879982351572],[-121.591773265006,39.8799253223084],[-121.591578633922,39.8797926330481],[-121.591341721732,39.8796594277181],[-121.590768809968,39.8794135324461],[-121.590532346717,39.8792586126305],[-121.590199682926,39.8789830553821],[-121.589892537545,39.878838132518],[-121.589472762528,39.8786864088518],[-121.589034598156,39.8785724698404],[-121.588297244007,39.8784413089044],[-121.587680974072,39.8784202239315],[-121.587470979686,39.8783497856512],[-121.587316340757,39.8781578445747],[-121.587197766671,39.8779256160352],[-121.587006783165,39.8777875325069],[-121.586761002559,39.8777438075689],[-121.586336559921,39.8778200827476],[-121.585254482458,39.8781734141074],[-121.584989691821,39.8781973304715],[-121.584602147885,39.8781925978839],[-121.584267453978,39.8781885087347],[-121.584002104216,39.8782395679693],[-121.583773101939,39.8782367696806],[-121.58356255314,39.8781934686219],[-121.583335506301,39.8780956652836],[-121.582529101648,39.8770404917653],[-121.582356863233,39.876848328623],[-121.581851338212,39.8765842082678],[-121.581608640712,39.8763911826412],[-121.581296884439,39.8761294303192],[-121.58103657786,39.8759361878476],[-121.580739643859,39.8758103715914],[-121.58051344995,39.8756718459799],[-121.579893875188,39.8749583296234],[-121.579702914179,39.8748202340995],[-121.579510272602,39.874763571771],[-121.579048391632,39.8747680737852],[-121.578934300561,39.8748080008158],[-121.548138353519,39.8754609743398],[-121.552697557214,39.8567693329939],[-121.567444685063,39.8572539259487],[-121.567733000951,39.8570453593473],[-121.569428496446,39.8564193459653],[-121.572185210718,39.855744221391],[-121.575406685751,39.8552053131864],[-121.577488360418,39.8553564584928],[-121.579316840853,39.8566130172952],[-121.580887554601,39.8587006238061],[-121.585231975133,39.8592334016036],[-121.585477809409,39.8594707648267],[-121.586813979355,39.8604781258418],[-121.587764433831,39.8609131648989],[-121.58907065431,39.8617804859822],[-121.58874426037,39.8623756514624],[-121.588774232052,39.8626958576444],[-121.588952423292,39.8629502975919],[-121.589783990339,39.8635910933644],[-121.589992039328,39.8638864382582],[-121.590437628711,39.8640720512276],[-121.59064533434,39.8642772942038],[-121.590734404756,39.8650306810199],[-121.591447921181,39.8657646305541],[-121.592012184874,39.8667940798303],[-121.593319099438,39.8677784866423],[-121.595100875327,39.868484834261],[-121.595457542754,39.8688044946102],[-121.595457803872,39.8688990989262],[-121.596140574383,39.8693533485746],[-121.598219753626,39.8703155208667],[-121.59857607075,39.870725263194],[-121.598606363904,39.8710679953352],[-121.599110996587,39.8715516067685],[-121.599764573573,39.8723298291951],[-121.60041810556,39.8725359366006],[-121.600775068856,39.8733105701256],[-121.600835266829,39.874915008549],[-121.600749956884,39.8750491222132],[-121.599977891058,39.8757110122674],[-121.599621475381,39.8762382717955],[-121.599503346104,39.876763906865],[-121.599117151045,39.8772457569279],[-121.598909871566,39.8777703127223],[-121.598850376159,39.878251606937],[-121.598316459028,39.8789163656695],[-121.598070025721,39.8796519588537],[-121.597752201755,39.8796247515419],[-121.597176589329,39.8797084990789],[-121.596427387631,39.8797799029967],[-121.595707390593,39.8798644669132],[-121.595450836062,39.8800025421794],[-121.59512293328,39.8801831928219],[-121.594810671752,39.880288010352],[-121.594570427377,39.8803176777316],[-121.594388326872,39.8802611671213],[-121.593871768197,39.8800159707504]]]},"properties":{"FID":17,"Zone":"BUT-MA-285","SubZone":"North Coutolenc","Community":"Magalia","Status":"No Order or Warning","StructureC":74,"Descriptio":"Paradise Lake, east to West Branch Feather River.  Hupp Coutolenc Rd, south to Coutolenc Rd/Doon Grade Rd Intersection. ","Shape_Leng":16648.5032776,"points":100,"Zone_Num":"285","GlobalID":"ce1d663c-8d4a-4188-9717-cb30bb69328d","GlobalID_2":"1f3aa8fd-0491-42ef-a4ba-8a0f827b5ae7","Shape__Area":85636774.76171875,"Shape__Length":41528.75673834747}},{"type":"Feature","id":18,"geometry":{"type":"Polygon","coordinates":[[[-121.598070025721,39.8796519588537],[-121.598316459028,39.8789163656695],[-121.598850376159,39.878251606937],[-121.598909871566,39.8777703127223],[-121.599117151045,39.8772457569279],[-121.599503346104,39.876763906865],[-121.599621475381,39.8762382717955],[-121.599977891058,39.8757110122674],[-121.600749956884,39.8750491222132],[-121.600835266829,39.874915008549],[-121.600775068856,39.8733105701256],[-121.60041810556,39.8725359366006],[-121.599764573573,39.8723298291951],[-121.599110996587,39.8715516067685],[-121.598606363904,39.8710679953352],[-121.59857607075,39.870725263194],[-121.598219753626,39.8703155208667],[-121.596140574383,39.8693533485746],[-121.595457803872,39.8688990989262],[-121.595457542754,39.8688044946102],[-121.595100875327,39.868484834261],[-121.593319099438,39.8677784866423],[-121.592012184874,39.8667940798303],[-121.591447921181,39.8657646305541],[-121.590734404756,39.8650306810199],[-121.59064533434,39.8642772942038],[-121.590437628711,39.8640720512276],[-121.589992039328,39.8638864382582],[-121.589783990339,39.8635910933644],[-121.588952423292,39.8629502975919],[-121.588774232052,39.8626958576444],[-121.58874426037,39.8623756514624],[-121.58907065431,39.8617804859822],[-121.587764433831,39.8609131648989],[-121.586813979355,39.8604781258418],[-121.585477809409,39.8594707648267],[-121.585231975133,39.8592334016036],[-121.584438249224,39.8584670123464],[-121.58366630091,39.8579170025998],[-121.582864409188,39.8576864626483],[-121.582359285853,39.8574145004935],[-121.581082870708,39.8563852959053],[-121.580874905032,39.8560178601764],[-121.580815420058,39.8556071931114],[-121.580607304556,39.8554244520339],[-121.580251247292,39.8553299941679],[-121.579835490102,39.8549419905719],[-121.579805869241,39.8547839591412],[-121.580221172993,39.8540953070744],[-121.580251007521,39.8538884506749],[-121.580042787874,39.8534984860457],[-121.579805083877,39.8528378701295],[-121.579805454863,39.8522882866886],[-121.579270553343,39.8516915997414],[-121.578231676036,39.8513725321409],[-121.577816321495,39.8514620363889],[-121.576925791252,39.8519196055426],[-121.576308589745,39.8516221853435],[-121.57648013154,39.8512834577726],[-121.576480030095,39.8494499970617],[-121.576865759577,39.8487429730836],[-121.577310568484,39.8484646312459],[-121.578557200584,39.8482366677196],[-121.580071195354,39.8473002058219],[-121.581229311876,39.8468639078982],[-121.581555009271,39.8464084029147],[-121.581614467114,39.8460397352807],[-121.581465882719,39.845627977876],[-121.581050717973,39.8449651911647],[-121.581080094891,39.8444610109396],[-121.581257921339,39.8439135998157],[-121.582000263447,39.8434091348581],[-121.582534172719,39.8426318267732],[-121.582553561514,39.8425383717171],[-121.598058570662,39.8429483734039],[-121.598090709936,39.8431653552875],[-121.598253454686,39.8435423830602],[-121.598724256107,39.8441953858603],[-121.599064993725,39.8444431982524],[-121.599485367153,39.8446615100921],[-121.600123658052,39.8448519920111],[-121.600507003,39.8449480058287],[-121.601160723607,39.8453518993307],[-121.602018772996,39.8463979480604],[-121.602287457772,39.84678957372],[-121.602427123492,39.8472101059521],[-121.602507215285,39.8476451501127],[-121.602646113073,39.8481037479802],[-121.602906317783,39.8484267328011],[-121.603294163528,39.8487893319778],[-121.60398544186,39.84929266162],[-121.604283240058,39.8496033180083],[-121.604706973259,39.8501001266977],[-121.605201668598,39.8508731434702],[-121.605791353629,39.8517495852707],[-121.606482673024,39.8526901405499],[-121.606630540705,39.8529730715489],[-121.606809018649,39.8536411030981],[-121.606917602634,39.8539679523487],[-121.607807604486,39.8574508516268],[-121.60790904111,39.8581206846267],[-121.608053580623,39.858726588738],[-121.608068295384,39.8590328785609],[-121.608051659736,39.8593387912473],[-121.607773474795,39.8601732304251],[-121.607562707084,39.8607748657672],[-121.607360304495,39.861409060615],[-121.606731516779,39.8632412506561],[-121.606664273495,39.8635392041975],[-121.606596870943,39.8638450188494],[-121.606650349325,39.8642568641104],[-121.606918690041,39.8646801613172],[-121.607116998044,39.8649084245095],[-121.607565623551,39.8653819234872],[-121.608568242891,39.8664548846377],[-121.608777990847,39.8666975651592],[-121.609133087144,39.8672784876298],[-121.609639346186,39.8680066040164],[-121.609860937362,39.8683922273052],[-121.610076286909,39.8690870916442],[-121.610244288803,39.8696287232845],[-121.610460679044,39.8703263477432],[-121.61053877429,39.8709409505832],[-121.610177059527,39.8756238441683],[-121.611634684869,39.8786388535141],[-121.611274747432,39.879014762953],[-121.610686637985,39.8792849770188],[-121.609189682298,39.8795838927561],[-121.608195172514,39.8796115592321],[-121.606786309062,39.8796779088182],[-121.606619440757,39.8794590874628],[-121.606329678089,39.8792670658128],[-121.605842479037,39.8791575108822],[-121.605537049692,39.8791349808278],[-121.605318200484,39.8790663595824],[-121.605142036333,39.8789014864778],[-121.604872730046,39.8786605881033],[-121.604634479203,39.8785784999837],[-121.604359823023,39.878601598154],[-121.603739298324,39.8787789663263],[-121.603240577098,39.8788653758069],[-121.602966455967,39.8788620712389],[-121.602642810546,39.8787657479511],[-121.602373512216,39.8785248429525],[-121.602105021751,39.8782443389785],[-121.601729448439,39.8781737925522],[-121.601351460073,39.8782220417397],[-121.601040392284,39.8783503189259],[-121.600604832401,39.8787015419466],[-121.600464015017,39.8788846844059],[-121.600284632819,39.8792786109668],[-121.600094332563,39.8796162499583],[-121.599754981635,39.8798515010164],[-121.599442889925,39.8799213758267],[-121.599132672398,39.8798992137242],[-121.598253176667,39.8796676369577],[-121.598070025721,39.8796519588537]]]},"properties":{"FID":18,"Zone":"BUT-MA-284","SubZone":"Imperial Way","Community":"Magalia","Status":"No Order or Warning","StructureC":1018,"Descriptio":"Skyway/Hup Coutolenc Rd intersection, south to Rosewood Dr.  Skyway east to Paradise Lake and Little Butte Creek.  ","Shape_Leng":16647.9708614,"points":157,"Zone_Num":"284","GlobalID":"00bea517-8327-4edb-945e-505232fb5960","GlobalID_2":"5c40229c-ab49-41e2-a0fa-0bb3303d9740","Shape__Area":70178737.02050781,"Shape__Length":41636.84406701602}},{"type":"Feature","id":19,"geometry":{"type":"Polygon","coordinates":[[[-121.594240758179,39.8222053449996],[-121.603505671517,39.8160600902271],[-121.603742377058,39.8156935437978],[-121.60406923646,39.8154181800738],[-121.605018068387,39.8150782231368],[-121.605403870707,39.8148486131602],[-121.605789302559,39.814528900329],[-121.606411451807,39.812901119602],[-121.607745560344,39.8111602562799],[-121.609717298921,39.8112981703243],[-121.611694789999,39.8117867871618],[-121.612983864542,39.8130275273754],[-121.613963138519,39.8150155396553],[-121.611998161982,39.82301053987],[-121.604257264549,39.8344128715537],[-121.597310470656,39.8347250490395],[-121.597288911943,39.8346124413357],[-121.597084502705,39.8340242765507],[-121.596624880177,39.8327390868777],[-121.596482585155,39.8322530746789],[-121.596325817464,39.831400394534],[-121.596051666088,39.8307568177016],[-121.595972929586,39.8300068841923],[-121.596081975612,39.8295249925984],[-121.596364844497,39.8287338217537],[-121.596524636074,39.8281453322433],[-121.596676022496,39.8276788328173],[-121.597088571941,39.8263027644617],[-121.597062229136,39.8256080135235],[-121.596904330244,39.8251716093298],[-121.596541756497,39.8245898262841],[-121.596184860643,39.8242265845066],[-121.594697820144,39.8226968175701],[-121.594240758179,39.8222053449996]]]},"properties":{"FID":19,"Zone":"BUT-MA-290","SubZone":"North Pines","Community":"Magalia","Status":"No Order or Warning","StructureC":1080,"Descriptio":"From just north of Wycliff Way,  south to Ponderosa and Creston Rd. Middle Butte Creek, east to Skyway.","Shape_Leng":9053.71337223,"points":46,"Zone_Num":"290","GlobalID":"4569e8f1-42b3-44db-a4ea-4572e80b39c4","GlobalID_2":"b2d17521-df5f-4867-b0e7-d9159c2b0b32","Shape__Area":27451403.294921875,"Shape__Length":22649.44316141389}},{"type":"Feature","id":20,"geometry":{"type":"Polygon","coordinates":[[[-121.582553561514,39.8425383717171],[-121.582592126051,39.8423524848725],[-121.582652562974,39.8420611622228],[-121.582830921966,39.8418065684566],[-121.583720889619,39.8411191994758],[-121.583958519334,39.8407527071695],[-121.583958320245,39.8401580684693],[-121.583513203317,39.8398868439295],[-121.582651763166,39.8395429559669],[-121.582533077195,39.8389919150264],[-121.582740554008,39.8381024967613],[-121.582592583392,39.8378033683562],[-121.582117448587,39.8372524734263],[-121.582087381685,39.836477274651],[-121.581939219752,39.8362231916621],[-121.580840371931,39.8351736320903],[-121.580810469468,39.8347813454749],[-121.58181940242,39.8334557610724],[-121.582472737091,39.832905153862],[-121.582768570176,39.8316248950863],[-121.583213686602,39.8310762418916],[-121.584044559576,39.8303430984151],[-121.584638349727,39.8300935750826],[-121.585083520124,39.8299323313139],[-121.585587897495,39.8295195379947],[-121.585973179629,39.8290377166549],[-121.586892657046,39.8277560421534],[-121.587931220657,39.8259712690295],[-121.588257223412,39.8251013018474],[-121.58882072165,39.8245090201779],[-121.584143888846,39.8147845208154],[-121.585816526981,39.8139265243888],[-121.586754925258,39.8132997677858],[-121.587536260096,39.8128978195517],[-121.588259892915,39.8126547125148],[-121.588952422067,39.8125142410299],[-121.589591936651,39.8125396522263],[-121.590154570209,39.8126525792571],[-121.590821609471,39.8128898828831],[-121.59127079722,39.8131594338432],[-121.591629425647,39.8135075456439],[-121.591953240641,39.8138816756628],[-121.592231416234,39.8144153872869],[-121.592345635459,39.8147678925658],[-121.592388423675,39.8161416735312],[-121.592423339167,39.8183970533659],[-121.592427129925,39.8189317200291],[-121.592515557341,39.81948477171],[-121.5927514467,39.8201412206293],[-121.592941331309,39.8205400943007],[-121.593195440702,39.8209801242746],[-121.593420958371,39.8213002681973],[-121.593747160084,39.8216787521925],[-121.594074001612,39.8220260313868],[-121.594240758179,39.8222053449996],[-121.594697820144,39.8226968175701],[-121.596184860643,39.8242265845066],[-121.596541756497,39.8245898262841],[-121.596904330244,39.8251716093298],[-121.597062229136,39.8256080135235],[-121.597088571941,39.8263027644617],[-121.596676022496,39.8276788328173],[-121.596524636074,39.8281453322433],[-121.596364844497,39.8287338217537],[-121.596081975612,39.8295249925984],[-121.595972929586,39.8300068841923],[-121.596051666088,39.8307568177016],[-121.596325817464,39.831400394534],[-121.596482585155,39.8322530746789],[-121.596624880177,39.8327390868777],[-121.597084502705,39.8340242765507],[-121.597288911943,39.8346124413357],[-121.597310470656,39.8347250490395],[-121.597725467371,39.8375779799097],[-121.597515246928,39.8395056763582],[-121.598058570662,39.8429483734039],[-121.582553561514,39.8425383717171]]]},"properties":{"FID":20,"Zone":"BUT-MA-289","SubZone":"South Firhaven","Community":"Magalia","Status":"No Order or Warning","StructureC":487,"Descriptio":"Rosewood Dr south to Skyway at Dogtown Rd by Magalia dam.  Skyway east to Little Butte Creek and Magalia Reservoir","Shape_Leng":11920.8078558,"points":77,"Zone_Num":"289","GlobalID":"e2890fc2-7511-4537-9309-9c7637023cae","GlobalID_2":"c1c7b46e-ae67-4e2c-81be-82116246f6b0","Shape__Area":32574714.608398438,"Shape__Length":29667.347237463095}},{"type":"Feature","id":21,"geometry":{"type":"Polygon","coordinates":[[[-121.584143888846,39.8147845208153],[-121.58338598825,39.8151250275499],[-121.582839528401,39.8153705350136],[-121.582482603019,39.8155177901126],[-121.582073884485,39.8156340875449],[-121.581653720093,39.8156693797346],[-121.582259951459,39.8151940362997],[-121.582794092285,39.8143942006018],[-121.582971572862,39.8134323341545],[-121.583416423781,39.8130683736979],[-121.584781537502,39.8125850100253],[-121.585048848853,39.8124035737149],[-121.585285763996,39.8115325254493],[-121.584810569895,39.8110987643103],[-121.584751211314,39.8105754777631],[-121.585937453965,39.809589876821],[-121.586472005112,39.809407192682],[-121.587094741314,39.809018357777],[-121.588191395576,39.8072342834209],[-121.588373664429,39.8066857409542],[-121.588744327144,39.8066756346474],[-121.590331598898,39.804708028612],[-121.59184700038,39.8044559218003],[-121.59231315674,39.8039904650116],[-121.592571431585,39.8031430043297],[-121.592275255798,39.802007663919],[-121.590947915193,39.8007495956478],[-121.600542439318,39.7919637471276],[-121.605615756504,39.7906844751678],[-121.60904988681,39.7886274547848],[-121.609614751568,39.7870374652349],[-121.611778089598,39.7868349082023],[-121.612091454061,39.7860257115286],[-121.625563745153,39.7916150944805],[-121.61396313852,39.8150155396552],[-121.612983864543,39.8130275273753],[-121.611694789999,39.8117867871617],[-121.609717298921,39.8112981703243],[-121.607745560345,39.8111602562798],[-121.606411451807,39.8129011196019],[-121.605789302559,39.8145289003289],[-121.605403870707,39.8148486131601],[-121.605018068387,39.8150782231367],[-121.60406923646,39.8154181800737],[-121.603742377058,39.8156935437977],[-121.603505671517,39.816060090227],[-121.594240758179,39.8222053449995],[-121.594074001612,39.8220260313867],[-121.593747160085,39.8216787521925],[-121.593420958372,39.8213002681972],[-121.593195440702,39.8209801242746],[-121.59294133131,39.8205400943006],[-121.5927514467,39.8201412206292],[-121.592515557341,39.81948477171],[-121.592427129926,39.818931720029],[-121.592423339168,39.8183970533658],[-121.592388423675,39.8161416735311],[-121.592345635459,39.8147678925657],[-121.592231416234,39.8144153872869],[-121.591953240641,39.8138816756627],[-121.591629425647,39.8135075456438],[-121.59127079722,39.8131594338431],[-121.590821609471,39.812889882883],[-121.590154570209,39.812652579257],[-121.589591936651,39.8125396522262],[-121.588952422067,39.8125142410298],[-121.588259892915,39.8126547125147],[-121.587536260097,39.8128978195516],[-121.586754925258,39.8132997677858],[-121.585816526981,39.8139265243887],[-121.584143888846,39.8147845208153]]]},"properties":{"FID":21,"Zone":"BUT-MA-291","SubZone":"South Pines","Community":"Magalia","Status":"No Order or Warning","StructureC":1472,"Descriptio":"Skyway at Loyola Ct, south to Little Butte Creek.  Middle Butte Creek east to Little Butte Creek. ","Shape_Leng":18751.6137596,"points":153,"Zone_Num":"291","GlobalID":"cd2c87a2-cad7-410b-b2ad-6879f5263f7e","GlobalID_2":"13c382eb-10e8-4ed5-afef-57478380ae4e","Shape__Area":76361151.93261719,"Shape__Length":43680.609856750074}},{"type":"Feature","id":23,"geometry":{"type":"Polygon","coordinates":[[[-121.619532772873,39.7043082239426],[-121.615719719591,39.6951157304064],[-121.600532151239,39.6925252552833],[-121.603421033371,39.6854968389463],[-121.608702624592,39.6724517086385],[-121.588032910319,39.6525181713499],[-121.588027397651,39.6525185753687],[-121.588032909843,39.6524520885154],[-121.592238613696,39.6531129209171],[-121.594126888905,39.6530468385005],[-121.600907513164,39.650535638209],[-121.604941555653,39.6486191344124],[-121.605971524123,39.6479582596116],[-121.608288951778,39.6473634664708],[-121.6125804873,39.6470991119663],[-121.618502804591,39.6471652010243],[-121.622794339459,39.6474295544801],[-121.634896466623,39.6473634662325],[-121.637299724963,39.6466364901724],[-121.638587185651,39.6457112355759],[-121.640217968829,39.6436624150272],[-121.641848751552,39.6422744700266],[-121.64390868882,39.6420761891475],[-121.646140285748,39.6421422829086],[-121.647256085608,39.6421422823653],[-121.660353736392,39.6406456683946],[-121.660352921307,39.6407402926353],[-121.660319273126,39.6446494095569],[-121.660290384784,39.6569746430249],[-121.65992083394,39.6610879371007],[-121.661602658029,39.6638040713649],[-121.661958498902,39.6658831858193],[-121.660901640176,39.6669096735036],[-121.660091008953,39.6685877754631],[-121.660145042185,39.6709686829889],[-121.659443892913,39.6740742902635],[-121.659057201004,39.6743063455557],[-121.660585876473,39.6774737828862],[-121.660452216293,39.6777079280751],[-121.660338748397,39.6774652143564],[-121.657290195379,39.6798284820452],[-121.654655382166,39.6841152439876],[-121.652504466289,39.6872879765374],[-121.650601305293,39.6891355251073],[-121.648529775776,39.6917355279092],[-121.647736700385,39.6935324135508],[-121.647695177137,39.6978556979192],[-121.647791068286,39.7005856776097],[-121.6329032524,39.698046531473],[-121.619532772873,39.7043082239426]]]},"properties":{"FID":23,"Zone":"BUT-BV-466","SubZone":"Hidden","Community":"Butte Valley","Status":"No Order or Warning","StructureC":372,"Descriptio":"South of Out of the Way Rd and Clark Rd, south to Durham Pentz Rd. From Williams Rd, east to just west of Dry Creek. This will include all of the roads off of Old Stage Rd, and Circle J Rd.","Shape_Leng":31252.3740456,"points":50,"Zone_Num":"466","GlobalID":"dd0c8109-bc4c-448b-b902-b5879b788a3d","GlobalID_2":"b65a9bf1-36b0-4594-8fb6-89bc1f336801","Shape__Area":301493398.6767578,"Shape__Length":78865.9202386372}},{"type":"Feature","id":25,"geometry":{"type":"Polygon","coordinates":[[[-121.550864696989,39.6811392815741],[-121.538244985936,39.6815087676255],[-121.530997772621,39.6742078559853],[-121.528359946085,39.6729203360202],[-121.526706237021,39.6718956208946],[-121.52610542206,39.6707064414521],[-121.526534575983,39.6693190384301],[-121.529672057993,39.6671807217154],[-121.529708724845,39.6669690365881],[-121.52987775624,39.6670340937625],[-121.530070874824,39.6677773730064],[-121.530929181687,39.6681737859718],[-121.531272505075,39.6679920966212],[-121.531422708062,39.6679590625988],[-121.53159436956,39.6679590628795],[-121.532044981098,39.6681242347652],[-121.532345388151,39.6684545758923],[-121.532409761761,39.6686197471551],[-121.532433349578,39.6686606018426],[-121.532495591538,39.6687683999228],[-121.532602880309,39.6689335696323],[-121.533023214993,39.668901214262],[-121.533246610262,39.6688840184725],[-121.533482644979,39.6689005356704],[-121.533911798422,39.6691152561922],[-121.534212205415,39.6691152557676],[-121.534512613066,39.6690161544883],[-121.534963224644,39.6690161548711],[-121.535134885874,39.6691482891243],[-121.535370919727,39.6695116608927],[-121.535564038971,39.6697759292207],[-121.535542582143,39.6699576128779],[-121.53554861767,39.6699901362446],[-121.535564039113,39.6700732302844],[-121.53567132787,39.6701888461596],[-121.53579045697,39.6701304936307],[-121.535811662494,39.6701428009154],[-121.536518954743,39.6700731851515],[-121.536894415383,39.669726378491],[-121.537108991739,39.6695942447711],[-121.53730210992,39.6695281781992],[-121.537731263922,39.6696107608824],[-121.538396452758,39.6699410965502],[-121.538675402023,39.6700567132595],[-121.538932894156,39.6701062634522],[-121.540692423034,39.670700861482],[-121.540928457111,39.6709320917514],[-121.541035745376,39.6712128716941],[-121.541443442059,39.6712789369895],[-121.542838189763,39.6723855267419],[-121.543310258394,39.6726002361191],[-121.543417546829,39.6727819128675],[-121.543996904673,39.673079200669],[-121.544898126765,39.6738224146437],[-121.545391653542,39.6740536356147],[-121.547022435396,39.6751271494148],[-121.548781965422,39.6754244279365],[-121.549060914949,39.6754904886606],[-121.549511525925,39.6753583655375],[-121.550155256682,39.6753748807488],[-121.551228139488,39.675655642928],[-121.551614377731,39.6757547342771],[-121.551979158314,39.6759364025975],[-121.552043530943,39.676118070686],[-121.552000616711,39.6764153442531],[-121.551914784543,39.6766961018688],[-121.551864907051,39.6767210542413],[-121.551876644147,39.6767284667739],[-121.552274355763,39.6787981228174],[-121.551720518276,39.6792045496441],[-121.55157031417,39.6794357529442],[-121.551398652376,39.6801954120922],[-121.55145542136,39.6804575556815],[-121.551383749825,39.6805352341716],[-121.551386014569,39.6805385457098],[-121.551375285995,39.6808192863621],[-121.551192895939,39.6809348846165],[-121.550974433601,39.6810724464637],[-121.550964142749,39.6810731970958],[-121.550967591002,39.6810917684641],[-121.550864696989,39.6811392815741]]]},"properties":{"FID":25,"Zone":"BUT-CON-513","SubZone":"Truex","Community":"Concow","Status":"No Order or Warning","StructureC":18,"Descriptio":"Hwy 70 at the bridge over Lake Oroville near Lime Saddle Marina north, to just north of Explorer Trail, everything west of Hwy 70 (includes Trevor Rd, Deer Ridge Ln, and Wild Turkey Ln)","Shape_Leng":8198.94735893,"points":81,"Zone_Num":"513","GlobalID":"3373af43-37d5-479b-b4c4-f0fb4e0a027d","GlobalID_2":"71d0072c-76fe-48ad-815c-e2bc6cc167fd","Shape__Area":19825252.311523438,"Shape__Length":20697.428010549833}},{"type":"Feature","id":26,"geometry":{"type":"Polygon","coordinates":[[[-121.572068402391,39.6689710062986],[-121.569048035455,39.6657326582203],[-121.569121173872,39.6657396221491],[-121.569105921154,39.6656187257309],[-121.568899780519,39.6639848873091],[-121.567188486146,39.6605596770043],[-121.566038370089,39.6588995249025],[-121.565819449545,39.6585835168242],[-121.564564500259,39.6583200246332],[-121.563879983947,39.6573538777728],[-121.564228940756,39.656202498664],[-121.565802761395,39.6554257848401],[-121.567090222323,39.6552275427095],[-121.56837768313,39.655293623249],[-121.573184200881,39.6569456248009],[-121.574557491907,39.6571438623963],[-121.580651471229,39.6556240272878],[-121.582883068931,39.6550953800252],[-121.584170529411,39.6540380763827],[-121.586230465731,39.6526503390628],[-121.588027397651,39.6525185753687],[-121.588032910319,39.6525181713499],[-121.608702624592,39.6724517086385],[-121.603421033371,39.6854968389463],[-121.591294476025,39.6918927205777],[-121.591294475991,39.6985630292366],[-121.590521999535,39.7055628578589],[-121.583341898953,39.7110865579079],[-121.581255780259,39.6958824465795],[-121.581256247053,39.694545540511],[-121.576016613964,39.6787483454501],[-121.572068402391,39.6689710062986]]]},"properties":{"FID":26,"Zone":"BUT-BV-465","SubZone":"Messilla Valley","Community":"Butte Valley","Status":"No Order or Warning","StructureC":61,"Descriptio":"North end of Dry Creek Rd south to Durham Pentz Rd.  East of, but not including Clear Creek Cemetery Rd, east to west of Pentz Rd. This includes all residences on Mesilla Valley Rd and Dry Creek Rd.","Shape_Leng":21755.0571044,"points":32,"Zone_Num":"465","GlobalID":"278ef4e3-b35c-4925-9ce2-a9ed876af172","GlobalID_2":"5ac53065-0820-491d-b644-d9f7784ebc0f","Shape__Area":122321979.83007812,"Shape__Length":54853.0411397256}},{"type":"Feature","id":29,"geometry":{"type":"Polygon","coordinates":[[[-121.554080862553,39.6726810154375],[-121.55345858868,39.6725488869008],[-121.552621740566,39.6726314674666],[-121.551331916776,39.6727635958245],[-121.550988594443,39.6728626922521],[-121.550982945247,39.6728974723677],[-121.550249852265,39.6729067323804],[-121.550034803833,39.6728980095961],[-121.549207607368,39.673093915914],[-121.54888574195,39.6731269474204],[-121.548520961834,39.6731104317953],[-121.548349300483,39.6730113356822],[-121.548155816071,39.6728217951861],[-121.547967911981,39.6726377197061],[-121.547903766946,39.6723679693932],[-121.547794911913,39.6723194618572],[-121.547666165622,39.6720221713779],[-121.547473046991,39.6718735252017],[-121.547215554547,39.671807459419],[-121.546679112708,39.6718074598444],[-121.546421621342,39.6716753296037],[-121.545820806538,39.6712459047136],[-121.54567060199,39.6710642237012],[-121.545563314555,39.6707504108204],[-121.545606228918,39.6705356955132],[-121.545541856451,39.6703209799248],[-121.545348737973,39.6701888465013],[-121.545262906913,39.6701558133526],[-121.545026872161,39.6700401964199],[-121.544619176529,39.6697594127173],[-121.544576261242,39.6693960431208],[-121.543953989732,39.6692969417444],[-121.543675039641,39.669164806761],[-121.543417546518,39.6691152561229],[-121.542409036717,39.6683719910256],[-121.541979883078,39.6682728882759],[-121.541679475308,39.6678929939461],[-121.540992830331,39.6678929943662],[-121.540885542213,39.6677773733684],[-121.54022035363,39.6675626490792],[-121.540070149867,39.6672488204962],[-121.539791200658,39.6671827507055],[-121.539126012856,39.667215785793],[-121.538825604938,39.666901954918],[-121.538417909952,39.6668854376207],[-121.538117501562,39.6668965041087],[-121.5378170947,39.6667148125504],[-121.537495229578,39.666549637768],[-121.537087534058,39.6663514265015],[-121.535113428138,39.6663018748883],[-121.533976171102,39.6656907204037],[-121.53339681418,39.6654759901977],[-121.533032034504,39.6651456344426],[-121.533160780256,39.6649969728969],[-121.533572747516,39.6648056710884],[-121.533599373259,39.664793307208],[-121.533685203976,39.664826342673],[-121.533813949643,39.6647602714461],[-121.533767415687,39.6646528064061],[-121.533947867565,39.6645376565271],[-121.533722709279,39.6638366507432],[-121.533477921636,39.6636406749488],[-121.533370634506,39.6633598655887],[-121.533134599722,39.6629634254364],[-121.532962938501,39.6627156486487],[-121.532941480564,39.6625669831881],[-121.532962938204,39.6624017988292],[-121.533156057619,39.6620549084472],[-121.532998579489,39.6611578051337],[-121.53270859583,39.6606235272765],[-121.533849277495,39.659835278142],[-121.535718657755,39.657746184064],[-121.535710098491,39.6573384191193],[-121.537932140267,39.6570034044658],[-121.540672474037,39.6552543329721],[-121.543257719399,39.65493608984],[-121.548255149063,39.6548731980653],[-121.553125140892,39.6532740516183],[-121.559203141309,39.6505947523025],[-121.55937245643,39.6507762656081],[-121.559838621786,39.6512760115853],[-121.564228940756,39.656202498664],[-121.563879983947,39.6573538777728],[-121.564564500259,39.6583200246332],[-121.565819449545,39.6585835168242],[-121.566038370089,39.6588995249025],[-121.567188486146,39.6605596770043],[-121.568899780519,39.6639848873091],[-121.569105921154,39.6656187257309],[-121.569121173872,39.6657396221491],[-121.569048036621,39.6657326582246],[-121.561888663159,39.6650510448282],[-121.559630425115,39.6731748480186],[-121.559616941088,39.673193011699],[-121.559144871893,39.6734572660829],[-121.559140948261,39.6734651190826],[-121.558852962893,39.6735024526322],[-121.558458226354,39.6737050038052],[-121.557943242212,39.6737215192599],[-121.556569951797,39.6736389401358],[-121.556097882966,39.6735893926618],[-121.555831739442,39.6734562408438],[-121.555305674809,39.6733322253069],[-121.555153744525,39.6731930114462],[-121.554703133972,39.6729122396038],[-121.554080862553,39.6726810154375]]]},"properties":{"FID":29,"Zone":"BUT-BV-467","SubZone":"James W P Rd","Community":"Butte Valley","Status":"No Order or Warning","StructureC":17,"Descriptio":"East of Pentz Rd, south of and not including Miocene Cir. West of Lake Oroville West Branch, and north of Hwy 70. ","Shape_Leng":12413.7774541,"points":106,"Zone_Num":"467","GlobalID":"8eb51190-e498-4116-802b-4df03314656c","GlobalID_2":"c1185893-6e52-48ad-bae1-719b2cd99623","Shape__Area":51158588.70800781,"Shape__Length":31315.78447498205}},{"type":"Feature","id":30,"geometry":{"type":"Polygon","coordinates":[[[-121.57994280798,39.7268520516319],[-121.579713332334,39.7268405807818],[-121.579526880861,39.7257441005541],[-121.583565334587,39.7127148097442],[-121.583341898953,39.7110865579079],[-121.590521999535,39.7055628578589],[-121.591294475991,39.6985630292366],[-121.591294476025,39.6918927205777],[-121.603421033371,39.6854968389463],[-121.600532151239,39.6925252552833],[-121.599660498562,39.6946439624374],[-121.598667581303,39.7062588780544],[-121.598480318762,39.7084491034131],[-121.607644042878,39.7266838664707],[-121.605402067886,39.7267306311683],[-121.60519409657,39.7267349667517],[-121.605180963183,39.7267352406376],[-121.60417848598,39.7267561145396],[-121.603357110962,39.7267732121374],[-121.602975023278,39.7267811630898],[-121.602540203568,39.7267784713962],[-121.60232369538,39.7267771266426],[-121.601852083807,39.7267742017993],[-121.600851401329,39.7267679885576],[-121.600656258255,39.7267667726401],[-121.600656224428,39.7267667725253],[-121.599494221456,39.7267595273815],[-121.599103606321,39.7267571166221],[-121.59840154143,39.7267527424178],[-121.593759024226,39.7269531399185],[-121.593698405015,39.7269557543283],[-121.590953889399,39.7269439011817],[-121.590784300013,39.7269431684242],[-121.584426491544,39.7269155356977],[-121.584381658953,39.7269153539644],[-121.58432695737,39.7269151148405],[-121.584227455938,39.7269146805045],[-121.580903733463,39.726900081503],[-121.580270956802,39.7268684540027],[-121.57994280798,39.7268520516319]]]},"properties":{"FID":30,"Zone":"BUT-BV-464","SubZone":"Morgan Ridge","Community":"Butte Valley","Status":"No Order or Warning","StructureC":2,"Descriptio":"South of Circle Ln, south along Morgan Ridge Rd.  West of Morgan Ridge Rd east to west of Pentz Rd.","Shape_Leng":16438.1040622,"points":40,"Zone_Num":"464","GlobalID":"17606fdd-da58-4bbc-82a0-acf9bd1d9941","GlobalID_2":"d0f1de14-a568-48a0-a838-82b9e341c50b","Shape__Area":57303150.173828125,"Shape__Length":41371.0685553106}},{"type":"Feature","id":32,"geometry":{"type":"Polygon","coordinates":[[[-121.577488360418,39.8553564584928],[-121.575406685751,39.8552053131864],[-121.572185210718,39.855744221391],[-121.569428496446,39.8564193459653],[-121.567733000951,39.8570453593473],[-121.567444685063,39.8572539259487],[-121.552697557214,39.8567693329939],[-121.537407873368,39.8567720653697],[-121.547032470949,39.8453770910094],[-121.559320728328,39.8400309724199],[-121.571371408138,39.8208649868348],[-121.569450371851,39.8065918657737],[-121.569529220834,39.806326126952],[-121.569529455774,39.8063144930107],[-121.569548110898,39.8053924720532],[-121.569558836183,39.8048624178806],[-121.569648037629,39.8045391694531],[-121.570864271828,39.8032387540463],[-121.570916031009,39.8027744650752],[-121.570887656885,39.8026224219303],[-121.570596851707,39.8010641195903],[-121.570400758869,39.8005925798516],[-121.579556102248,39.8005398214584],[-121.579542463125,39.80067581227],[-121.579521091681,39.8008888698858],[-121.579526978058,39.8009297325462],[-121.57898297758,39.801452646382],[-121.57881033627,39.8018855185233],[-121.578706107845,39.8025297098252],[-121.578601009108,39.8032159850063],[-121.578406703325,39.8038169737065],[-121.577880384877,39.8046384007207],[-121.577633528443,39.8051405208293],[-121.577509070713,39.8058826842368],[-121.5773127889,39.8071782177252],[-121.577153398921,39.8075423241906],[-121.576881031278,39.8078611167065],[-121.576779787299,39.808167365511],[-121.576774954803,39.8084015876184],[-121.576864120443,39.8086808887027],[-121.577064755536,39.8090787002644],[-121.577267207285,39.8093886779489],[-121.577351088441,39.8098366179507],[-121.577377852494,39.810197472222],[-121.577423969364,39.8107256383002],[-121.577528168568,39.8112017560001],[-121.577645763707,39.811581310963],[-121.577773307385,39.8120313359674],[-121.577950074792,39.8123060968809],[-121.578232595366,39.812579979629],[-121.57843787087,39.8127274916271],[-121.578812061788,39.8129963860251],[-121.579170635195,39.8134051026567],[-121.579306033797,39.8138312978323],[-121.579543943342,39.8143939477651],[-121.579718480464,39.8148067206523],[-121.579986174127,39.8151738879019],[-121.58038740702,39.8154213943623],[-121.581195284626,39.8156536605379],[-121.581653720093,39.8156693797347],[-121.582073884485,39.815634087545],[-121.582482603019,39.8155177901127],[-121.582839528401,39.8153705350137],[-121.58338598825,39.81512502755],[-121.584143888846,39.8147845208154],[-121.58882072165,39.8245090201779],[-121.588257223412,39.8251013018474],[-121.587931220657,39.8259712690295],[-121.586892657046,39.8277560421534],[-121.585973179629,39.8290377166549],[-121.585587897495,39.8295195379947],[-121.585083520124,39.8299323313139],[-121.584638349727,39.8300935750826],[-121.584044559576,39.8303430984151],[-121.583213686602,39.8310762418916],[-121.582768570176,39.8316248950863],[-121.582472737091,39.832905153862],[-121.58181940242,39.8334557610724],[-121.580810469468,39.8347813454749],[-121.580840371931,39.8351736320903],[-121.581939219752,39.8362231916621],[-121.582087381685,39.836477274651],[-121.582117448587,39.8372524734263],[-121.582592583392,39.8378033683562],[-121.582740554008,39.8381024967613],[-121.582533077195,39.8389919150264],[-121.582651763166,39.8395429559669],[-121.583513203317,39.8398868439295],[-121.583958320245,39.8401580684693],[-121.583958519334,39.8407527071695],[-121.583720889619,39.8411191994758],[-121.582830921966,39.8418065684566],[-121.582652562974,39.8420611622228],[-121.582592126051,39.8423524848725],[-121.582553561514,39.8425383717171],[-121.582534172719,39.8426318267732],[-121.582000263447,39.8434091348581],[-121.581257921339,39.8439135998157],[-121.581080094891,39.8444610109396],[-121.581050717973,39.8449651911647],[-121.581465882719,39.845627977876],[-121.581614467114,39.8460397352807],[-121.581555009271,39.8464084029147],[-121.581229311876,39.8468639078982],[-121.580071195354,39.8473002058219],[-121.578557200584,39.8482366677196],[-121.577310568484,39.8484646312459],[-121.576865759577,39.8487429730836],[-121.576480030095,39.8494499970617],[-121.57648013154,39.8512834577726],[-121.576308589745,39.8516221853435],[-121.576925791252,39.8519196055426],[-121.577816321495,39.8514620363889],[-121.578231676036,39.8513725321409],[-121.579270553343,39.8516915997414],[-121.579805454863,39.8522882866886],[-121.579805083877,39.8528378701295],[-121.580042787874,39.8534984860457],[-121.580251007521,39.8538884506749],[-121.580221172993,39.8540953070744],[-121.579805869241,39.8547839591412],[-121.579835490102,39.8549419905719],[-121.580251247292,39.8553299941679],[-121.580607304556,39.8554244520339],[-121.580815420058,39.8556071931114],[-121.580874905032,39.8560178601764],[-121.581082870708,39.8563852959053],[-121.582359285853,39.8574145004935],[-121.582864409188,39.8576864626483],[-121.58366630091,39.8579170025998],[-121.584438249224,39.8584670123464],[-121.585231975133,39.8592334016036],[-121.580887554601,39.8587006238061],[-121.579316840853,39.8566130172952],[-121.577488360418,39.8553564584928]]]},"properties":{"FID":32,"Zone":"BUT-MA-288","SubZone":"South Coutolenc","Community":"Magalia","Status":"No Order or Warning","StructureC":98,"Descriptio":"Intersection of Doon Grade Rd/Coutolenc Rd, south to intersection of Skyway and Pentz Rd.  Little Butte Creek east to West Branch Feather River. ","Shape_Leng":28421.6335659,"points":230,"Zone_Num":"288","GlobalID":"f58ad840-37a3-4356-a3bb-ab68237cf4f5","GlobalID_2":"1d7baed3-3387-4ace-b3e4-213605b69efc","Shape__Area":117619038.11914062,"Shape__Length":68354.03441485408}},{"type":"Feature","id":90,"geometry":{"type":"Polygon","coordinates":[[[-121.436214334539,39.8039919117469],[-121.446256526217,39.798881489986],[-121.448032880796,39.7990219808183],[-121.448057800633,39.7990239520558],[-121.448296694752,39.7986829703728],[-121.448370179859,39.7985253910287],[-121.448565286936,39.7981070086612],[-121.449272093521,39.7965913250109],[-121.450732056,39.7951794810976],[-121.451849145963,39.7947759321422],[-121.452049501666,39.7947133521435],[-121.452226656856,39.7946424326512],[-121.452363785221,39.7945814414232],[-121.452907837749,39.7942498958628],[-121.453766711045,39.7945290892149],[-121.451635365947,39.8014430865446],[-121.458807116472,39.8039129623491],[-121.45649940209,39.8095112963437],[-121.432750341405,39.8077682658404],[-121.431321986055,39.8053436372613],[-121.436214334539,39.8039919117469]]]},"properties":{"FID":90,"Zone":"BUT-CON-502","SubZone":"Pulga","Community":"Concow","Status":"No Order or Warning","StructureC":28,"Descriptio":"South of Camp Creek Rd/ Douglas Fir Spur B south to Hwy 70.  East of Batchelor Point Rd. East to Hwy 70. ","Shape_Leng":8939.75876491,"points":21,"Zone_Num":"502","GlobalID":"486c51a8-8e80-4118-9c71-bcc0398aa0b5","GlobalID_2":"8fc808a3-f656-46ca-801e-502d53d16ee3","Shape__Area":20055691.235351562,"Shape__Length":22530.413327328115}},{"type":"Feature","id":91,"geometry":{"type":"Polygon","coordinates":[[[-121.5773127889,39.8071782177252],[-121.577509070713,39.8058826842368],[-121.577633528443,39.8051405208293],[-121.577880384877,39.8046384007207],[-121.578406703325,39.8038169737065],[-121.578601009108,39.8032159850063],[-121.578706107845,39.8025297098252],[-121.57881033627,39.8018855185233],[-121.57898297758,39.801452646382],[-121.579526978058,39.8009297325462],[-121.579541217375,39.8010285225998],[-121.579520280649,39.8015502322072],[-121.579519319688,39.8015741667032],[-121.579529498138,39.8016799224085],[-121.57953245599,39.8017106655195],[-121.579634626751,39.8016088647494],[-121.579868971404,39.8014067821721],[-121.580053884176,39.8012754549666],[-121.580717753354,39.8008039622013],[-121.581094873352,39.8005571257289],[-121.58141510415,39.8009099942162],[-121.581547510992,39.8010563113718],[-121.581554990878,39.8010645763388],[-121.581654104019,39.8010074243221],[-121.581685374747,39.8009893932172],[-121.581714261014,39.8009727379638],[-121.581931089838,39.8008477095957],[-121.581951884177,39.800835718045],[-121.581974237863,39.8008725923109],[-121.582576983418,39.8006493698367],[-121.582949754823,39.8005284928498],[-121.583116620941,39.8004743813855],[-121.583282764938,39.800420506708],[-121.583383859577,39.800387724186],[-121.583733633361,39.8002743001747],[-121.583903706181,39.800219149647],[-121.584168183046,39.8001333833815],[-121.583837653872,39.7996467467313],[-121.583827307736,39.799631518628],[-121.583810501411,39.7996067719664],[-121.58373641289,39.7995681246773],[-121.58404457789,39.7993235362082],[-121.584065990646,39.7993104971859],[-121.584091582238,39.7993031975544],[-121.584118843776,39.7993023579955],[-121.584145106709,39.7993080573544],[-121.584174519357,39.7993250811087],[-121.584206873597,39.7993456053235],[-121.584351716029,39.7994729024689],[-121.58450786261,39.799610131324],[-121.584783045644,39.7996123750123],[-121.5862811525,39.7996110325429],[-121.58632791634,39.7996109904952],[-121.586208494481,39.7997274110886],[-121.587120599153,39.8022280150212],[-121.586743284893,39.803341943872],[-121.586238645011,39.8040407800536],[-121.585976671347,39.8044545046537],[-121.585732135959,39.8050541647593],[-121.585625650379,39.8052968582811],[-121.585805733921,39.8061935046944],[-121.586574973841,39.8067347669317],[-121.588373664429,39.8066857409542],[-121.588191395576,39.807234283421],[-121.587094741313,39.8090183577771],[-121.586472005112,39.8094071926821],[-121.585937453965,39.8095898768211],[-121.584751211314,39.8105754777632],[-121.584810569895,39.8110987643104],[-121.585285763995,39.8115325254494],[-121.585048848853,39.812403573715],[-121.584781537502,39.8125850100253],[-121.583416423781,39.813068373698],[-121.582971572862,39.8134323341546],[-121.582794092285,39.8143942006019],[-121.582259951459,39.8151940362998],[-121.581653720093,39.8156693797347],[-121.581195284626,39.8156536605379],[-121.58038740702,39.8154213943623],[-121.579986174127,39.8151738879019],[-121.579718480464,39.8148067206523],[-121.579543943342,39.8143939477651],[-121.579306033797,39.8138312978323],[-121.579170635195,39.8134051026567],[-121.578812061788,39.8129963860251],[-121.57843787087,39.8127274916271],[-121.578232595366,39.812579979629],[-121.577950074792,39.8123060968809],[-121.577773307385,39.8120313359674],[-121.577645763707,39.811581310963],[-121.577528168568,39.8112017560001],[-121.577423969364,39.8107256383002],[-121.577377852494,39.810197472222],[-121.577351088441,39.8098366179507],[-121.577267207285,39.8093886779489],[-121.577064755536,39.8090787002644],[-121.576864120443,39.8086808887027],[-121.576774954803,39.8084015876184],[-121.576779787299,39.808167365511],[-121.576881031278,39.8078611167065],[-121.577153398921,39.8075423241906],[-121.5773127889,39.8071782177252]]]},"properties":{"FID":91,"Zone":"BUT-MA-292","SubZone":"Old Magalia","Community":"Magalia","Status":"No Order or Warning","StructureC":362,"Descriptio":"Skyway south of Magalia Reservoir, south to Skyway/Indian Dr Intersection.  Little Butte Creek, east to Skyway.  ","Shape_Leng":6582.1054626,"points":102,"Zone_Num":"292","GlobalID":"6de379f2-af0c-409a-b6a3-af4a59424238","GlobalID_2":"0e83ac91-6fd0-4111-ad3b-6cac324b9cab","Shape__Area":11686703.555664062,"Shape__Length":16575.77925842786}},{"type":"Feature","id":92,"geometry":{"type":"Polygon","coordinates":[[[-121.611998161982,39.82301053987],[-121.61396313852,39.8150155396552],[-121.625563745153,39.7916150944805],[-121.612091454061,39.7860257115286],[-121.613358082722,39.7827814305238],[-121.638572742097,39.7826966295683],[-121.640194289327,39.7812112768808],[-121.648276950608,39.7782931087122],[-121.647153344342,39.7800740978487],[-121.64543672979,39.7818550326036],[-121.642947639681,39.7867358771676],[-121.641831840591,39.788912359314],[-121.639857734348,39.7905611629893],[-121.639297246789,39.7944175368989],[-121.633901082802,39.8015741570827],[-121.631669484823,39.8060579848239],[-121.633386099477,39.808827261961],[-121.647363832557,39.8122033978783],[-121.647754159115,39.8172003491283],[-121.648046977412,39.818099989152],[-121.648220616506,39.8186334630023],[-121.648008705,39.8189004724682],[-121.647975961086,39.8189220291819],[-121.647904657028,39.8193053946241],[-121.647762048085,39.8202911795076],[-121.647589002018,39.8206875890683],[-121.647302022685,39.8209273006215],[-121.646876274067,39.8212829228154],[-121.646651948132,39.8217225807647],[-121.646608941549,39.821806870388],[-121.646675967503,39.8223635430513],[-121.64676379606,39.8227008185262],[-121.646767805968,39.8227269973198],[-121.646906401932,39.8236317923404],[-121.646906403744,39.8241794182956],[-121.647262924159,39.8246175156474],[-121.647191619615,39.8252746566281],[-121.646977707538,39.825493702213],[-121.646977708091,39.825931790949],[-121.646977707484,39.8263698778035],[-121.647294891829,39.8267657196674],[-121.647493199846,39.827461482568],[-121.647525493793,39.8275747824514],[-121.647514760622,39.8279241098199],[-121.647505744089,39.8282175593598],[-121.647496835005,39.8285075146469],[-121.64748689037,39.8285609729713],[-121.647481604069,39.8285893935234],[-121.647287283897,39.8289955377864],[-121.647109421946,39.8292541623618],[-121.646835099858,39.829491162068],[-121.646446635702,39.8302095849114],[-121.646007267202,39.8350801667834],[-121.646125247495,39.836176224455],[-121.64656955408,39.8376905392856],[-121.645626393151,39.8391079271291],[-121.645355585743,39.8394015480482],[-121.644928814812,39.8396473154334],[-121.643740415369,39.8409248042153],[-121.64374041535,39.8412085405066],[-121.643698511432,39.8413376193104],[-121.643568905499,39.8417368521851],[-121.643629636998,39.8424203091764],[-121.6435664607,39.8428568773479],[-121.64351153877,39.8432364034324],[-121.643502737458,39.8432972210799],[-121.642438755785,39.8443003913859],[-121.641776963295,39.8445815571866],[-121.641472982949,39.8447107048491],[-121.641401461032,39.8447410904685],[-121.641306033719,39.8448273191941],[-121.641013729627,39.8450314946075],[-121.640847781625,39.8451981946135],[-121.640419736951,39.8456281771438],[-121.640033833163,39.845785823471],[-121.639728195235,39.8458360016856],[-121.63941114505,39.8458731991834],[-121.638434013036,39.8459878411432],[-121.638285380252,39.8460345242603],[-121.638036102648,39.8460345229441],[-121.637640217282,39.8462371551035],[-121.637520385477,39.8462984901574],[-121.637458925407,39.8463299481624],[-121.637323061919,39.8463994881571],[-121.63696654477,39.8472206539079],[-121.637123367594,39.8474614584095],[-121.637145645623,39.8476366696795],[-121.637167063716,39.8478051252285],[-121.637368615344,39.8485694999923],[-121.637180269187,39.8479089853453],[-121.637389014835,39.8486468644133],[-121.637329496794,39.8490335814897],[-121.637291401082,39.8490757298805],[-121.6363786768,39.8500855386826],[-121.635854363851,39.8505208522812],[-121.635540464879,39.8506876864163],[-121.635304909705,39.8509770302698],[-121.635222743595,39.8510779583501],[-121.63515936097,39.8511558140852],[-121.634946266366,39.8514175651156],[-121.635196138089,39.8520569923291],[-121.635302786362,39.8523299037632],[-121.635302787095,39.8526145602105],[-121.635306911929,39.852636127233],[-121.635306913075,39.8534391387238],[-121.635251118677,39.8535238538118],[-121.635110921771,39.8537929211763],[-121.634652839264,39.8540617513369],[-121.634254228688,39.8542956768387],[-121.633282507162,39.8545194655385],[-121.633282507413,39.8553405335188],[-121.634134294874,39.85643033917],[-121.634352066527,39.8568180424326],[-121.634352067509,39.8576212255104],[-121.634352066519,39.8577857155874],[-121.634147950562,39.8580061014738],[-121.633805405301,39.8581229676421],[-121.633699018867,39.8587490549933],[-121.633698447328,39.8587524207257],[-121.633675244515,39.8593580235438],[-121.633662797045,39.8596829064994],[-121.633659861836,39.8597257148796],[-121.633639464307,39.8597882219229],[-121.633583850948,39.8602008554859],[-121.633550356128,39.8604493812204],[-121.632243659963,39.8604249551733],[-121.632303100788,39.8606328793343],[-121.633074256203,39.8613177023354],[-121.634320389925,39.8620756922766],[-121.634506354193,39.8622526326525],[-121.634943607846,39.8626686636131],[-121.634974669588,39.8634068433763],[-121.634972384354,39.8639078301906],[-121.63482358032,39.8644106175888],[-121.633307237638,39.8671767256799],[-121.632653252467,39.8675429111117],[-121.632331792275,39.8681205547944],[-121.632331791941,39.8689767828271],[-121.632378493427,39.8690813522421],[-121.632432642872,39.8692025994847],[-121.63290222385,39.8701636786497],[-121.63309236742,39.8708203836349],[-121.632798138625,39.8710085661979],[-121.632738864111,39.8713640108156],[-121.63273873204,39.8721433434168],[-121.612521382357,39.8710485039407],[-121.61288491064,39.8706197545218],[-121.613050470795,39.8703958393091],[-121.613223387149,39.8701239879586],[-121.613364799217,39.8697364610321],[-121.613366257731,39.8694723024625],[-121.613357277685,39.8691585788932],[-121.613294548507,39.868877699258],[-121.6132959161,39.86863004995],[-121.613382713604,39.8684322123722],[-121.613533695445,39.8682510947181],[-121.613652675244,39.8680451061908],[-121.613815689914,39.8676246298614],[-121.613860384078,39.867290443644],[-121.613778233251,39.8666462752168],[-121.613688820383,39.8662158240486],[-121.613484340439,39.8655473810123],[-121.613125544766,39.8645638449194],[-121.612861708719,39.8638447830808],[-121.61255548573,39.8630430300083],[-121.612241393758,39.8617294303922],[-121.612127897987,39.8607043882],[-121.612023353756,39.860239692828],[-121.611818681388,39.8597220412403],[-121.611628345475,39.8592756359633],[-121.611427943911,39.8587136263685],[-121.611355620848,39.8582345889265],[-121.611282152193,39.8579619268194],[-121.611028200227,39.8573997396771],[-121.610806613269,39.8567963820849],[-121.610607233919,39.8560527595107],[-121.610578496843,39.855441783417],[-121.61049694215,39.8546985493011],[-121.610521531479,39.8541290247319],[-121.61048428872,39.8531217714084],[-121.610507913609,39.8527256016628],[-121.610434225636,39.8524942134228],[-121.61024299948,39.8522129055334],[-121.610158650645,39.8519732264922],[-121.610160350604,39.851667791023],[-121.610140674399,39.8513540295001],[-121.610228653754,39.8509415616197],[-121.610360208146,39.8503971548897],[-121.610362504147,39.8499844035643],[-121.610215685484,39.8494225667249],[-121.610174317285,39.8491582634666],[-121.610218349796,39.8489437745985],[-121.610337352467,39.8487295334964],[-121.610520016717,39.8486228193716],[-121.610787626739,39.8486484691424],[-121.610947769627,39.8487398046907],[-121.611268605235,39.8488234146011],[-121.611643496673,39.8488163947145],[-121.612146859717,39.8488180516769],[-121.612414926688,39.8487611467091],[-121.612629808139,39.8486380254445],[-121.612791370354,39.8484734528606],[-121.612941579701,39.8484244149118],[-121.613112890861,39.8484332325347],[-121.613305120816,39.8485329246132],[-121.61348641468,39.8486738572428],[-121.613635942139,39.848748644539],[-121.613742948258,39.848765504939],[-121.613839657438,39.8487080361237],[-121.61406140288,39.8484115193621],[-121.614174025552,39.8482798609916],[-121.61442194117,39.8479917403347],[-121.614605325129,39.8477529402848],[-121.614703708748,39.8473900337612],[-121.614824787838,39.8469900521822],[-121.614928834354,39.84676585123],[-121.614947748064,39.8464423097438],[-121.614984052787,39.8460725955756],[-121.61496862294,39.8457621507606],[-121.614926947373,39.8455506817323],[-121.614825989245,39.8452135395874],[-121.614801120922,39.845061562857],[-121.614861928545,39.8449098660297],[-121.615060321742,39.8446661604621],[-121.615198669036,39.8444354666002],[-121.615216349854,39.8443364618147],[-121.615148933771,39.844131513194],[-121.615132706568,39.8439663566413],[-121.615133359661,39.8438474837572],[-121.615168354833,39.8437155149382],[-121.615220412638,39.8435968098294],[-121.615220775379,39.8435307699293],[-121.615161348374,39.8434315134242],[-121.615076218663,39.8433321729664],[-121.615042641203,39.8432065838121],[-121.615052331468,39.8430018867925],[-121.615217067381,39.8426458002844],[-121.615364122725,39.8423887174903],[-121.615554194417,39.8420987551165],[-121.615753156821,39.8417493829279],[-121.615898045739,39.8415715595223],[-121.616018405699,39.8405037702988],[-121.616106351312,39.8401001649833],[-121.616122531572,39.840067325879],[-121.616386329689,39.8395319240165],[-121.616928491154,39.8388341039306],[-121.617518273061,39.8378637164126],[-121.617676609424,39.8370342148928],[-121.617665307076,39.8362871651703],[-121.617500005521,39.8355751869081],[-121.617381044116,39.8348277873199],[-121.617169870687,39.8340682299274],[-121.616834303069,39.8335572732043],[-121.616452015993,39.8331528791908],[-121.61620575013,39.8327898975782],[-121.61606106085,39.8323250499469],[-121.615901396671,39.8317543965914],[-121.615772482649,39.831250883359],[-121.615557631033,39.8307784891494],[-121.615206406212,39.8301056048119],[-121.614965591729,39.8296465478883],[-121.614857211529,39.8292193272517],[-121.614798876549,39.8286404960074],[-121.614740908796,39.8279952640369],[-121.614559444794,39.8274350012731],[-121.614279826092,39.826826988348],[-121.613962936266,39.8262852525354],[-121.613768554515,39.8258387771362],[-121.613574800649,39.8252784720555],[-121.613331790877,39.8247274915567],[-121.613027168516,39.82419527959],[-121.612721921668,39.8237768960655],[-121.612437625477,39.8234760884749],[-121.612416153794,39.8234533690265],[-121.612373516314,39.8234202106904],[-121.612134416878,39.8232342650401],[-121.611998161982,39.82301053987]]]},"properties":{"FID":92,"Zone":"BUT-MA-286","SubZone":"Nimshew Rd","Community":"Magalia","Status":"No Order or Warning","StructureC":216,"Descriptio":"Just north of De Sabla Powerhouse Rd/Gravel Pit, south to Little Butte Creek at Nimshew Rd.  Butte Creek, east to west of Nimshew and Smokey Way. ","Shape_Leng":35390.073506,"points":342,"Zone_Num":"286","GlobalID":"cc8cba81-0c46-4742-a8a6-4c723f55dd9a","GlobalID_2":"32810ede-de8f-409f-a9da-0dea80481281","Shape__Area":225384946.38964844,"Shape__Length":95285.0450490541}},{"type":"Feature","id":103,"geometry":{"type":"Polygon","coordinates":[[[-121.586208494481,39.7997274110886],[-121.58632791634,39.7996109904952],[-121.5862811525,39.7996110325428],[-121.584783045644,39.7996123750122],[-121.58450786261,39.7996101313239],[-121.584351716029,39.7994729024688],[-121.584206873597,39.7993456053234],[-121.584174519357,39.7993250811086],[-121.584145106709,39.7993080573543],[-121.584118843776,39.7993023579954],[-121.584091582238,39.7993031975543],[-121.584065990646,39.7993104971858],[-121.58404457789,39.7993235362082],[-121.58373641289,39.7995681246772],[-121.583810501411,39.7996067719663],[-121.583827307736,39.7996315186279],[-121.583837653872,39.7996467467313],[-121.584168183046,39.8001333833814],[-121.583903706181,39.800219149647],[-121.583733633362,39.8002743001746],[-121.583383859578,39.8003877241859],[-121.583282764938,39.8004205067079],[-121.583116620941,39.8004743813855],[-121.582949754823,39.8005284928498],[-121.582576983419,39.8006493698367],[-121.581974237863,39.8008725923109],[-121.581951884177,39.800835718045],[-121.581931089838,39.8008477095957],[-121.581714261015,39.8009727379637],[-121.581685374747,39.8009893932172],[-121.581654104019,39.801007424322],[-121.581554990878,39.8010645763388],[-121.581547510992,39.8010563113717],[-121.58141510415,39.8009099942161],[-121.581169376715,39.800638450652],[-121.581094873352,39.8005571257288],[-121.580717753354,39.8008039622012],[-121.580053884176,39.8012754549665],[-121.579868971404,39.8014067821721],[-121.579634626751,39.8016088647493],[-121.57953245599,39.8017106655194],[-121.579529498139,39.8016799224084],[-121.579519319689,39.8015741667031],[-121.579520280649,39.8015502322071],[-121.579541217375,39.8010285225998],[-121.579526978058,39.8009297325462],[-121.579767158892,39.8007781380381],[-121.579881628638,39.8007058885495],[-121.57988460856,39.8007047184006],[-121.58071155984,39.800379987997],[-121.580813094366,39.8003439389188],[-121.58125646449,39.8001865189698],[-121.581708511633,39.8000213130659],[-121.582198026877,39.7997895141561],[-121.582489536035,39.7996046714051],[-121.582793655991,39.7993769791919],[-121.583103982569,39.7991445418102],[-121.583358754516,39.7989023744795],[-121.583601080516,39.7986744615948],[-121.583887137881,39.7983656794839],[-121.584012383358,39.7982110483868],[-121.5841796827,39.7980044925667],[-121.584460092615,39.7976051341],[-121.584853154575,39.7969631040873],[-121.585128107751,39.7962487870182],[-121.585180114869,39.7961136735215],[-121.585231536228,39.7959295228305],[-121.585324900844,39.7955951621093],[-121.585578464656,39.7950312773438],[-121.585804011504,39.7945030391784],[-121.586009794753,39.7941820542894],[-121.586236894205,39.7939129746944],[-121.586624791273,39.7936164580707],[-121.587120522358,39.793367978856],[-121.587693477181,39.7931197678453],[-121.588452334147,39.7927768821659],[-121.589252559021,39.7924150506331],[-121.589943418584,39.7918867494915],[-121.590190751832,39.791558385599],[-121.590415391119,39.7912601507244],[-121.590821403271,39.7904998117923],[-121.591824171701,39.7885992496035],[-121.592203914969,39.7877617392645],[-121.592641616554,39.7868577016619],[-121.593125015468,39.786061056693],[-121.59331809598,39.7857768941209],[-121.593779250608,39.785098186247],[-121.595893052347,39.7827700847855],[-121.596545229349,39.7821527314274],[-121.597071936314,39.7818685698212],[-121.597768032395,39.7816683912548],[-121.598333682139,39.7815965186208],[-121.598772572092,39.7815407505997],[-121.598900264747,39.7815268639062],[-121.599622476383,39.7814483208549],[-121.600040181543,39.7813186731468],[-121.600442849943,39.7811174820186],[-121.601016403296,39.7807381397979],[-121.601776548668,39.7801330388081],[-121.604696770826,39.7779747868617],[-121.604882253689,39.7778295063629],[-121.605061173556,39.7776794065688],[-121.60509838027,39.7776459632011],[-121.605233321664,39.777524663341],[-121.605398493891,39.7773654588613],[-121.605556496599,39.77720197985],[-121.605707145468,39.7770344184621],[-121.605850263159,39.7768629713792],[-121.605985680485,39.7766878398131],[-121.606113238739,39.7765092304138],[-121.606232788544,39.7763273525637],[-121.606344188672,39.7761424201748],[-121.606447309554,39.7759546507998],[-121.606542030952,39.7757642638226],[-121.606684348317,39.7755761000632],[-121.606819340757,39.7753847484971],[-121.60694688597,39.7751903789682],[-121.607066870977,39.7749931640525],[-121.607179190956,39.774793279955],[-121.607283745757,39.7745909028952],[-121.607380439884,39.7743862127096],[-121.607427378771,39.7742768281641],[-121.607469190672,39.7741793910778],[-121.607549920124,39.7739706205942],[-121.607622553724,39.7737600883668],[-121.607687030972,39.7735479797476],[-121.607731955439,39.7733684716522],[-121.607785092896,39.7731903040655],[-121.607846373171,39.7730137001105],[-121.607915717926,39.7728388819812],[-121.607993046511,39.7726660691603],[-121.608078254951,39.7724954774489],[-121.608171240456,39.7723273208494],[-121.608271885074,39.772161811511],[-121.608380061549,39.7719991561471],[-121.608495635639,39.7718395596454],[-121.608618462635,39.7716832205535],[-121.608748387329,39.7715303373829],[-121.609790142202,39.7704316200049],[-121.636378564379,39.7704391191367],[-121.63594458231,39.7776142974521],[-121.637734272123,39.7775943637266],[-121.638572742097,39.7826966295683],[-121.613358082722,39.7827814305238],[-121.612091454061,39.7860257115286],[-121.611778089598,39.7868349082023],[-121.609614751568,39.7870374652349],[-121.60904988681,39.7886274547848],[-121.605615756504,39.7906844751678],[-121.600542439318,39.7919637471276],[-121.590947915193,39.8007495956478],[-121.592275255798,39.802007663919],[-121.592571431585,39.8031430043297],[-121.59231315674,39.8039904650116],[-121.59184700038,39.8044559218003],[-121.590331598898,39.804708028612],[-121.588744327144,39.8066756346474],[-121.588373664429,39.8066857409542],[-121.586574973841,39.8067347669317],[-121.585805733921,39.8061935046943],[-121.585625650379,39.8052968582811],[-121.585732135959,39.8050541647592],[-121.585976671347,39.8044545046536],[-121.586238645011,39.8040407800535],[-121.586743284893,39.8033419438719],[-121.587120599154,39.8022280150212],[-121.586208494481,39.7997274110886]]]},"properties":{"FID":103,"Zone":"BUT-TOP-01","SubZone":" ","Community":"Town of Paradise","Status":"No Order or Warning","StructureC":1471,"Descriptio":" ","Shape_Leng":21130.2082883,"points":213,"Zone_Num":"1","GlobalID":"ca73832f-e934-43d2-bfcd-83844ee92be3","GlobalID_2":"e6aa09ff-6d88-4d99-992f-8e62a55fe42c","Shape__Area":68777271.5546875,"Shape__Length":53087.25957015238}},{"type":"Feature","id":104,"geometry":{"type":"Polygon","coordinates":[[[-121.560949515249,39.7708695782978],[-121.560789255626,39.7478718616954],[-121.565481547375,39.7479456794919],[-121.565852836873,39.7558204146472],[-121.568154518597,39.7632354721322],[-121.567981193812,39.7632323802006],[-121.567604890358,39.763225666067],[-121.567530368098,39.763224337697],[-121.567416239201,39.7632223017606],[-121.565797431879,39.7631934060625],[-121.56561051211,39.7641733643365],[-121.565579747085,39.7668497622853],[-121.567987227602,39.7668533932477],[-121.567987080631,39.7669405325512],[-121.568575897257,39.7669459534738],[-121.568583649641,39.7661399348693],[-121.568908479431,39.7661447956314],[-121.569162427682,39.7669513567829],[-121.569001061953,39.7669498665177],[-121.570095236286,39.7704355444888],[-121.570101435762,39.7706511624525],[-121.567778178593,39.770618298861],[-121.56551559283,39.7705862482637],[-121.560949515249,39.7708695782978]]]},"properties":{"FID":104,"Zone":"BUT-PE-381","SubZone":"Canyon Crest Dr","Community":"Paradise East","Status":"No Order or Warning","StructureC":1,"Descriptio":"West Branch of the Feather River, west to the Town of Paradise limits. Billie Rd south to Siler Way","Shape_Leng":9101.87557457,"points":24,"Zone_Num":"381","GlobalID":"6877ef4c-1b1b-4a08-a504-cf2471907ffe","GlobalID_2":"57b8e1e4-d64a-4d3d-9b72-369319bd1032","Shape__Area":13733249.782226562,"Shape__Length":22912.11754779219}},{"type":"Feature","id":116,"geometry":{"type":"Polygon","coordinates":[[[-121.631511182545,39.7478515437419],[-121.631809835448,39.7473893756298],[-121.631426981737,39.7473905500246],[-121.631410988982,39.7448091761461],[-121.631074254051,39.7448102001179],[-121.630775359577,39.74481110944],[-121.630552738766,39.7448117854401],[-121.630238973882,39.7448127377004],[-121.629805282028,39.7448140524178],[-121.629574139159,39.7448147520079],[-121.629325996532,39.7448155038983],[-121.629291633012,39.7448156073524],[-121.628997927092,39.7448164960759],[-121.628885109213,39.7448168367026],[-121.628917808824,39.7446627975586],[-121.628918127844,39.7445047716789],[-121.628918626298,39.7442579001315],[-121.628918987033,39.744079414408],[-121.628788951778,39.7440799600617],[-121.628803270573,39.7440606531032],[-121.628858330599,39.7439864094405],[-121.628721027537,39.7439233203505],[-121.628746744686,39.7438476826982],[-121.62879857584,39.7436952413346],[-121.628887315744,39.7435514647009],[-121.628967425927,39.7435824602962],[-121.6290957187,39.7434348730669],[-121.629153463079,39.7432996118072],[-121.629197557996,39.743196322364],[-121.629246993135,39.7431764288238],[-121.629488757356,39.7430791369463],[-121.629700604204,39.7428496262859],[-121.629765692719,39.7427461666731],[-121.629836154463,39.7426341665085],[-121.62998661538,39.7424021474974],[-121.630054797851,39.742297006849],[-121.630335732819,39.7420576757575],[-121.630486671513,39.7419607801733],[-121.630577327021,39.7419025814115],[-121.630878024054,39.7417791292422],[-121.630896754987,39.7417244209043],[-121.630540090799,39.74110900214],[-121.630631342573,39.7411095136782],[-121.630449607784,39.7409676401331],[-121.630367450856,39.7409035028584],[-121.631113691495,39.7403204710039],[-121.631776579416,39.7398025508098],[-121.631915299434,39.7396941673926],[-121.632312404457,39.7393838981039],[-121.632813031946,39.7389927382545],[-121.633154263597,39.7387261164555],[-121.633495692961,39.7384593384458],[-121.633826798418,39.7382006244827],[-121.633830773019,39.7381975186706],[-121.634458038539,39.7377073854488],[-121.6355109232,39.7368846604631],[-121.635839677322,39.7371367903624],[-121.636166931345,39.7373877663006],[-121.636262746703,39.7372388744992],[-121.636332363206,39.7371594815171],[-121.636677748954,39.7371636599748],[-121.637859613708,39.7371779517409],[-121.638010733753,39.7371797784165],[-121.638014665721,39.7367464458526],[-121.638015044067,39.7367047695401],[-121.638019615651,39.7362010411807],[-121.638021848962,39.7359547092741],[-121.638021908357,39.7359483974424],[-121.638026414747,39.7354516337548],[-121.638028696859,39.735200129283],[-121.638029729318,39.7350863810641],[-121.638030848533,39.7349630515958],[-121.638033045723,39.7347209923258],[-121.637845862493,39.7347185386127],[-121.637855821322,39.7343063255064],[-121.637856498983,39.7342783216134],[-121.63786906872,39.7337580159357],[-121.638036126139,39.7337595799987],[-121.638203006256,39.7337611423787],[-121.639069309696,39.7337692476152],[-121.639077925147,39.7333403206034],[-121.639305206719,39.7333428970584],[-121.639377051741,39.7333437116582],[-121.639748872587,39.7331050439539],[-121.639761394064,39.7328503884579],[-121.639590092623,39.732751382822],[-121.639874910082,39.7325884293756],[-121.639857917529,39.7324672033174],[-121.63995205827,39.7322612634842],[-121.640208965033,39.7321985830024],[-121.6402679468,39.7319948204649],[-121.640270572529,39.7319857450495],[-121.640423412143,39.7314577251227],[-121.640893418872,39.7314643876808],[-121.641540635626,39.7314735589071],[-121.641566199884,39.7302751472886],[-121.641802863004,39.7300889946874],[-121.642043833688,39.729899454602],[-121.642604633356,39.7291508642684],[-121.642836325333,39.728630359519],[-121.642875908497,39.7285414320933],[-121.642780832895,39.7283283025769],[-121.642691089612,39.728048775019],[-121.642667571095,39.7279755216986],[-121.642648015246,39.7279146090408],[-121.642383425663,39.7274938363466],[-121.642147000022,39.7272966926064],[-121.642119196199,39.7272377335797],[-121.642098420096,39.727193678013],[-121.642195786304,39.7267939966453],[-121.642235541911,39.7264113008717],[-121.6421283874,39.7262975601994],[-121.642082429911,39.7262257309198],[-121.642092700848,39.7262256378602],[-121.642108051298,39.7262251486311],[-121.642130605362,39.7262244876565],[-121.643304589338,39.7261823416258],[-121.643410563257,39.7261786988292],[-121.643517798299,39.7261750129212],[-121.645864806774,39.7261021263684],[-121.645923110548,39.7261001212237],[-121.64597832357,39.7260982877916],[-121.646634241316,39.7261027179166],[-121.647807018389,39.7261106404488],[-121.648439088447,39.7261150990303],[-121.648439150267,39.726115099215],[-121.648914578461,39.7261184828558],[-121.649294454035,39.7261250574382],[-121.649764242317,39.7261245280585],[-121.65039263945,39.726128991337],[-121.650548444779,39.7261301268838],[-121.650548418085,39.7261300997838],[-121.650545746785,39.7259390042094],[-121.650522785745,39.7242854410534],[-121.651759311388,39.724332421604],[-121.651869957681,39.724332164413],[-121.65185932312,39.7243710508811],[-121.651854371895,39.7243975858817],[-121.65185122429,39.7244242829375],[-121.651849898135,39.7244510754504],[-121.651850376386,39.7244778724003],[-121.65185267559,39.724504630603],[-121.651856795087,39.7245312482783],[-121.651862707167,39.7245576686008],[-121.65187038312,39.7245838014161],[-121.651879852325,39.724609602677],[-121.651891026645,39.7246349703444],[-121.651903921414,39.7246598702369],[-121.651918493972,39.7246842022511],[-121.651934686228,39.7247079202795],[-121.651952454193,39.7247309575403],[-121.65216890661,39.7249953438612],[-121.652195433691,39.7250258394645],[-121.652208259598,39.7250441947021],[-121.652219392163,39.7250631979344],[-121.652228789905,39.7250827463607],[-121.652236394887,39.7251027623508],[-121.65224219134,39.7251231323716],[-121.652246093336,39.7251437778092],[-121.652248160969,39.7251645763478],[-121.652248318933,39.7251854241854],[-121.652233178183,39.7255932055429],[-121.652229483598,39.7256215537464],[-121.652223903824,39.7256426548323],[-121.652215952691,39.7256632877569],[-121.652205718402,39.7256833068688],[-121.652193244722,39.7257025889021],[-121.652178649301,39.7257209306479],[-121.652162049274,39.7257382324752],[-121.652143548012,39.7257543478761],[-121.652047481107,39.7258070379599],[-121.652025299911,39.7257930062819],[-121.652001611078,39.7257805112219],[-121.651976603012,39.7257696650217],[-121.651950465447,39.7257605466016],[-121.651923400998,39.7257532250126],[-121.651895613567,39.725747744991],[-121.651867307044,39.7257441530745],[-121.651838700494,39.7257424940447],[-121.651810026137,39.7257427469718],[-121.651781485599,39.7257449448772],[-121.65175330188,39.7257490442871],[-121.651725705982,39.7257550350771],[-121.651698857928,39.7257628717859],[-121.651167392039,39.7261344913147],[-121.651510254218,39.7261129600973],[-121.651517866091,39.7261130141607],[-121.651517724547,39.7261130957044],[-121.652054710917,39.7261226754345],[-121.65212058679,39.7261204770438],[-121.652161736023,39.7261191035252],[-121.652226750747,39.7261204989839],[-121.652225824587,39.7261221490127],[-121.652224870428,39.7261237998594],[-121.652223975156,39.7261251014125],[-121.653412654972,39.7261334897377],[-121.653415002839,39.726133522772],[-121.653537233652,39.726134410472],[-121.6538656139,39.7261367439713],[-121.653877459779,39.7261368283484],[-121.654372962026,39.7261403264332],[-121.654878153003,39.7261432897146],[-121.655311940305,39.7261458786973],[-121.655312468746,39.7263068712948],[-121.655308691351,39.7264862532582],[-121.655308688837,39.7264862901791],[-121.655304700143,39.7266718772616],[-121.655299640964,39.7269070252288],[-121.655289555565,39.727375577464],[-121.655314055505,39.7275582414238],[-121.655314114747,39.7275865502555],[-121.655314877269,39.727939734274],[-121.655309876672,39.7281966645635],[-121.655305014195,39.7284466040867],[-121.655298280188,39.7287911464469],[-121.655295441286,39.7289364066044],[-121.655292396667,39.7290921970025],[-121.65529002971,39.7296139093817],[-121.655289657677,39.7296962888561],[-121.655289030222,39.7298344607199],[-121.655288244418,39.7300074770407],[-121.655263407129,39.730007285403],[-121.655255161512,39.7300072135144],[-121.655253763922,39.7300893882187],[-121.655252267606,39.730177173919],[-121.65524845017,39.7304016691768],[-121.655245967618,39.7304788778994],[-121.655245393444,39.7304967359624],[-121.655245036881,39.7305063911953],[-121.65521080933,39.7315729981813],[-121.655210807951,39.7315730414103],[-121.655208236786,39.7316523610514],[-121.655197737779,39.7319781135343],[-121.655189044553,39.732499925715],[-121.655187608268,39.7325861506211],[-121.655186535941,39.7326557589081],[-121.655186499239,39.732658005115],[-121.655186499071,39.7326580393406],[-121.655185707881,39.7327055708002],[-121.655185184985,39.7327369627271],[-121.655184440093,39.7327764971178],[-121.655177297061,39.733212134132],[-121.65517460208,39.7333745462577],[-121.655142640188,39.7351702231803],[-121.655141401113,39.7351702564781],[-121.655138076961,39.7353412582907],[-121.655137930012,39.7353467088149],[-121.65513724336,39.7353969308839],[-121.655128642704,39.7360224359844],[-121.655126211598,39.7361987607129],[-121.655126211398,39.7361988012432],[-121.655114535992,39.7370451309394],[-121.655110588562,39.7373307917201],[-121.655089205985,39.7388746617867],[-121.655089205671,39.7388747257344],[-121.653815350955,39.7388763372371],[-121.652699436429,39.7388777318452],[-121.65156776152,39.7388791421795],[-121.651567363583,39.7389505779673],[-121.651565269063,39.7393260449833],[-121.651560579825,39.7401661695153],[-121.651558244511,39.740584701897],[-121.651557441461,39.7407283056157],[-121.650737823588,39.7407346421043],[-121.65041349499,39.7407371488034],[-121.649305447684,39.74147518317],[-121.649308690935,39.7420094636177],[-121.648182177941,39.7420055509981],[-121.647258766035,39.7420023309431],[-121.645813122891,39.7419972768137],[-121.645782648481,39.7431490155113],[-121.644977963963,39.742743509085],[-121.644568524669,39.7425371741933],[-121.644292992302,39.742881548172],[-121.644124682881,39.7430919067976],[-121.64398625866,39.743264881684],[-121.643914345092,39.7432307390014],[-121.643896628829,39.7432525062887],[-121.643724536333,39.7434639445047],[-121.643575814684,39.7436466682536],[-121.642953729547,39.7433810294267],[-121.642697786322,39.7437346838172],[-121.642684106452,39.7437520939518],[-121.642457952457,39.7440399288373],[-121.642448569416,39.7440518695293],[-121.642243709312,39.7443125986173],[-121.642033288227,39.7445804042049],[-121.641950572756,39.7446856740779],[-121.641831083837,39.7448377459309],[-121.641699046151,39.7450057855139],[-121.641614038449,39.7451139717796],[-121.641181475457,39.7456977148091],[-121.641047750419,39.7458781725027],[-121.639950729907,39.7459673766876],[-121.639741533224,39.7459818141302],[-121.638621960154,39.7460590731183],[-121.638097166815,39.7460574609824],[-121.638082194194,39.7459637384559],[-121.638074779604,39.7459173394618],[-121.637926069286,39.7459479656697],[-121.637475981524,39.7460406551076],[-121.637277141902,39.7460861486164],[-121.637027986325,39.7461431541185],[-121.636359373166,39.7463112640719],[-121.636104726947,39.7463969509407],[-121.635675161104,39.7465414970376],[-121.635215047616,39.7467158234843],[-121.634689148101,39.7469256894299],[-121.634019845695,39.7472542605035],[-121.633451038939,39.7475503738376],[-121.633044488912,39.7478112439598],[-121.632002684803,39.7485258896049],[-121.631949576043,39.7485602125365],[-121.631686820252,39.7487300278826],[-121.631686387059,39.7487303084411],[-121.631457973892,39.7488779270954],[-121.630876860418,39.7488331403423],[-121.631108102339,39.7484753041555],[-121.631426230529,39.7479830081318],[-121.631511182545,39.7478515437419]]]},"properties":{"FID":116,"Zone":"BUT-TOP-10","SubZone":" ","Community":"Town of Paradise","Status":"No Order or Warning","StructureC":602,"Descriptio":" ","Shape_Leng":12597.0496536,"points":320,"Zone_Num":"10","GlobalID":"cad01409-307c-403d-ab3a-fde6c0657608","GlobalID_2":"31d801ab-9986-4bef-ba5b-17488fbad49f","Shape__Area":33070483.575195312,"Shape__Length":31756.711751153187}},{"type":"Feature","id":117,"geometry":{"type":"Polygon","coordinates":[[[-121.626632040113,39.7505502536825],[-121.62663674075,39.7485315041617],[-121.626636554059,39.7485315044703],[-121.625164783955,39.7485342412074],[-121.625164598431,39.7485342415174],[-121.623004180083,39.7485490594856],[-121.623002322456,39.7485490724513],[-121.623002136932,39.7485490727579],[-121.622585459136,39.7485487059358],[-121.622108595366,39.7485482849717],[-121.622108411018,39.7485482834793],[-121.619214042661,39.7484996281003],[-121.616031485105,39.7484460467028],[-121.616173264264,39.7480738241205],[-121.616185124719,39.7475089187347],[-121.61579747391,39.7475080361535],[-121.615789647332,39.7474353443265],[-121.615712361998,39.7467176827463],[-121.616082233305,39.746718647248],[-121.616455131787,39.7466273192297],[-121.616861137631,39.7465278817422],[-121.617236553319,39.7463090693782],[-121.617239160952,39.7456669132679],[-121.617233228191,39.7450854407917],[-121.617233191042,39.7450817712813],[-121.617214016086,39.7431991024156],[-121.61721238949,39.7430394065042],[-121.617199127111,39.7414189063949],[-121.617188958905,39.7401767252955],[-121.617187473483,39.7394423141857],[-121.617183580494,39.7375175361783],[-121.617183503693,39.7374794413593],[-121.61733099689,39.7373593594483],[-121.617790103968,39.7369414298088],[-121.618125481587,39.7365707595693],[-121.618395965368,39.7362269688513],[-121.618390978018,39.7354713413702],[-121.618389347291,39.7352242188296],[-121.619715638435,39.7347916893363],[-121.619999959924,39.7346989630504],[-121.620307736462,39.7348620053813],[-121.620924991264,39.7345385772103],[-121.621023546693,39.7338334539258],[-121.621511426901,39.7337315382921],[-121.621685202657,39.7336609777089],[-121.621957773081,39.7335503014205],[-121.621980506064,39.7315781200741],[-121.621993320734,39.7304663576148],[-121.621999060265,39.7298740663925],[-121.622016176657,39.72810739554],[-121.622030520209,39.7266271081749],[-121.622037577411,39.7266270668903],[-121.623662594491,39.7266040206543],[-121.626625719758,39.7265619426323],[-121.626798239014,39.7265594914281],[-121.627090864965,39.7265558380855],[-121.627163150645,39.7265549349375],[-121.631542113103,39.7265002139156],[-121.63378636582,39.7264866901792],[-121.634166091322,39.7264843971891],[-121.63466868644,39.7264813612874],[-121.635428857021,39.7264767634125],[-121.635574738896,39.7264758804013],[-121.63611621022,39.7264726020183],[-121.636116231047,39.726487480584],[-121.636116230275,39.7264878543681],[-121.636116247018,39.7265003713115],[-121.636160425568,39.7265008924929],[-121.63616042533,39.7265009384273],[-121.636160422428,39.7265068973846],[-121.636267693408,39.726503655927],[-121.63669537999,39.726486153433],[-121.638577560299,39.7264136426072],[-121.639249277029,39.7263490227247],[-121.639691464388,39.7263064911923],[-121.639691521557,39.7263064886652],[-121.639720208345,39.7263086417691],[-121.639758589851,39.7263120683945],[-121.640591766668,39.7262755609303],[-121.640593842126,39.7262754889084],[-121.640795399245,39.7262685645841],[-121.64099088152,39.7262618690734],[-121.641472864051,39.726245290335],[-121.642026648268,39.7262262620002],[-121.642051652088,39.7262260111006],[-121.642082429911,39.7262257309198],[-121.6421283874,39.7262975601994],[-121.642235541911,39.7264113008717],[-121.642195786304,39.7267939966453],[-121.642098420096,39.727193678013],[-121.642119196199,39.7272377335797],[-121.642147000022,39.7272966926064],[-121.642383425663,39.7274938363466],[-121.642648015246,39.7279146090408],[-121.642667571095,39.7279755216986],[-121.642691089612,39.728048775019],[-121.642780832895,39.7283283025769],[-121.642875908497,39.7285414320933],[-121.642836325333,39.728630359519],[-121.642604633356,39.7291508642684],[-121.642043833688,39.729899454602],[-121.641802863004,39.7300889946874],[-121.641566199884,39.7302751472886],[-121.641540635626,39.7314735589071],[-121.640893418872,39.7314643876808],[-121.640423412143,39.7314577251227],[-121.640270572529,39.7319857450495],[-121.6402679468,39.7319948204649],[-121.640208965033,39.7321985830024],[-121.63995205827,39.7322612634842],[-121.639857917529,39.7324672033174],[-121.639874910082,39.7325884293756],[-121.639590092623,39.732751382822],[-121.639761394064,39.7328503884579],[-121.639748872587,39.7331050439539],[-121.639377051741,39.7333437116582],[-121.639305206719,39.7333428970584],[-121.639077925147,39.7333403206034],[-121.639069309696,39.7337692476152],[-121.638203006256,39.7337611423787],[-121.638036126139,39.7337595799987],[-121.63786906872,39.7337580159357],[-121.637856498983,39.7342783216134],[-121.637855821322,39.7343063255064],[-121.637845862493,39.7347185386127],[-121.638033045723,39.7347209923258],[-121.638030848533,39.7349630515958],[-121.638029729318,39.7350863810641],[-121.638028696859,39.735200129283],[-121.638026414747,39.7354516337548],[-121.638021908357,39.7359483974424],[-121.638021848962,39.7359547092741],[-121.638019615651,39.7362010411807],[-121.638015044067,39.7367047695401],[-121.638014665721,39.7367464458526],[-121.638010733753,39.7371797784165],[-121.637859613708,39.7371779517409],[-121.636677748954,39.7371636599748],[-121.636332363206,39.7371594815171],[-121.636262746703,39.7372388744992],[-121.636166931345,39.7373877663006],[-121.635839677322,39.7371367903624],[-121.6355109232,39.7368846604631],[-121.634458038539,39.7377073854488],[-121.633830773019,39.7381975186706],[-121.633826798418,39.7382006244827],[-121.633495692961,39.7384593384458],[-121.633154263597,39.7387261164555],[-121.632813031946,39.7389927382545],[-121.632312404457,39.7393838981039],[-121.631915299434,39.7396941673926],[-121.631776579416,39.7398025508098],[-121.631113691495,39.7403204710039],[-121.630367450856,39.7409035028584],[-121.630449607784,39.7409676401331],[-121.630631342573,39.7411095136782],[-121.630540090799,39.74110900214],[-121.630896754987,39.7417244209043],[-121.630878024054,39.7417791292422],[-121.630577327021,39.7419025814115],[-121.630486671513,39.7419607801733],[-121.630335732819,39.7420576757575],[-121.630054797851,39.742297006849],[-121.62998661538,39.7424021474974],[-121.629836154463,39.7426341665085],[-121.629765692719,39.7427461666731],[-121.629700604204,39.7428496262859],[-121.629488757356,39.7430791369463],[-121.629246993135,39.7431764288238],[-121.629197557996,39.743196322364],[-121.629153463079,39.7432996118072],[-121.6290957187,39.7434348730669],[-121.628967425927,39.7435824602962],[-121.628887315744,39.7435514647009],[-121.62879857584,39.7436952413346],[-121.628746744686,39.7438476826982],[-121.628721027537,39.7439233203505],[-121.628858330599,39.7439864094405],[-121.628803270573,39.7440606531032],[-121.628788951778,39.7440799600617],[-121.628918987033,39.744079414408],[-121.628918626298,39.7442579001315],[-121.628918127844,39.7445047716789],[-121.628917808824,39.7446627975586],[-121.628885109213,39.7448168367026],[-121.628997927092,39.7448164960759],[-121.629291633012,39.7448156073524],[-121.629325996532,39.7448155038983],[-121.629574139159,39.7448147520079],[-121.629805282028,39.7448140524178],[-121.630238973882,39.7448127377004],[-121.630552738766,39.7448117854401],[-121.630775359577,39.74481110944],[-121.631074254051,39.7448102001179],[-121.631410988982,39.7448091761461],[-121.631426981737,39.7473905500246],[-121.631809835448,39.7473893756298],[-121.631511182545,39.7478515437419],[-121.631426230529,39.7479830081318],[-121.631108102339,39.7484753041555],[-121.630876860418,39.7488331403423],[-121.631457973892,39.7488779270954],[-121.631686387059,39.7487303084411],[-121.631686820252,39.7487300278826],[-121.630918380561,39.7496010683686],[-121.63019858691,39.7502755996217],[-121.630052848145,39.7503474701591],[-121.629449518794,39.750645001033],[-121.628824990954,39.7508146146164],[-121.628256991242,39.7508032896823],[-121.627344030882,39.7506383553525],[-121.626744631433,39.7505641857825],[-121.626632040113,39.7505502536825]]]},"properties":{"FID":117,"Zone":"BUT-TOP-11","SubZone":" ","Community":"Town of Paradise","Status":"No Order or Warning","StructureC":696,"Descriptio":" ","Shape_Leng":13023.6187738,"points":213,"Zone_Num":"11","GlobalID":"5e780e4c-089e-427b-b767-1763ada2c17c","GlobalID_2":"f4c8d009-3589-4985-bc61-49e13c66ca71","Shape__Area":38576955.62890625,"Shape__Length":32835.184631384494}},{"type":"Feature","id":118,"geometry":{"type":"Polygon","coordinates":[[[-121.608367045391,39.7266856675306],[-121.607785676283,39.726680910532],[-121.607644042878,39.7266838664707],[-121.598480318762,39.7084491034131],[-121.598667581303,39.7062588780544],[-121.599660498562,39.6946439624374],[-121.600532151239,39.6925252552833],[-121.615719719591,39.6951157304064],[-121.619532772873,39.7043082239426],[-121.6329032524,39.698046531473],[-121.647791068286,39.7005856776097],[-121.64782436749,39.7015336521473],[-121.645568784469,39.7042075355057],[-121.644256518727,39.7055826554825],[-121.643999845716,39.7085870089936],[-121.642514280708,39.7105003098057],[-121.640641342497,39.711668533539],[-121.638374779571,39.7138780106487],[-121.636572783765,39.7161527133379],[-121.633925868455,39.7200105426702],[-121.631952676981,39.7229305165575],[-121.6308698055,39.7242310045317],[-121.629402031531,39.7248935263021],[-121.627163150645,39.7265549349375],[-121.627090864965,39.7265558380855],[-121.626798239014,39.7265594914281],[-121.626625719758,39.7265619426323],[-121.623662594491,39.7266040206543],[-121.622037577411,39.7266270668903],[-121.622030520209,39.7266271081749],[-121.621809816358,39.7266284086045],[-121.618453011812,39.7266482603835],[-121.618452972154,39.726648260255],[-121.617478953949,39.7266492128518],[-121.617478923531,39.7266492204733],[-121.613500186372,39.7286234292589],[-121.611611911195,39.7280953421809],[-121.611180677735,39.7267084043912],[-121.610866061966,39.7267058649082],[-121.610258677024,39.7267009602478],[-121.610144736808,39.7267000397533],[-121.60892357654,39.726690169795],[-121.608770130658,39.726688928444],[-121.608380374911,39.7266857767357],[-121.608367045391,39.7266856675306]]]},"properties":{"FID":118,"Zone":"BUT-BV-463","SubZone":"Paradise Airport","Community":"Butte Valley","Status":"No Order or Warning","StructureC":78,"Descriptio":"From Little Dry Creek (which is just west of Round Valley Ranch Rd), east to, but not including Morgan Ridge Rd. From the intersection of Round Valley Ranch Rd and Clark Rd, south to Out of the Way Rd.","Shape_Leng":10777.3008604,"points":48,"Zone_Num":"463","GlobalID":"259479cd-c4c6-488a-b2c8-36e9305cee6a","GlobalID_2":"da3ed97d-6534-4c22-bbb2-a1a86677f404","Shape__Area":112381871.47363281,"Shape__Length":47139.600553134595}},{"type":"Feature","id":119,"geometry":{"type":"Polygon","coordinates":[[[-121.594941404416,39.752268045488],[-121.594796565094,39.7522670895399],[-121.594685373485,39.7522284007412],[-121.594577697069,39.7521841811363],[-121.594473999187,39.7521346196723],[-121.594374723199,39.7520799295476],[-121.594280296008,39.7520203437197],[-121.594191118714,39.7519561175752],[-121.594107574782,39.7518875280568],[-121.594030020753,39.7518148664258],[-121.59395879204,39.7517384445862],[-121.593894190113,39.7516585914378],[-121.593836495372,39.7515756466157],[-121.593785950776,39.7514899667381],[-121.593742775879,39.75140191915],[-121.593749139428,39.7510760098054],[-121.593779890229,39.7495009943322],[-121.59378407321,39.749426455525],[-121.593779444248,39.7493519322455],[-121.593766047629,39.7492780434157],[-121.593743991835,39.7492054036733],[-121.593713457759,39.7491346152953],[-121.593674705721,39.7490662664195],[-121.593628049825,39.7490009246529],[-121.593573882488,39.7489391335529],[-121.593512653479,39.7488814053505],[-121.593444868753,39.7488282200454],[-121.593371092823,39.7487800191106],[-121.593291939443,39.7487372027579],[-121.59320806462,39.7487001272126],[-121.593120166643,39.7486691002102],[-121.593028972096,39.7486443782468],[-121.59293524285,39.7486261684047],[-121.59283975277,39.7486146210666],[-121.592743299369,39.7486098326586],[-121.591585706966,39.7485986197304],[-121.589820546296,39.7486012033456],[-121.587353217617,39.7486047708679],[-121.584951448633,39.7486198610564],[-121.58311138719,39.7486313894768],[-121.580036371788,39.7486429234183],[-121.579897399337,39.7486437939282],[-121.579758741045,39.7486510431473],[-121.579620884754,39.7486646457982],[-121.579484321947,39.748684553201],[-121.579349534904,39.7487106950283],[-121.579216999034,39.7487429793144],[-121.579087186393,39.7487812906654],[-121.578960555147,39.7488254947251],[-121.578837555444,39.7488754336928],[-121.578718618871,39.748930931689],[-121.578604170147,39.7489917920952],[-121.578489794718,39.7491122698991],[-121.578382026105,39.749236325352],[-121.578281054647,39.7493637429888],[-121.578187057896,39.7494943000926],[-121.578100195929,39.7496277702809],[-121.578047113173,39.7497185960521],[-121.578020621859,39.7497639217408],[-121.577948474837,39.749902516304],[-121.577883878868,39.7500433130448],[-121.577826948653,39.7501860664993],[-121.577777781401,39.7503305293387],[-121.577545667612,39.7505665551265],[-121.577466831836,39.7506127133154],[-121.577383571556,39.7506539837657],[-121.577296392383,39.7506901133897],[-121.577205827731,39.7507208834267],[-121.577112428339,39.7507461049021],[-121.577016764571,39.7507656249409],[-121.576919419425,39.7507793240399],[-121.576820987352,39.7507871187669],[-121.576722067251,39.7507889626353],[-121.576623260152,39.7507848424935],[-121.576525172681,39.7507747848423],[-121.576434036813,39.750721716507],[-121.576405454545,39.7507026479559],[-121.576348083802,39.7506636922687],[-121.576316065664,39.7506391414734],[-121.576267757638,39.7506010019554],[-121.576236070301,39.7505730801647],[-121.57619347416,39.7505339587121],[-121.576163495172,39.7505035211334],[-121.576125614136,39.7504628854654],[-121.576079127495,39.7504081870302],[-121.576078639067,39.7504075286723],[-121.576035593975,39.7503483130669],[-121.57601707996,39.7503206674259],[-121.575989618446,39.7502758729434],[-121.575973819933,39.750248382085],[-121.575948542256,39.7501984651561],[-121.575936915059,39.7501744749666],[-121.57590635275,39.7500990955449],[-121.575329151768,39.749008174916],[-121.575131656897,39.7486348938564],[-121.576610862823,39.7486417774485],[-121.576678065787,39.748642089367],[-121.57681727884,39.7486427366733],[-121.576897297706,39.748643108044],[-121.577014100154,39.7483673686245],[-121.576990716645,39.7482355188322],[-121.577182849541,39.7478905799795],[-121.577094320134,39.7477200162026],[-121.577184411032,39.7473970765066],[-121.57741552589,39.7471054987016],[-121.57761293782,39.7466264829451],[-121.577859613375,39.746027923342],[-121.578004242216,39.7456115232282],[-121.578077932097,39.7453993604889],[-121.578356478284,39.7451706285106],[-121.578310321649,39.7450366734167],[-121.578376516918,39.7447965929442],[-121.578484151299,39.7442609095229],[-121.578869996046,39.7435731272427],[-121.578804742277,39.7435144202878],[-121.578817864679,39.7435017495387],[-121.578919716284,39.7434034031158],[-121.579147780885,39.7431831855832],[-121.579094563205,39.7430437626018],[-121.579187701586,39.7429168726273],[-121.579328953614,39.7422724403809],[-121.57933331264,39.7422525579731],[-121.579490729664,39.7421707228217],[-121.579635906981,39.7418167803002],[-121.579598134996,39.7413446608038],[-121.579594684544,39.7413015298606],[-121.579699662725,39.7412971382907],[-121.579690208373,39.7408507092793],[-121.579682854212,39.7405035867362],[-121.579675781426,39.7401696836501],[-121.579668958786,39.7398475903373],[-121.579661918244,39.7395151427957],[-121.579656371011,39.7392531983236],[-121.579656350693,39.7392523056689],[-121.579656181181,39.7391828466791],[-121.57965502708,39.7387110754557],[-121.579651595735,39.737309303258],[-121.579650759158,39.736967193346],[-121.579649958616,39.7366399052611],[-121.579649156812,39.7363124396961],[-121.579648357885,39.7359852740311],[-121.579647934336,39.7358125680137],[-121.579647565836,39.7356614400015],[-121.579646670219,39.7352958937238],[-121.57964533759,39.7347513247253],[-121.579644512469,39.7344143223419],[-121.579643774267,39.7341118824071],[-121.579642277904,39.7335004066095],[-121.579640372856,39.7327219321864],[-121.579638961063,39.7321446393906],[-121.579637875821,39.7317015235609],[-121.579636945216,39.7313209990308],[-121.579636100601,39.7309757755413],[-121.579635196346,39.7306064330849],[-121.5796813723,39.7306057216246],[-121.579713669377,39.7288930891634],[-121.579712718144,39.7285992998979],[-121.579712718349,39.7285992656723],[-121.579711688275,39.728280274731],[-121.5797098457,39.7277109424716],[-121.579708802551,39.7273884909191],[-121.579708001876,39.7271120268463],[-121.579709210713,39.7270504201996],[-121.579709949261,39.7270128027158],[-121.579711639633,39.726926691746],[-121.579713332334,39.7268405807818],[-121.57994280798,39.7268520516319],[-121.580270956802,39.7268684540027],[-121.580903733463,39.726900081503],[-121.584227455938,39.7269146805045],[-121.58432695737,39.7269151148405],[-121.584381658953,39.7269153539644],[-121.584426463465,39.7269155500097],[-121.590953906712,39.7269439327661],[-121.593698405015,39.7269557543283],[-121.593759024226,39.7269531399185],[-121.59840154143,39.7267527424178],[-121.599103606321,39.7267571166221],[-121.59949415368,39.7267595487674],[-121.600656224428,39.7267667725253],[-121.600656258255,39.7267667726401],[-121.600851401329,39.7267679885576],[-121.601852083807,39.7267742017993],[-121.60232369538,39.7267771266426],[-121.602323765095,39.7267775862308],[-121.602336308217,39.7268600680046],[-121.602355586092,39.7272003260906],[-121.602308813871,39.727365350339],[-121.602278918133,39.7274708319505],[-121.60231209374,39.7276276003857],[-121.602370234097,39.7279023284013],[-121.602386428434,39.7279788544912],[-121.602412815787,39.7282313325817],[-121.602378951025,39.7285896859715],[-121.602274615225,39.7294368095832],[-121.602217059388,39.7299041157972],[-121.60212392526,39.7301968081943],[-121.60194779924,39.7304094898324],[-121.601922518158,39.7304400169908],[-121.601611583339,39.7306925101397],[-121.601536842919,39.7307822225727],[-121.601117082082,39.7312860653792],[-121.600770001097,39.7317155886491],[-121.600709935897,39.7317817080979],[-121.600724225368,39.7320485048835],[-121.600741772894,39.7322712590569],[-121.600764426468,39.7325588027247],[-121.600773856712,39.7331497023667],[-121.600774249771,39.733174317741],[-121.600788195553,39.7340482318099],[-121.601680742607,39.7340308919879],[-121.603077585018,39.7340037416828],[-121.603096056524,39.7349115290656],[-121.60312438759,39.7363037431932],[-121.603151259742,39.7376242839403],[-121.603167138282,39.7384044402194],[-121.603168684139,39.7385306623825],[-121.603172812115,39.7388674226354],[-121.603176103293,39.7391359700725],[-121.603178755975,39.7393523952604],[-121.60318531575,39.7398875210318],[-121.603192465046,39.7404706643019],[-121.603204509771,39.7412691817297],[-121.60321994404,39.7422923469147],[-121.603244241748,39.7439029571727],[-121.603245581739,39.743991770202],[-121.603247079467,39.7440910650391],[-121.603253940923,39.7445457839765],[-121.603258101566,39.7449224961813],[-121.603265419571,39.7455849370404],[-121.603269801322,39.745981373044],[-121.603125346765,39.7461353662311],[-121.603125085978,39.7461581580861],[-121.603116905062,39.746484339673],[-121.603116248895,39.7465667050913],[-121.603114515685,39.7466490893931],[-121.603112318132,39.7467541522706],[-121.602424043424,39.7467541761502],[-121.602233326249,39.7467540047722],[-121.601666233869,39.7467534914915],[-121.600870095848,39.7467527665854],[-121.600507611075,39.746752435055],[-121.599388248338,39.7467492806338],[-121.599086979248,39.7467484297772],[-121.598468042278,39.7467466797273],[-121.598467583399,39.7467732384616],[-121.598243751676,39.7467734934849],[-121.597957506846,39.7471719232099],[-121.597948101022,39.7471850158677],[-121.597868390474,39.7472711823415],[-121.59756280635,39.747601508162],[-121.59747028584,39.7476740410346],[-121.597247819989,39.7478484444295],[-121.596890351429,39.7480856763181],[-121.596804535595,39.7481354028647],[-121.596595318081,39.7482566361347],[-121.596527679385,39.7482958300097],[-121.596507182657,39.7483077064419],[-121.59667438027,39.7483490524553],[-121.596852480916,39.7484650788935],[-121.596927913538,39.748596315615],[-121.596888829663,39.7489283731072],[-121.596648720174,39.7494168077978],[-121.596638559945,39.749460151738],[-121.596628739445,39.7495020413351],[-121.5966714215,39.7495830825113],[-121.596724350008,39.7496256860476],[-121.596683740539,39.7496702001504],[-121.596356779028,39.749905240759],[-121.595863978236,39.7499097009099],[-121.595876957721,39.7509969969659],[-121.595263716837,39.7510019742573],[-121.595343073906,39.752270695788],[-121.595004920609,39.7522684648473],[-121.594941404416,39.752268045488]]]},"properties":{"FID":119,"Zone":"BUT-TOP-13","SubZone":" ","Community":"Town of Paradise","Status":"No Order or Warning","StructureC":914,"Descriptio":" ","Shape_Leng":13796.7219975,"points":275,"Zone_Num":"13","GlobalID":"ec4f9c71-636b-4d26-ae65-b41b2efe8456","GlobalID_2":"b05be2bc-fe12-4087-a6d3-da48e536a500","Shape__Area":52498181.982421875,"Shape__Length":34777.20659307875}},{"type":"Feature","id":120,"geometry":{"type":"Polygon","coordinates":[[[-121.575131656897,39.7486348938564],[-121.57491195093,39.7484427303173],[-121.574686683169,39.7481979732408],[-121.574446880107,39.748005676741],[-121.574215725823,39.7479006018945],[-121.57403539304,39.7478130504853],[-121.573843078706,39.7477698943589],[-121.573462457161,39.7477099308293],[-121.573221967177,39.747713262759],[-121.572429219644,39.7477242414975],[-121.572241134153,39.7478358332309],[-121.571226131588,39.7478285633268],[-121.571050783476,39.7478273066879],[-121.570783502693,39.7478253904016],[-121.570323582642,39.7478220923584],[-121.570206804097,39.7478212544709],[-121.570199200408,39.7478211996907],[-121.57020096805,39.7479440434866],[-121.569477127808,39.7479443069681],[-121.568777646915,39.7479445561523],[-121.567860586417,39.7479448781797],[-121.566593770873,39.7479453101446],[-121.565481547375,39.7479456794919],[-121.565363160611,39.7344167878872],[-121.56305516912,39.7344787064132],[-121.563075057934,39.7343843139974],[-121.563135917786,39.7340954631857],[-121.563188154542,39.7338475437359],[-121.56325787721,39.733516677838],[-121.563321727472,39.7332136295364],[-121.563379346754,39.7329401817885],[-121.563398041099,39.7328514483832],[-121.56324717996,39.7326435171181],[-121.563042769609,39.7323617733432],[-121.5628383609,39.732080029184],[-121.562629035985,39.7317915066749],[-121.562409178644,39.7314884587729],[-121.562206882294,39.731209619687],[-121.562070737481,39.7310219593316],[-121.561961293833,39.7308711031808],[-121.564214663997,39.7308718346945],[-121.564465204501,39.7308719127243],[-121.564658565955,39.7308719732891],[-121.564668531481,39.7308719777245],[-121.564737653302,39.7308719991875],[-121.564818709734,39.7308720242072],[-121.565354845171,39.7308692559764],[-121.565353058856,39.7306587775083],[-121.565353025325,39.7306545864651],[-121.565352322741,39.7305678274247],[-121.565349897712,39.7302847634085],[-121.566088677599,39.7302920108604],[-121.566806747559,39.7302990504539],[-121.567030277176,39.730301127628],[-121.567030276981,39.7303011591516],[-121.567036151629,39.7305869838071],[-121.567039860561,39.7307678104299],[-121.567042014204,39.7308726930991],[-121.567539931613,39.7308728393754],[-121.567557543655,39.7308728437403],[-121.567590974804,39.73087285218],[-121.56801768818,39.7308729735002],[-121.568040773499,39.730872980768],[-121.56849785475,39.7308731091172],[-121.568977940839,39.7308732415798],[-121.568978032992,39.7308732419173],[-121.569458207737,39.7308733727456],[-121.56993837549,39.7308735006888],[-121.570210375193,39.7308735746442],[-121.570318966043,39.7308736027469],[-121.570482041287,39.7308736458529],[-121.570699549604,39.7308737026481],[-121.571080133166,39.7308738013186],[-121.571245898398,39.7308738432616],[-121.571755588304,39.7308739722563],[-121.572140222006,39.7308740687251],[-121.572229805665,39.7308740908171],[-121.572449370552,39.7308741446476],[-121.57271658519,39.7308742161446],[-121.572796428461,39.7308742339681],[-121.573160742683,39.7308743163954],[-121.573286354144,39.7308743467421],[-121.573286572283,39.7308743466323],[-121.573360564306,39.7308743644757],[-121.573524081675,39.7308744013669],[-121.573826757225,39.7308744736344],[-121.574121043199,39.7308745435891],[-121.574155593364,39.7308735355313],[-121.574267612963,39.7308144771323],[-121.57451265884,39.7306852835943],[-121.574551191197,39.7306846906244],[-121.57455171501,39.7306846826102],[-121.574551807174,39.730684681142],[-121.574933879306,39.7306788056551],[-121.574933925971,39.730678804923],[-121.574953998845,39.7306784991246],[-121.575191507834,39.7306748468522],[-121.575310759883,39.7306730128743],[-121.575319581875,39.730672877178],[-121.575335144605,39.7306726379044],[-121.575510649963,39.7306699384592],[-121.575687677748,39.7306672154187],[-121.576064594379,39.7306614176524],[-121.576455662057,39.730655401198],[-121.578373491474,39.7306258721193],[-121.579635196346,39.7306064330849],[-121.579636100601,39.7309757755413],[-121.579636945216,39.7313209990308],[-121.579637875821,39.7317015235609],[-121.579638961063,39.7321446393906],[-121.579640372856,39.7327219321864],[-121.579642277904,39.7335004066095],[-121.579643774267,39.7341118824071],[-121.579644512469,39.7344143223419],[-121.57964533759,39.7347513247253],[-121.579646670219,39.7352958937238],[-121.579647565836,39.7356614400015],[-121.579647934336,39.7358125680137],[-121.579648357885,39.7359852740311],[-121.579649156812,39.7363124396961],[-121.579649958616,39.7366399052611],[-121.579650759158,39.736967193346],[-121.579651595735,39.737309303258],[-121.57965502708,39.7387110754557],[-121.579656181181,39.7391828466791],[-121.579656350693,39.7392523056689],[-121.579656371011,39.7392531983236],[-121.579661918244,39.7395151427957],[-121.579668958786,39.7398475903373],[-121.579675781426,39.7401696836501],[-121.579682854212,39.7405035867362],[-121.579690208373,39.7408507092793],[-121.579699662725,39.7412971382907],[-121.579594684544,39.7413015298606],[-121.579598134996,39.7413446608038],[-121.579635906981,39.7418167803002],[-121.579490729664,39.7421707228217],[-121.57933331264,39.7422525579731],[-121.579328953614,39.7422724403809],[-121.579187701586,39.7429168726273],[-121.579094563205,39.7430437626018],[-121.579147780885,39.7431831855832],[-121.578919716284,39.7434034031158],[-121.578817864679,39.7435017495387],[-121.578804742277,39.7435144202878],[-121.578869996046,39.7435731272427],[-121.578484151299,39.7442609095229],[-121.578376516918,39.7447965929442],[-121.578310321649,39.7450366734167],[-121.578356478284,39.7451706285106],[-121.578077932097,39.7453993604889],[-121.578004242216,39.7456115232282],[-121.577859613375,39.746027923342],[-121.57761293782,39.7466264829451],[-121.57741552589,39.7471054987016],[-121.577184411032,39.7473970765066],[-121.577094320134,39.7477200162026],[-121.577182849541,39.7478905799795],[-121.576990716645,39.7482355188322],[-121.577014100154,39.7483673686245],[-121.576897297706,39.748643108044],[-121.57681727884,39.7486427366733],[-121.576678065787,39.748642089367],[-121.576610862823,39.7486417774485],[-121.575131656897,39.7486348938564]]]},"properties":{"FID":120,"Zone":"BUT-TOP-14","SubZone":" ","Community":"Town of Paradise","Status":"No Order or Warning","StructureC":662,"Descriptio":" ","Shape_Leng":8979.80376679,"points":165,"Zone_Num":"14","GlobalID":"5a4ec2c1-8529-4366-a706-f161bbae08bc","GlobalID_2":"7c20a97f-d419-4dee-a978-130c557c730f","Shape__Area":25280482.075195312,"Shape__Length":22628.284404922684}},{"type":"Feature","id":121,"geometry":{"type":"Polygon","coordinates":[[[-121.58169643244,39.7692814510403],[-121.58184450285,39.7692674696809],[-121.581846517325,39.7692672795854],[-121.581894085293,39.7692650274569],[-121.581993386805,39.7692603253682],[-121.581997435634,39.7692601343851],[-121.582052980713,39.7692601000553],[-121.582142556637,39.7692600441479],[-121.582148637533,39.7692600405055],[-121.582206286123,39.7692626984884],[-121.582291481337,39.7692666259365],[-121.58229957216,39.7692669995942],[-121.582357216283,39.7692723694289],[-121.582439633528,39.7692800481492],[-121.582449686492,39.7692809844722],[-121.582506261197,39.7692889579049],[-121.582586481316,39.7693002629688],[-121.582598428799,39.7693019463515],[-121.582653291994,39.7693123562859],[-121.582731508126,39.7693271974161],[-121.582745258032,39.7693298067624],[-121.582797972024,39.7693424607091],[-121.582874194004,39.7693607577863],[-121.582889636772,39.7693644647336],[-121.582939887698,39.7693791517294],[-121.583014035493,39.7694008234156],[-121.583031037092,39.7694057932103],[-121.583078591673,39.7694222926709],[-121.583150531589,39.7694472529351],[-121.583168942876,39.7694536408633],[-121.583213627399,39.7694717252107],[-121.583302848647,39.7695078329857],[-121.583427984577,39.7696186150473],[-121.583559042082,39.7697252414669],[-121.583695790011,39.7698275249678],[-121.58383798784,39.7699252836445],[-121.583985380975,39.7700183454496],[-121.584137712436,39.7701065464341],[-121.584294712355,39.7701897298094],[-121.584456102627,39.7702677495671],[-121.584621599261,39.7703404668842],[-121.584790908865,39.7704077537141],[-121.584963733312,39.770469491902],[-121.588479044053,39.7704644479162],[-121.591324757308,39.7704602872292],[-121.592245214752,39.7704589267195],[-121.592464948757,39.7704586011104],[-121.592926198747,39.7704579158756],[-121.593100710216,39.7704576561214],[-121.593443265788,39.7704571450341],[-121.59380634044,39.7704566028502],[-121.593814637951,39.7704565900383],[-121.593814717317,39.770456590312],[-121.594013145538,39.7704562937058],[-121.594567946433,39.7704554615644],[-121.594998539139,39.770454813979],[-121.595579748701,39.7704539381913],[-121.595579934283,39.7704539379279],[-121.595953220595,39.7704533728542],[-121.596596258181,39.7704523979316],[-121.597176294686,39.7704515156504],[-121.597705807303,39.770450708319],[-121.597901649018,39.7704504080343],[-121.598490105549,39.7704495066003],[-121.599388906789,39.7704481236013],[-121.599645943908,39.7704477268457],[-121.600758318635,39.7704460036693],[-121.601818648609,39.7704443507203],[-121.601913709849,39.7704442019435],[-121.60305843995,39.7704424060885],[-121.604000690568,39.770440919074],[-121.604279195634,39.7704404781126],[-121.604950482315,39.7704394128903],[-121.606059488289,39.7704376445541],[-121.606598170089,39.7704367819782],[-121.607143776772,39.7704359058138],[-121.607714393836,39.7704349870429],[-121.608034645485,39.770434469999],[-121.608089522922,39.7704343815339],[-121.608327096003,39.7704339965274],[-121.608588595156,39.7704335734779],[-121.608920292188,39.7704330353229],[-121.609155619597,39.7704326528962],[-121.609347590829,39.7704323405471],[-121.60978995662,39.7704316202907],[-121.609790142202,39.770431620005],[-121.608748387329,39.771530337383],[-121.608618462635,39.7716832205536],[-121.608495635639,39.7718395596455],[-121.608380061549,39.7719991561472],[-121.608271885074,39.772161811511],[-121.608171240456,39.7723273208495],[-121.608078254951,39.772495477449],[-121.60799304651,39.7726660691604],[-121.607915717926,39.7728388819812],[-121.607846373171,39.7730137001105],[-121.607785092896,39.7731903040655],[-121.607731955439,39.7733684716523],[-121.607687030972,39.7735479797477],[-121.607622553723,39.7737600883669],[-121.607549920124,39.7739706205943],[-121.607469190672,39.7741793910779],[-121.607427378771,39.7742768281642],[-121.607380439884,39.7743862127097],[-121.607283745757,39.7745909028953],[-121.607179190956,39.7747932799551],[-121.607066870977,39.7749931640526],[-121.60694688597,39.7751903789684],[-121.606819340757,39.7753847484972],[-121.606684348316,39.7755761000632],[-121.606542030952,39.7757642638227],[-121.606447309554,39.7759546507999],[-121.606344188672,39.7761424201749],[-121.606232788544,39.7763273525637],[-121.606113238739,39.7765092304139],[-121.605985680484,39.7766878398132],[-121.605850263159,39.7768629713793],[-121.605707145468,39.7770344184621],[-121.605556496599,39.7772019798501],[-121.60539849389,39.7773654588614],[-121.605233321664,39.7775246633411],[-121.60509838027,39.7776459632012],[-121.605061173556,39.7776794065689],[-121.604882253689,39.7778295063629],[-121.604696770826,39.7779747868618],[-121.601776548667,39.7801330388082],[-121.601016403296,39.780738139798],[-121.600442849942,39.7811174820187],[-121.600040181543,39.7813186731469],[-121.599622476383,39.781448320855],[-121.598900264747,39.7815268639063],[-121.598772572092,39.7815407505998],[-121.598333682139,39.7815965186209],[-121.597768032395,39.7816683912549],[-121.597071936314,39.7818685698213],[-121.596545229349,39.7821527314275],[-121.595893052347,39.7827700847856],[-121.593779250608,39.7850981862471],[-121.59331809598,39.785776894121],[-121.593125015468,39.7860610566931],[-121.592641616554,39.786857701662],[-121.592203914969,39.7877617392646],[-121.591824171701,39.7885992496036],[-121.590821403271,39.7904998117924],[-121.590415391119,39.7912601507245],[-121.590190751832,39.7915583855991],[-121.589943418584,39.7918867494916],[-121.589252559021,39.7924150506332],[-121.588452334147,39.792776882166],[-121.587693477181,39.7931197678454],[-121.587120522358,39.7933679788561],[-121.586624791273,39.7936164580708],[-121.586236894205,39.7939129746944],[-121.586009794752,39.7941820542895],[-121.585804011504,39.7945030391784],[-121.585578464656,39.7950312773439],[-121.585324900844,39.7955951621094],[-121.585231536228,39.7959295228306],[-121.585115993182,39.7959346298787],[-121.585006325012,39.7959350812368],[-121.583380644046,39.7959417591483],[-121.581969450036,39.795947537583],[-121.581965136514,39.7945147676901],[-121.582410052767,39.794511791837],[-121.582407269956,39.7941198647157],[-121.582465988167,39.7941194657904],[-121.583383835787,39.7923021583285],[-121.58194862275,39.7923050241124],[-121.581949031857,39.7917904114582],[-121.581949215715,39.7915602656337],[-121.581949387126,39.7913431713592],[-121.581951140126,39.7891425911621],[-121.581951449936,39.7887532879262],[-121.581963286192,39.7887532281552],[-121.58196303109,39.7886983088164],[-121.582549495765,39.7886952277487],[-121.582546365001,39.7879704850851],[-121.582533676292,39.7850316039064],[-121.582945433598,39.7850331642858],[-121.582946900313,39.7841976190137],[-121.582947765224,39.783705032339],[-121.582947943253,39.7836044494071],[-121.583119213573,39.7836033128955],[-121.58311976238,39.7829726472805],[-121.583120778009,39.7818038325015],[-121.583130413645,39.7806433969538],[-121.583462386075,39.7806446227729],[-121.584303583582,39.7806477234408],[-121.584319577787,39.7785005802433],[-121.584325389863,39.7778251720532],[-121.584300898695,39.7777458415244],[-121.584271253763,39.7776498122944],[-121.584272756284,39.7775125475097],[-121.584279762134,39.7768730946346],[-121.584283688282,39.7765146568],[-121.584288748215,39.7760529784746],[-121.58430095406,39.7759417764078],[-121.584332193808,39.7756571992915],[-121.584347044578,39.7754514662022],[-121.584299875564,39.7750368248893],[-121.584310105835,39.7741122845348],[-121.582006138486,39.7741239537624],[-121.582005520581,39.7733991123354],[-121.582036836961,39.773398953277],[-121.582039983499,39.7726875405921],[-121.582002940886,39.7726877351683],[-121.582004751505,39.772492264082],[-121.582023351805,39.7704856940523],[-121.581679920058,39.7704907685712],[-121.58169643244,39.7692814510403]]]},"properties":{"FID":121,"Zone":"BUT-TOP-02","SubZone":" ","Community":"Town of Paradise","Status":"No Order or Warning","StructureC":1797,"Descriptio":" ","Shape_Leng":13005.5455644,"points":210,"Zone_Num":"2","GlobalID":"ba68b325-100b-4d94-b3af-90c128f72482","GlobalID_2":"b2c32926-4a63-4de9-aba4-927010c0c1a5","Shape__Area":38558860.21191406,"Shape__Length":32766.15236171825}},{"type":"Feature","id":122,"geometry":{"type":"Polygon","coordinates":[[[-121.579556102248,39.8005398214584],[-121.579563978509,39.8004613176817],[-121.578501166819,39.8004814275174],[-121.578580120479,39.7995716529841],[-121.575308963009,39.799561762225],[-121.575066515727,39.7992178056105],[-121.574708000354,39.7987091791699],[-121.573789746543,39.7974064061543],[-121.572894311788,39.796135955484],[-121.57203755963,39.794893852167],[-121.572009670957,39.7948513662402],[-121.570364929333,39.7923454902236],[-121.570328170364,39.7923455164754],[-121.570113001221,39.7923456762822],[-121.568985183416,39.7923465062479],[-121.568992902113,39.7910251395208],[-121.569007289799,39.78856156187],[-121.569189570694,39.7885612955584],[-121.569190079638,39.7885195098429],[-121.569203611919,39.7879056180064],[-121.569204772152,39.787852835653],[-121.569208530904,39.7876530352613],[-121.569214975517,39.7873898454484],[-121.569205405556,39.7867946334675],[-121.569195535793,39.7865047302957],[-121.56916461433,39.7855965318233],[-121.570143701741,39.7855955406537],[-121.570283014081,39.7856111955795],[-121.570282600756,39.7855953953675],[-121.570275405435,39.7850905328743],[-121.570152020414,39.7850900520537],[-121.570151445527,39.784164332543],[-121.570150034608,39.7832559728394],[-121.570149501617,39.7829106669594],[-121.570149079272,39.7826404272106],[-121.570148659265,39.7823701874421],[-121.57014819338,39.7820699199018],[-121.570147744713,39.7817815061638],[-121.57014746839,39.7816026510519],[-121.570147338462,39.781520258689],[-121.570147186117,39.7814340969192],[-121.570146649117,39.7811303884343],[-121.570146127278,39.7808365846879],[-121.570145608735,39.7805428151459],[-121.570145085952,39.7802489762032],[-121.570144744968,39.7800570591627],[-121.569959970581,39.7800540906503],[-121.569946812545,39.7800538741815],[-121.569569257944,39.7800477944045],[-121.569504309204,39.7800467473269],[-121.567902406739,39.7800563208247],[-121.567900526547,39.778803024384],[-121.567899090628,39.7778439896608],[-121.570131418376,39.7778620865343],[-121.57013221722,39.777546322459],[-121.570133018402,39.7772305565527],[-121.570133955453,39.7768598759889],[-121.570134892505,39.7764891935712],[-121.570135309475,39.7763244479164],[-121.570137188763,39.7755831828699],[-121.570138001381,39.7752619262433],[-121.570138811728,39.7749406578601],[-121.570139624396,39.7746193903465],[-121.570140382578,39.774319767661],[-121.570153640384,39.7742728754737],[-121.570148531986,39.7739186034755],[-121.570140615927,39.7733694362605],[-121.570135698365,39.7730299431486],[-121.570134063734,39.7729163545656],[-121.57012753706,39.7724633125145],[-121.570118302628,39.7718225232421],[-121.567771726461,39.7718190825652],[-121.567778178593,39.770618298861],[-121.570101435762,39.7706511624525],[-121.570095236286,39.7704355444888],[-121.570075659797,39.7697546457763],[-121.570430394526,39.7697474099522],[-121.570873091728,39.7697383788302],[-121.571822876846,39.7697189956618],[-121.573700997399,39.7696806465958],[-121.575179150305,39.769650442869],[-121.575968953864,39.769634296744],[-121.575970140025,39.7697851925311],[-121.578885915365,39.7697227002299],[-121.579247692603,39.7702309930714],[-121.579503630645,39.7701025725715],[-121.57976408193,39.7699796752632],[-121.580028848665,39.769862397685],[-121.580297724948,39.769750827341],[-121.580428859934,39.7696999775938],[-121.580570504876,39.7696450526374],[-121.580846980275,39.7695451520664],[-121.581126937135,39.7694512050015],[-121.581410160336,39.7693632818072],[-121.58169643244,39.7692814510403],[-121.581679920058,39.7704907685712],[-121.582023351805,39.7704856940523],[-121.582004751505,39.772492264082],[-121.582002940886,39.7726877351683],[-121.582039983499,39.7726875405921],[-121.582036836961,39.773398953277],[-121.582005520581,39.7733991123354],[-121.582006138486,39.7741239537624],[-121.584310105835,39.7741122845348],[-121.584299875564,39.7750368248893],[-121.584347044578,39.7754514662022],[-121.584332193808,39.7756571992915],[-121.58430095406,39.7759417764078],[-121.584288748215,39.7760529784746],[-121.584283688282,39.7765146568],[-121.584279762134,39.7768730946346],[-121.584272756284,39.7775125475097],[-121.584271253763,39.7776498122944],[-121.584300898695,39.7777458415244],[-121.584325389863,39.7778251720532],[-121.584319577787,39.7785005802433],[-121.584303583582,39.7806477234408],[-121.583462386075,39.7806446227729],[-121.583130413645,39.7806433969538],[-121.583120778009,39.7818038325015],[-121.58311976238,39.7829726472805],[-121.583119213573,39.7836033128955],[-121.582947943253,39.7836044494071],[-121.582947765224,39.783705032339],[-121.582946900313,39.7841976190137],[-121.582945433598,39.7850331642858],[-121.582533676292,39.7850316039064],[-121.582546365001,39.7879704850851],[-121.582549495765,39.7886952277487],[-121.58196303109,39.7886983088164],[-121.581963286192,39.7887532281552],[-121.581951449936,39.7887532879262],[-121.581951140126,39.7891425911621],[-121.581949387126,39.7913431713592],[-121.581949215715,39.7915602656337],[-121.581949031857,39.7917904114582],[-121.58194862275,39.7923050241124],[-121.583383835787,39.7923021583285],[-121.582465988167,39.7941194657904],[-121.582407269956,39.7941198647157],[-121.582410052767,39.794511791837],[-121.581965136514,39.7945147676901],[-121.581969450036,39.795947537583],[-121.583380644046,39.7959417591483],[-121.585006325012,39.7959350812368],[-121.585115993182,39.7959346298787],[-121.585231536228,39.7959295228306],[-121.585180114869,39.7961136735216],[-121.585128107751,39.7962487870183],[-121.584853154575,39.7969631040874],[-121.584460092615,39.7976051341],[-121.5841796827,39.7980044925668],[-121.584012383358,39.7982110483869],[-121.583887137881,39.798365679484],[-121.583601080516,39.7986744615948],[-121.583358754516,39.7989023744796],[-121.583103982569,39.7991445418102],[-121.582793655991,39.799376979192],[-121.582489536035,39.7996046714052],[-121.582198026877,39.7997895141561],[-121.581708511633,39.800021313066],[-121.58125646449,39.8001865189699],[-121.580813094366,39.8003439389189],[-121.58071155984,39.8003799879971],[-121.57988460856,39.8007047184007],[-121.579881628638,39.8007058885495],[-121.579767158891,39.8007781380382],[-121.579526978058,39.8009297325462],[-121.579521091681,39.8008888698858],[-121.579556102248,39.8005398214584]]]},"properties":{"FID":122,"Zone":"BUT-TOP-03","SubZone":" ","Community":"Town of Paradise","Status":"No Order or Warning","StructureC":1148,"Descriptio":" ","Shape_Leng":13901.6893995,"points":170,"Zone_Num":"3","GlobalID":"261ba8f1-1e92-464e-95d9-5ffed6db778c","GlobalID_2":"6eecf788-8fce-43fe-8fb6-d23375e13503","Shape__Area":39281694.234375,"Shape__Length":35017.28063747659}},{"type":"Feature","id":123,"geometry":{"type":"Polygon","coordinates":[[[-121.618469783846,39.7594643194617],[-121.619432337017,39.759464204614],[-121.620283369115,39.7594640978942],[-121.62188442333,39.75946387853],[-121.622184778534,39.7594638357063],[-121.623940517254,39.7594635658298],[-121.624291213377,39.7589466639532],[-121.624804960808,39.7589770770372],[-121.625052382422,39.7589789144734],[-121.625115071312,39.7589793797824],[-121.626634765801,39.7589908545655],[-121.62663608719,39.7588548660331],[-121.627685416483,39.7588648339269],[-121.627686655497,39.7587551918044],[-121.629257924842,39.7587683855158],[-121.629293516066,39.7587686840162],[-121.629292031146,39.7594139486543],[-121.62929184021,39.7594968826104],[-121.629291784989,39.7595207990763],[-121.629790350232,39.759526020834],[-121.631260839648,39.7595414089658],[-121.631257988438,39.7593194843641],[-121.631213691107,39.7558699369262],[-121.63204064493,39.7558731916069],[-121.633491092436,39.7558788855536],[-121.635511961911,39.7558867891095],[-121.635522640263,39.755886830272],[-121.63564682698,39.7558873146141],[-121.63588297475,39.7558882360908],[-121.635907016707,39.7552448904539],[-121.640188630027,39.7516677754771],[-121.640225704329,39.7516605518239],[-121.640984149595,39.7515127711852],[-121.643306646344,39.7513482506786],[-121.643730821424,39.7513113524385],[-121.644789204928,39.7512192817503],[-121.645530771185,39.7510975974233],[-121.647285716746,39.7508264336646],[-121.647559266948,39.7507725634925],[-121.648620739921,39.7505635231283],[-121.650770111017,39.7504364672001],[-121.651174635251,39.7504246579147],[-121.652548631858,39.7503845361741],[-121.655240402921,39.7504496427056],[-121.655161580614,39.756435645528],[-121.636378564379,39.7704391191368],[-121.609790142202,39.770431620005],[-121.610129690097,39.7698383233064],[-121.61139560267,39.7684841715227],[-121.613563899818,39.7658759125398],[-121.614366010356,39.7646095686652],[-121.61496434388,39.7638966113821],[-121.615491785126,39.7634395985591],[-121.616274677609,39.7628523465711],[-121.617111819779,39.7622235633688],[-121.617360659548,39.7618907454429],[-121.617920114992,39.7612193494861],[-121.618163562935,39.76045756279],[-121.618469783846,39.7594643194617]]]},"properties":{"FID":123,"Zone":"BUT-TOP-04","SubZone":" ","Community":"Town of Paradise","Status":"No Order or Warning","StructureC":1622,"Descriptio":" ","Shape_Leng":13778.7316582,"points":59,"Zone_Num":"4","GlobalID":"a646f8d1-1743-4cbf-8181-961bd6817f93","GlobalID_2":"a005ec5a-5511-495f-84d4-fc8c9b3d6cf2","Shape__Area":50248292.642578125,"Shape__Length":34745.162700009045}},{"type":"Feature","id":124,"geometry":{"type":"Polygon","coordinates":[[[-121.604242450261,39.748552107655],[-121.605960767462,39.7485678231176],[-121.607058180008,39.748577847205],[-121.607597883181,39.7485827727141],[-121.607811914007,39.7485847252523],[-121.607812099527,39.7485847258703],[-121.610319501539,39.748573808981],[-121.610319687063,39.7485738086944],[-121.611773402113,39.7485729597345],[-121.614294586927,39.7485714464055],[-121.61429477128,39.7485714470094],[-121.616031485105,39.7484460467028],[-121.619214042661,39.7484996281003],[-121.622108411018,39.7485482834793],[-121.622108595366,39.7485482849717],[-121.622585459136,39.7485487059358],[-121.623002136932,39.7485490727579],[-121.623002322456,39.7485490724513],[-121.623004180083,39.7485490594856],[-121.625164598431,39.7485342415174],[-121.625164783955,39.7485342412074],[-121.626636554059,39.7485315044703],[-121.62663674075,39.7485315041617],[-121.626632040113,39.7505502536825],[-121.626631853421,39.7505502530905],[-121.626472858429,39.7505500594888],[-121.626458410705,39.7505500415706],[-121.62644877755,39.7505504271212],[-121.62632850081,39.7505552432712],[-121.626285013888,39.7505569840623],[-121.626278494252,39.7505575154852],[-121.626112812557,39.7505710238708],[-121.626112345617,39.750571062018],[-121.626105192841,39.7505719453888],[-121.625948839383,39.7505912538413],[-121.625940897298,39.7505922346701],[-121.625898503391,39.750599279308],[-121.62578624008,39.7506179341352],[-121.62577115811,39.750620441432],[-121.625727007896,39.7506297060119],[-121.625625365978,39.750651036153],[-121.625603609173,39.7506556018788],[-121.625563482895,39.7506658267118],[-121.625466513533,39.7506905374269],[-121.625438732875,39.750697616678],[-121.625404558212,39.7507079171346],[-121.625313035378,39.7507355020177],[-121.625276996559,39.7507463648352],[-121.625242568638,39.7507584135641],[-121.625155748265,39.7507887982037],[-121.625118860658,39.7508017082236],[-121.625087550125,39.7508142622088],[-121.625002258799,39.7508484605903],[-121.624964778717,39.7508634888813],[-121.624936541219,39.7508763327276],[-121.624852988996,39.7509143365203],[-121.62481518922,39.750931529886],[-121.624789960538,39.7509444535386],[-121.624708344605,39.750986261577],[-121.624670519071,39.7510056380683],[-121.62464821746,39.7510184368201],[-121.624568719783,39.7510640577982],[-121.624531177778,39.7510856021904],[-121.624511701618,39.7510980784759],[-121.624434492402,39.7511475390649],[-121.624397565609,39.7511711938741],[-121.6243807969,39.7511831590814],[-121.624306020525,39.7512365146922],[-121.624270064257,39.75126216847],[-121.624255863942,39.7512734438272],[-121.62418119796,39.7513327298023],[-121.62414903566,39.7513582677565],[-121.624138733719,39.7513673740917],[-121.6240645883,39.7514329096866],[-121.624034827849,39.7514592163548],[-121.624027794238,39.7514661462604],[-121.623944347921,39.7515483804478],[-121.623927760921,39.7515647270885],[-121.623925423894,39.7515673036808],[-121.623828144552,39.7516744992373],[-121.623738203365,39.7517858162661],[-121.623736261648,39.7517882202862],[-121.623724444864,39.7518047487683],[-121.623657349693,39.7518986051644],[-121.623652374192,39.7519055641426],[-121.623636259634,39.7519312595302],[-121.623583996677,39.7520145982931],[-121.623576723202,39.7520261983413],[-121.623562004986,39.7520532618149],[-121.623533008066,39.752106586753],[-121.623510003793,39.7521488875832],[-121.623509520604,39.7521497768126],[-121.621895455263,39.7555981822422],[-121.621682899012,39.7556561175782],[-121.621682381301,39.755656259123],[-121.621667292582,39.755660870763],[-121.621474858338,39.7557196890983],[-121.621472284518,39.755720476125],[-121.621428420995,39.7557353782718],[-121.621270018803,39.7557891943261],[-121.621265464098,39.7557907414559],[-121.62121137598,39.7558110237245],[-121.621068665617,39.7558645369225],[-121.621062209926,39.7558669569909],[-121.621004103003,39.7558908703848],[-121.620871075856,39.7559456142187],[-121.620862810777,39.7559490146954],[-121.620803517284,39.7559756721467],[-121.620677883444,39.7560321526673],[-121.62066754847,39.7560367993088],[-121.62059462876,39.7560724799079],[-121.620484895124,39.7561261734114],[-121.620476697883,39.7561301847413],[-121.620407017241,39.7561671861548],[-121.620296679173,39.7562257763364],[-121.620290528086,39.7562290412827],[-121.620225454419,39.7562664537447],[-121.62011349891,39.7563308164038],[-121.620109305879,39.7563332284087],[-121.62005119287,39.7563693356283],[-121.619935623529,39.7564411431914],[-121.619933281766,39.7564425983378],[-121.619887059355,39.7564735991689],[-121.619763305942,39.756556596317],[-121.61976270863,39.7565569969924],[-121.619742718728,39.7565714568128],[-121.619597826557,39.7566762630487],[-121.619438866346,39.7568002279479],[-121.619295898189,39.7571199135992],[-121.619292537439,39.7571274261175],[-121.619290726438,39.7571317066007],[-121.619156247029,39.757449581205],[-121.619153331907,39.7574564709884],[-121.619145957953,39.757474946213],[-121.619043814258,39.7577308449449],[-121.619021291179,39.7577872708494],[-121.618989730415,39.7578713219931],[-121.618916562778,39.7580661761637],[-121.618896453199,39.7581197321759],[-121.618865833182,39.7582067036249],[-121.618796674159,39.7584031351556],[-121.618778850073,39.7584537623235],[-121.618749321903,39.7585435518925],[-121.618684184033,39.7587416256847],[-121.618668517423,39.7587892659563],[-121.618640231144,39.7588817525428],[-121.618579125713,39.7590815488044],[-121.618565485031,39.7591261495198],[-121.618538590849,39.7592211822992],[-121.618469783846,39.7594643194617],[-121.618163562935,39.76045756279],[-121.617920114992,39.7612193494861],[-121.617360659548,39.7618907454429],[-121.617111819779,39.7622235633688],[-121.616274677609,39.7628523465711],[-121.615491785126,39.7634395985591],[-121.61496434388,39.7638966113821],[-121.614366010356,39.7646095686652],[-121.613563899818,39.7658759125398],[-121.61139560267,39.7684841715227],[-121.610129690097,39.7698383233064],[-121.609790142202,39.770431620005],[-121.60978995662,39.7704316202907],[-121.609347590829,39.7704323405471],[-121.609155619597,39.7704326528962],[-121.608920292188,39.7704330353229],[-121.608588595156,39.7704335734779],[-121.608327096003,39.7704339965274],[-121.608089522922,39.7704343815339],[-121.608034645485,39.770434469999],[-121.607714393836,39.7704349870429],[-121.607143776772,39.7704359058138],[-121.606598170089,39.7704367819782],[-121.606059488289,39.7704376445541],[-121.604950482315,39.7704394128903],[-121.604279195634,39.7704404781126],[-121.604000690568,39.770440919074],[-121.60305843995,39.7704424060885],[-121.601913709849,39.7704442019435],[-121.601818648609,39.7704443507203],[-121.600758318635,39.7704460036693],[-121.599645943908,39.7704477268457],[-121.599388906789,39.7704481236013],[-121.598490105549,39.7704495066003],[-121.597901649018,39.7704504080343],[-121.597705807303,39.770450708319],[-121.597176294686,39.7704515156504],[-121.596596258181,39.7704523979316],[-121.595953220595,39.7704533728542],[-121.595579934283,39.7704539379279],[-121.595579748701,39.7704539381913],[-121.595578561119,39.7704467503129],[-121.595581705205,39.7690027403402],[-121.59549521278,39.7690014678453],[-121.595495027212,39.7690014663072],[-121.595481806098,39.7676734417751],[-121.595481991673,39.7676734415119],[-121.595887356309,39.7676703370899],[-121.59633682742,39.7676668925011],[-121.597250648702,39.7676598833411],[-121.597238544967,39.7662286895515],[-121.597213149443,39.7632255274744],[-121.597213091789,39.7632115874614],[-121.597212972938,39.7631826986621],[-121.598248229974,39.7631861650646],[-121.598379161399,39.7631866026987],[-121.599025302725,39.7631887605883],[-121.599025488283,39.7631887612201],[-121.599193411795,39.763188377295],[-121.599549208666,39.7631875630871],[-121.599894697985,39.7631867722261],[-121.60041280941,39.7631855836182],[-121.600556256,39.7631852542916],[-121.60062618318,39.7631850933785],[-121.60062636991,39.7631850931112],[-121.600657439666,39.762521743611],[-121.600669118416,39.7625217138653],[-121.600674494114,39.7621576287662],[-121.600741713962,39.7621574595073],[-121.601856407077,39.7621546462387],[-121.60187453139,39.7621546003388],[-121.601962207313,39.7621543788537],[-121.601962392873,39.7621543785803],[-121.601964812426,39.7619256591639],[-121.603132933859,39.7619227099863],[-121.603133119419,39.7619227097111],[-121.603134386145,39.7617832014038],[-121.603137607052,39.7614284768417],[-121.603135177089,39.7613466373872],[-121.603129995582,39.7611721456252],[-121.603127421456,39.7610854690254],[-121.603117207464,39.7607415162543],[-121.60311494717,39.7606653795553],[-121.603107816942,39.7604252927505],[-121.603098430393,39.7601092070252],[-121.603095308504,39.7600040618953],[-121.603083733336,39.7596142597579],[-121.603079980344,39.7594878402093],[-121.60393320265,39.7594910456502],[-121.604165093921,39.7594919155066],[-121.604165279469,39.7594919161303],[-121.60414357948,39.7594230266902],[-121.604139931611,39.7590801821028],[-121.604136960944,39.7588009647302],[-121.604133317787,39.7584585370926],[-121.604957757578,39.7584601927879],[-121.604957941956,39.7584601934065],[-121.604960414678,39.7582018360172],[-121.604965095011,39.7577129134876],[-121.604969562793,39.7572459721788],[-121.604969377251,39.7572459715563],[-121.60497035758,39.7571435980201],[-121.604611230018,39.7571437057839],[-121.604611043304,39.7571437060576],[-121.604602124625,39.7559030424081],[-121.604602310169,39.7559030421305],[-121.604704001939,39.7559024937156],[-121.604704187483,39.7559024934379],[-121.604763535885,39.7559021729827],[-121.605006472569,39.7559008626234],[-121.605185816592,39.7558998951589],[-121.605192341993,39.7558138713231],[-121.605186655115,39.7542035203848],[-121.605186119238,39.7540516059256],[-121.605186305939,39.7540516065517],[-121.605449541845,39.7540510514885],[-121.605809042297,39.7540502921766],[-121.606243266054,39.7540493745843],[-121.606440051052,39.7535518642847],[-121.606023000392,39.7536119266228],[-121.606022816027,39.7536119260058],[-121.605896710971,39.7536113283251],[-121.605895025394,39.7536857847933],[-121.605894839861,39.7536857841722],[-121.605645096865,39.7536851109557],[-121.605644911333,39.7536851103343],[-121.605645833253,39.7533810259377],[-121.605646019947,39.7533810274637],[-121.605670468223,39.753381302096],[-121.605684268307,39.7527713583675],[-121.605650516312,39.7527273613608],[-121.60559688645,39.7526574508652],[-121.605376951118,39.7525081246633],[-121.605367928573,39.7523017993365],[-121.605365772014,39.7522242604298],[-121.605261381466,39.7519698476497],[-121.605232940284,39.7518410906298],[-121.605189108406,39.751467889744],[-121.605183486963,39.7512165406658],[-121.604812161724,39.7504992885256],[-121.60459855285,39.7501020381867],[-121.604464022953,39.7498518050988],[-121.604464208476,39.7498518057221],[-121.604462677316,39.7498489580202],[-121.604450540397,39.7497677620398],[-121.604430699003,39.7496350327676],[-121.604399339231,39.7494252581166],[-121.604387859366,39.7493477886518],[-121.604399515768,39.7492129134827],[-121.604432601473,39.748830221362],[-121.604307296223,39.7486469514977],[-121.604242450261,39.748552107655]]]},"properties":{"FID":124,"Zone":"BUT-TOP-05","SubZone":" ","Community":"Town of Paradise","Status":"No Order or Warning","StructureC":1566,"Descriptio":" ","Shape_Leng":12584.5530736,"points":302,"Zone_Num":"5","GlobalID":"2d3a8c95-72ef-47ff-ba4c-58997648b5f6","GlobalID_2":"574608d2-ab59-4a01-9f43-8d79a2765c07","Shape__Area":37390299.560546875,"Shape__Length":31723.635044618553}},{"type":"Feature","id":125,"geometry":{"type":"Polygon","coordinates":[[[-121.594941404416,39.752268045488],[-121.595004920609,39.7522684648473],[-121.595343073906,39.752270695788],[-121.595263716837,39.7510019742573],[-121.595876957721,39.7509969969659],[-121.595863978236,39.7499097009099],[-121.596356779028,39.749905240759],[-121.596683740539,39.7496702001504],[-121.596724350008,39.7496256860476],[-121.5966714215,39.7495830825113],[-121.596628739445,39.7495020413351],[-121.596638559945,39.749460151738],[-121.596648720174,39.7494168077978],[-121.596888829663,39.7489283731072],[-121.596927913538,39.748596315615],[-121.596852480916,39.7484650788935],[-121.59667438027,39.7483490524553],[-121.596507182657,39.7483077064419],[-121.596527679385,39.7482958300097],[-121.596595318081,39.7482566361347],[-121.596804535595,39.7481354028647],[-121.596890351429,39.7480856763181],[-121.597247819989,39.7478484444295],[-121.59747028584,39.7476740410346],[-121.59756280635,39.747601508162],[-121.597868390474,39.7472711823415],[-121.597948101022,39.7471850158677],[-121.597957506846,39.7471719232099],[-121.598243751676,39.7467734934849],[-121.598467583399,39.7467732384616],[-121.598468042278,39.7467466797273],[-121.599086979248,39.7467484297772],[-121.599388248338,39.7467492806338],[-121.600507611075,39.746752435055],[-121.600870095848,39.7467527665854],[-121.601666233869,39.7467534914915],[-121.602233326249,39.7467540047722],[-121.602424043424,39.7467541761502],[-121.603112318132,39.7467541522706],[-121.603107916127,39.7471506890955],[-121.60310602017,39.7472834886519],[-121.603102731675,39.7475139312217],[-121.603101409875,39.7476685706915],[-121.603093766631,39.7485632973403],[-121.603310894858,39.7485611830011],[-121.603314359302,39.7485611496404],[-121.604001984634,39.7485544514478],[-121.604012384974,39.7485543495266],[-121.604012848224,39.74855434478],[-121.604242265899,39.7485521088367],[-121.604242450261,39.748552107655],[-121.604307296223,39.7486469514977],[-121.604432601473,39.748830221362],[-121.604399515768,39.7492129134827],[-121.604387859366,39.7493477886518],[-121.604399339231,39.7494252581166],[-121.604430699003,39.7496350327676],[-121.604450540397,39.7497677620398],[-121.604462677316,39.7498489580202],[-121.604464208476,39.7498518057221],[-121.604464022953,39.7498518050988],[-121.60459855285,39.7501020381867],[-121.604812161724,39.7504992885256],[-121.605183486963,39.7512165406658],[-121.605189108406,39.751467889744],[-121.605232940284,39.7518410906298],[-121.605261381466,39.7519698476497],[-121.605365772014,39.7522242604298],[-121.605367928573,39.7523017993365],[-121.605376951118,39.7525081246633],[-121.60559688645,39.7526574508652],[-121.605650516312,39.7527273613608],[-121.605684268307,39.7527713583675],[-121.605670468223,39.753381302096],[-121.605646019947,39.7533810274637],[-121.605645833253,39.7533810259377],[-121.605644911333,39.7536851103343],[-121.605645096865,39.7536851109557],[-121.605894839861,39.7536857841722],[-121.605895025394,39.7536857847933],[-121.605896710971,39.7536113283251],[-121.606022816027,39.7536119260058],[-121.606023000392,39.7536119266228],[-121.606440051052,39.7535518642847],[-121.606243266054,39.7540493745843],[-121.605809042297,39.7540502921766],[-121.605449541845,39.7540510514885],[-121.605186305939,39.7540516065517],[-121.605186119238,39.7540516059256],[-121.605186655115,39.7542035203848],[-121.605192341993,39.7558138713231],[-121.605185816592,39.7558998951589],[-121.605006472569,39.7559008626234],[-121.604763535885,39.7559021729827],[-121.604704187483,39.7559024934379],[-121.604704001939,39.7559024937156],[-121.604602310169,39.7559030421305],[-121.604602124625,39.7559030424081],[-121.604611043304,39.7571437060576],[-121.604611230018,39.7571437057839],[-121.60497035758,39.7571435980201],[-121.604969377251,39.7572459715563],[-121.604969562793,39.7572459721788],[-121.604965095011,39.7577129134876],[-121.604960414678,39.7582018360172],[-121.604957941956,39.7584601934065],[-121.604957757578,39.7584601927879],[-121.604133317787,39.7584585370926],[-121.604136960944,39.7588009647302],[-121.604139931611,39.7590801821028],[-121.60414357948,39.7594230266902],[-121.604165279469,39.7594919161303],[-121.604165093921,39.7594919155066],[-121.60393320265,39.7594910456502],[-121.603079980344,39.7594878402093],[-121.603083733336,39.7596142597579],[-121.603095308504,39.7600040618953],[-121.603098430393,39.7601092070252],[-121.603107816942,39.7604252927505],[-121.60311494717,39.7606653795553],[-121.603117207464,39.7607415162543],[-121.603127421456,39.7610854690254],[-121.603129995582,39.7611721456252],[-121.603135177089,39.7613466373872],[-121.603137607052,39.7614284768417],[-121.603134386145,39.7617832014038],[-121.603133119419,39.7619227097111],[-121.603132933859,39.7619227099863],[-121.601964812426,39.7619256591639],[-121.601962392873,39.7621543785803],[-121.601962207313,39.7621543788537],[-121.60187453139,39.7621546003388],[-121.601856407077,39.7621546462387],[-121.600741713962,39.7621574595073],[-121.600674494114,39.7621576287662],[-121.600669118416,39.7625217138653],[-121.600657439666,39.762521743611],[-121.60062636991,39.7631850931112],[-121.60062618318,39.7631850933785],[-121.600556256,39.7631852542916],[-121.60041280941,39.7631855836182],[-121.599894697985,39.7631867722261],[-121.599549208666,39.7631875630871],[-121.599193411795,39.763188377295],[-121.599025488283,39.7631887612201],[-121.599025302725,39.7631887605883],[-121.598379161399,39.7631866026987],[-121.598248229974,39.7631861650646],[-121.597212972938,39.7631826986621],[-121.597213091789,39.7632115874614],[-121.597213149443,39.7632255274744],[-121.597238544967,39.7662286895515],[-121.597250648702,39.7676598833411],[-121.59633682742,39.7676668925011],[-121.595887356309,39.7676703370899],[-121.595481991673,39.7676734415119],[-121.595481806098,39.7676734417751],[-121.595495027212,39.7690014663072],[-121.59549521278,39.7690014678453],[-121.595581705205,39.7690027403402],[-121.595578561119,39.7704467503129],[-121.595579748701,39.7704539381913],[-121.594998539139,39.770454813979],[-121.594567946433,39.7704554615644],[-121.594013145538,39.7704562937058],[-121.593814717317,39.770456590312],[-121.593814637951,39.7704565900383],[-121.59380634044,39.7704566028502],[-121.593443265788,39.7704571450341],[-121.593100710216,39.7704576561214],[-121.592926198747,39.7704579158756],[-121.592464948757,39.7704586011104],[-121.592245214752,39.7704589267195],[-121.591324757308,39.7704602872292],[-121.591330765502,39.7703602158171],[-121.591336874074,39.7699218539391],[-121.591349550678,39.7690093062006],[-121.591368126004,39.7680770672739],[-121.591360383962,39.7674776445078],[-121.59136058034,39.7674415387994],[-121.591355145898,39.7670315834046],[-121.591352119392,39.766803275236],[-121.591352644452,39.7663554362624],[-121.591353177094,39.7658994848251],[-121.591353221656,39.7658611917201],[-121.591353785633,39.7653818343615],[-121.591354240202,39.7650161935784],[-121.591354668707,39.7646526215143],[-121.59135531135,39.7641072813369],[-121.591355841624,39.7636487256371],[-121.591337484355,39.7631657265124],[-121.591354417137,39.7626345336981],[-121.591364110832,39.7623304347373],[-121.591364352432,39.7623228194255],[-121.591367320007,39.762228711363],[-121.591345015866,39.7622284655317],[-121.591370645905,39.7613778395215],[-121.591408002865,39.7600800425419],[-121.591503162498,39.7600812382674],[-121.591504380947,39.7595756840244],[-121.592177547501,39.7595769366786],[-121.592188918507,39.7592578404771],[-121.592260924748,39.7591091541299],[-121.592263842165,39.7591031395767],[-121.592705529418,39.7581923970696],[-121.592597011686,39.7573068021239],[-121.592433863097,39.7559753322777],[-121.593725192864,39.7559217759705],[-121.593732979734,39.7545306305363],[-121.593736979461,39.7538156779207],[-121.59474063677,39.7538206941417],[-121.594822473008,39.7538209929126],[-121.594954086841,39.7538214736932],[-121.594955217978,39.7535300040217],[-121.594921418269,39.7535299210621],[-121.594936371802,39.752585883786],[-121.594941404416,39.752268045488]]]},"properties":{"FID":125,"Zone":"BUT-TOP-06","SubZone":" ","Community":"Town of Paradise","Status":"No Order or Warning","StructureC":940,"Descriptio":" ","Shape_Leng":10138.085464,"points":217,"Zone_Num":"6","GlobalID":"e6e71e81-36b3-473c-96e2-1ce1a6e2c66b","GlobalID_2":"74949f16-1495-43e6-afe8-910bd57e5df8","Shape__Area":21048437.505859375,"Shape__Length":25536.592446377683}},{"type":"Feature","id":126,"geometry":{"type":"Polygon","coordinates":[[[-121.58169643244,39.7692814510403],[-121.581410160336,39.7693632818072],[-121.581126937135,39.7694512050015],[-121.580846980275,39.7695451520664],[-121.580570504876,39.7696450526374],[-121.580428859934,39.7696999775938],[-121.579738902752,39.7689160665159],[-121.57948682651,39.768466264059],[-121.579193826904,39.7678583059905],[-121.579727564353,39.7678561283544],[-121.579731869819,39.7664351858728],[-121.579741524983,39.7632483337244],[-121.578521829304,39.7632419388043],[-121.578311295948,39.7626059063401],[-121.578216048958,39.7626062740428],[-121.577993838268,39.7622627292915],[-121.57810282435,39.7620276107512],[-121.577898804085,39.761274150868],[-121.57774760527,39.7610282722584],[-121.577785386007,39.7608441527001],[-121.578753470963,39.7608405010141],[-121.579627918306,39.7608371952344],[-121.579626193354,39.7595741304118],[-121.579707746343,39.7595581615371],[-121.579702007344,39.759187126905],[-121.579690892059,39.7584684927187],[-121.578434156431,39.7584693535504],[-121.578420762834,39.7580952577752],[-121.578630610358,39.7575838468614],[-121.578634157506,39.7567463024311],[-121.578247403068,39.7567465677597],[-121.577084486088,39.7567473583008],[-121.577087989423,39.7559199416076],[-121.576715535058,39.7559206828775],[-121.576732399406,39.754085156608],[-121.576502300689,39.7536946799572],[-121.576508970227,39.7527836442909],[-121.576516576761,39.7517446271508],[-121.575542466941,39.7517403113633],[-121.575547909974,39.750812237768],[-121.576299429782,39.7508139999655],[-121.576484081067,39.7507819235692],[-121.576525172681,39.7507747848423],[-121.576623260152,39.7507848424935],[-121.576722067251,39.7507889626353],[-121.576820987352,39.7507871187669],[-121.576919419425,39.7507793240399],[-121.577016764571,39.7507656249409],[-121.577112428339,39.7507461049021],[-121.577205827731,39.7507208834267],[-121.577296392383,39.7506901133897],[-121.577383571556,39.7506539837657],[-121.577466831836,39.7506127133154],[-121.577545667612,39.7505665551265],[-121.577777781401,39.7503305293387],[-121.577826948653,39.7501860664993],[-121.577883878868,39.7500433130448],[-121.577948474837,39.749902516304],[-121.578020621859,39.7497639217408],[-121.578047113173,39.7497185960521],[-121.578100195929,39.7496277702809],[-121.578187057896,39.7494943000926],[-121.578281054647,39.7493637429888],[-121.578382026105,39.749236325352],[-121.578489794718,39.7491122698991],[-121.578604170147,39.7489917920952],[-121.578718618871,39.748930931689],[-121.578837555444,39.7488754336928],[-121.578960555147,39.7488254947251],[-121.579087186393,39.7487812906654],[-121.579216999034,39.7487429793144],[-121.579349534904,39.7487106950283],[-121.579484321947,39.748684553201],[-121.579620884754,39.7486646457982],[-121.579758741045,39.7486510431473],[-121.579897399337,39.7486437939282],[-121.580036371788,39.7486429234183],[-121.58311138719,39.7486313894768],[-121.584951448633,39.7486198610564],[-121.587353217617,39.7486047708679],[-121.589820546296,39.7486012033456],[-121.591585706966,39.7485986197304],[-121.592743299369,39.7486098326586],[-121.59283975277,39.7486146210666],[-121.59293524285,39.7486261684047],[-121.593028972096,39.7486443782468],[-121.593120166643,39.7486691002102],[-121.59320806462,39.7487001272126],[-121.593291939443,39.7487372027579],[-121.593371092823,39.7487800191106],[-121.593444868753,39.7488282200454],[-121.593512653479,39.7488814053505],[-121.593573882488,39.7489391335529],[-121.593628049825,39.7490009246529],[-121.593674705721,39.7490662664195],[-121.593713457759,39.7491346152953],[-121.593743991835,39.7492054036733],[-121.593766047629,39.7492780434157],[-121.593779444248,39.7493519322455],[-121.59378407321,39.749426455525],[-121.593779890229,39.7495009943322],[-121.593749139428,39.7510760098054],[-121.593742775879,39.75140191915],[-121.593785950776,39.7514899667381],[-121.593836495372,39.7515756466157],[-121.593894190113,39.7516585914378],[-121.59395879204,39.7517384445862],[-121.594030020753,39.7518148664258],[-121.594107574782,39.7518875280568],[-121.594191118714,39.7519561175752],[-121.594280296008,39.7520203437197],[-121.594374723199,39.7520799295476],[-121.594473999187,39.7521346196723],[-121.594577697069,39.7521841811363],[-121.594685373485,39.7522284007412],[-121.594796565094,39.7522670895399],[-121.594941404416,39.752268045488],[-121.594936371802,39.752585883786],[-121.594921418269,39.7535299210621],[-121.594955217978,39.7535300040217],[-121.594954086841,39.7538214736932],[-121.594822473008,39.7538209929126],[-121.59474063677,39.7538206941417],[-121.593736979461,39.7538156779207],[-121.593732979734,39.7545306305363],[-121.593725192864,39.7559217759705],[-121.592433863097,39.7559753322777],[-121.592597011686,39.7573068021239],[-121.592705529418,39.7581923970696],[-121.592263842165,39.7591031395767],[-121.592260924748,39.7591091541299],[-121.592188918507,39.7592578404771],[-121.592177547501,39.7595769366786],[-121.591504380947,39.7595756840244],[-121.591503162498,39.7600812382674],[-121.591408002865,39.7600800425419],[-121.591370645905,39.7613778395215],[-121.591345015866,39.7622284655317],[-121.591367320007,39.762228711363],[-121.591364352432,39.7623228194255],[-121.591364110832,39.7623304347373],[-121.591354417137,39.7626345336981],[-121.591337484355,39.7631657265124],[-121.591355841624,39.7636487256371],[-121.59135531135,39.7641072813369],[-121.591354668707,39.7646526215143],[-121.591354240202,39.7650161935784],[-121.591353785633,39.7653818343615],[-121.591353221656,39.7658611917201],[-121.591353177094,39.7658994848251],[-121.591352644452,39.7663554362624],[-121.591352119392,39.766803275236],[-121.591355145898,39.7670315834046],[-121.59136058034,39.7674415387994],[-121.591360383962,39.7674776445078],[-121.591368126004,39.7680770672739],[-121.591349550678,39.7690093062006],[-121.591336874074,39.7699218539391],[-121.591330765502,39.7703602158171],[-121.591324757308,39.7704602872292],[-121.588479044053,39.7704644479162],[-121.584963733312,39.770469491902],[-121.584790908865,39.7704077537141],[-121.584621599261,39.7703404668842],[-121.584456102627,39.7702677495671],[-121.584294712355,39.7701897298094],[-121.584137712436,39.7701065464341],[-121.583985380975,39.7700183454496],[-121.58383798784,39.7699252836445],[-121.583695790011,39.7698275249678],[-121.583559042082,39.7697252414669],[-121.583427984577,39.7696186150473],[-121.583302848647,39.7695078329857],[-121.583213627399,39.7694717252107],[-121.583168942876,39.7694536408633],[-121.583150531589,39.7694472529351],[-121.583078591673,39.7694222926709],[-121.583031037092,39.7694057932103],[-121.583014035493,39.7694008234156],[-121.582939887698,39.7693791517294],[-121.582889636772,39.7693644647336],[-121.582874194004,39.7693607577863],[-121.582797972024,39.7693424607091],[-121.582745258032,39.7693298067624],[-121.582731508126,39.7693271974161],[-121.582653291994,39.7693123562859],[-121.582598428799,39.7693019463515],[-121.582586481316,39.7693002629688],[-121.582506261197,39.7692889579049],[-121.582449686492,39.7692809844722],[-121.582439633528,39.7692800481492],[-121.582357216283,39.7692723694289],[-121.58229957216,39.7692669995942],[-121.582291481337,39.7692666259365],[-121.582206286123,39.7692626984884],[-121.582148637533,39.7692600405055],[-121.582142556637,39.7692600441479],[-121.582052980713,39.7692601000553],[-121.581997435634,39.7692601343851],[-121.581993386805,39.7692603253682],[-121.581894085293,39.7692650274569],[-121.581846517325,39.7692672795854],[-121.58184450285,39.7692674696809],[-121.58169643244,39.7692814510403]]]},"properties":{"FID":126,"Zone":"BUT-TOP-07","SubZone":" ","Community":"Town of Paradise","Status":"No Order or Warning","StructureC":1171,"Descriptio":" ","Shape_Leng":10702.9907454,"points":204,"Zone_Num":"7","GlobalID":"7e479c49-53b2-4b6a-915a-096dc8d07bbf","GlobalID_2":"89e75730-610c-4e82-8959-fc25007d2094","Shape__Area":30950233.875976562,"Shape__Length":26969.494648090113}},{"type":"Feature","id":127,"geometry":{"type":"Polygon","coordinates":[[[-121.565481547375,39.7479456794919],[-121.566593770873,39.7479453101446],[-121.567860586417,39.7479448781797],[-121.568777646915,39.7479445561523],[-121.569477127808,39.7479443069681],[-121.57020096805,39.7479440434866],[-121.570199200408,39.7478211996907],[-121.570206804097,39.7478212544709],[-121.570323582642,39.7478220923584],[-121.570783502693,39.7478253904016],[-121.571050783476,39.7478273066879],[-121.571226131588,39.7478285633268],[-121.572241134153,39.7478358332309],[-121.572429219644,39.7477242414975],[-121.573221967177,39.747713262759],[-121.573462457161,39.7477099308293],[-121.573843078706,39.7477698943589],[-121.57403539304,39.7478130504853],[-121.574215725823,39.7479006018945],[-121.574446880107,39.748005676741],[-121.574686683169,39.7481979732408],[-121.57491195093,39.7484427303173],[-121.575131656897,39.7486348938564],[-121.575329151768,39.749008174916],[-121.57590635275,39.7500990955449],[-121.575936915059,39.7501744749666],[-121.575948542256,39.7501984651561],[-121.575973819933,39.750248382085],[-121.575989618446,39.7502758729434],[-121.57601707996,39.7503206674259],[-121.576035593975,39.7503483130669],[-121.576078639067,39.7504075286723],[-121.576079127495,39.7504081870302],[-121.576125614136,39.7504628854654],[-121.576163495172,39.7505035211334],[-121.57619347416,39.7505339587121],[-121.576236070301,39.7505730801647],[-121.576267757638,39.7506010019554],[-121.576316065664,39.7506391414734],[-121.576348083802,39.7506636922687],[-121.576405454545,39.7507026479559],[-121.576434036813,39.750721716507],[-121.576525172681,39.7507747848423],[-121.576484081067,39.7507819235692],[-121.576299429782,39.7508139999655],[-121.575547909974,39.750812237768],[-121.575542466941,39.7517403113633],[-121.576516576761,39.7517446271508],[-121.576508970227,39.7527836442909],[-121.576502300689,39.7536946799572],[-121.576732399406,39.754085156608],[-121.576715535058,39.7559206828775],[-121.577087989423,39.7559199416076],[-121.577084486088,39.7567473583008],[-121.578247403068,39.7567465677597],[-121.578634157506,39.7567463024311],[-121.578630610358,39.7575838468614],[-121.578420762834,39.7580952577752],[-121.578434156431,39.7584693535504],[-121.579690892059,39.7584684927187],[-121.579702007344,39.759187126905],[-121.579707746343,39.7595581615371],[-121.579626193354,39.7595741304118],[-121.579627918306,39.7608371952344],[-121.578753470963,39.7608405010141],[-121.577785386007,39.7608441527001],[-121.57774760527,39.7610282722584],[-121.577898804085,39.761274150868],[-121.57810282435,39.7620276107512],[-121.577993838268,39.7622627292915],[-121.578216048958,39.7626062740428],[-121.578311295948,39.7626059063401],[-121.578521829304,39.7632419388043],[-121.579741524983,39.7632483337244],[-121.579731869819,39.7664351858728],[-121.579727564353,39.7678561283544],[-121.579193826904,39.7678583059905],[-121.57948682651,39.768466264059],[-121.579738902752,39.7689160665159],[-121.580428859934,39.7696999775938],[-121.580297724948,39.769750827341],[-121.580028848665,39.769862397685],[-121.57976408193,39.7699796752632],[-121.579503630645,39.7701025725715],[-121.579247692603,39.7702309930714],[-121.578885915365,39.7697227002299],[-121.575970140025,39.7697851925311],[-121.575968953864,39.769634296744],[-121.575179150305,39.769650442869],[-121.573700997399,39.7696806465958],[-121.571822876846,39.7697189956618],[-121.570873091728,39.7697383788302],[-121.570430394526,39.7697474099522],[-121.570075659797,39.7697546457763],[-121.570095236286,39.7704355444888],[-121.569001061953,39.7669498665177],[-121.569162427682,39.7669513567829],[-121.568908479431,39.7661447956314],[-121.568583649641,39.7661399348693],[-121.568575897257,39.7669459534738],[-121.567987080631,39.7669405325512],[-121.567987227602,39.7668533932477],[-121.565579747085,39.7668497622853],[-121.56561051211,39.7641733643365],[-121.565797431879,39.7631934060625],[-121.567416239201,39.7632223017606],[-121.567530368098,39.763224337697],[-121.567604890358,39.763225666067],[-121.567981193812,39.7632323802006],[-121.568154518597,39.7632354721322],[-121.565852836873,39.7558204146472],[-121.565481547375,39.7479456794919]]]},"properties":{"FID":127,"Zone":"BUT-TOP-08","SubZone":" ","Community":"Town of Paradise","Status":"No Order or Warning","StructureC":526,"Descriptio":" ","Shape_Leng":10818.0122404,"points":112,"Zone_Num":"8","GlobalID":"bb92fbb2-1174-40e1-922d-bd06fdf460ae","GlobalID_2":"2d37469e-f434-4996-b866-c15025244b41","Shape__Area":25516737.809570312,"Shape__Length":27252.906662283316}},{"type":"Feature","id":128,"geometry":{"type":"Polygon","coordinates":[[[-121.629257924842,39.7587683855158],[-121.627686655497,39.7587551918044],[-121.627685416483,39.7588648339269],[-121.62663608719,39.7588548660331],[-121.626634765801,39.7589908545655],[-121.625115071312,39.7589793797824],[-121.625052382422,39.7589789144734],[-121.624804960808,39.7589770770372],[-121.624291213377,39.7589466639532],[-121.623940517254,39.7594635658298],[-121.622184778534,39.7594638357063],[-121.62188442333,39.75946387853],[-121.620283369115,39.7594640978942],[-121.619432337017,39.759464204614],[-121.618469783846,39.7594643194617],[-121.618538590849,39.7592211822992],[-121.618565485031,39.7591261495198],[-121.618579125713,39.7590815488044],[-121.618640231144,39.7588817525428],[-121.618668517423,39.7587892659563],[-121.618684184033,39.7587416256847],[-121.618749321903,39.7585435518925],[-121.618778850073,39.7584537623235],[-121.618796674159,39.7584031351556],[-121.618865833182,39.7582067036249],[-121.618896453199,39.7581197321759],[-121.618916562778,39.7580661761637],[-121.618989730415,39.7578713219931],[-121.619021291179,39.7577872708494],[-121.619043814258,39.7577308449449],[-121.619145957953,39.757474946213],[-121.619153331907,39.7574564709884],[-121.619156247029,39.757449581205],[-121.619290726438,39.7571317066007],[-121.619292537439,39.7571274261175],[-121.619295898189,39.7571199135992],[-121.619438866346,39.7568002279479],[-121.619597826557,39.7566762630487],[-121.619742718728,39.7565714568128],[-121.61976270863,39.7565569969924],[-121.619763305942,39.756556596317],[-121.619887059355,39.7564735991689],[-121.619933281766,39.7564425983378],[-121.619935623529,39.7564411431914],[-121.62005119287,39.7563693356283],[-121.620109305879,39.7563332284087],[-121.62011349891,39.7563308164038],[-121.620225454419,39.7562664537447],[-121.620290528086,39.7562290412827],[-121.620296679173,39.7562257763364],[-121.620407017241,39.7561671861548],[-121.620476697883,39.7561301847413],[-121.620484895124,39.7561261734114],[-121.62059462876,39.7560724799079],[-121.62066754847,39.7560367993088],[-121.620677883444,39.7560321526673],[-121.620803517284,39.7559756721467],[-121.620862810777,39.7559490146954],[-121.620871075856,39.7559456142187],[-121.621004103003,39.7558908703848],[-121.621062209926,39.7558669569909],[-121.621068665617,39.7558645369225],[-121.62121137598,39.7558110237245],[-121.621265464098,39.7557907414559],[-121.621270018803,39.7557891943261],[-121.621428420995,39.7557353782718],[-121.621472284518,39.755720476125],[-121.621474858338,39.7557196890983],[-121.621667292582,39.755660870763],[-121.621682381301,39.755656259123],[-121.621682899012,39.7556561175782],[-121.621895455263,39.7555981822422],[-121.623509520604,39.7521497768126],[-121.623510003793,39.7521488875832],[-121.623533008066,39.752106586753],[-121.623562004986,39.7520532618149],[-121.623576723202,39.7520261983413],[-121.623583996677,39.7520145982931],[-121.623636259634,39.7519312595302],[-121.623652374192,39.7519055641426],[-121.623657349693,39.7518986051644],[-121.623724444864,39.7518047487683],[-121.623736261648,39.7517882202862],[-121.623738203365,39.7517858162661],[-121.623828144552,39.7516744992373],[-121.623925423894,39.7515673036808],[-121.623927760921,39.7515647270885],[-121.623944347921,39.7515483804478],[-121.624027794238,39.7514661462604],[-121.624034827849,39.7514592163548],[-121.6240645883,39.7514329096866],[-121.624138733719,39.7513673740917],[-121.62414903566,39.7513582677565],[-121.62418119796,39.7513327298023],[-121.624255863942,39.7512734438272],[-121.624270064257,39.75126216847],[-121.624306020525,39.7512365146922],[-121.6243807969,39.7511831590814],[-121.624397565609,39.7511711938741],[-121.624434492402,39.7511475390649],[-121.624511701618,39.7510980784759],[-121.624531177778,39.7510856021904],[-121.624568719783,39.7510640577982],[-121.62464821746,39.7510184368201],[-121.624670519071,39.7510056380683],[-121.624708344605,39.750986261577],[-121.624789960538,39.7509444535386],[-121.62481518922,39.750931529886],[-121.624852988996,39.7509143365203],[-121.624936541219,39.7508763327276],[-121.624964778717,39.7508634888813],[-121.625002258799,39.7508484605903],[-121.625087550125,39.7508142622088],[-121.625118860658,39.7508017082236],[-121.625155748265,39.7507887982037],[-121.625242568638,39.7507584135641],[-121.625276996559,39.7507463648352],[-121.625313035378,39.7507355020177],[-121.625404558212,39.7507079171346],[-121.625438732875,39.750697616678],[-121.625466513533,39.7506905374269],[-121.625563482895,39.7506658267118],[-121.625603609173,39.7506556018788],[-121.625625365978,39.750651036153],[-121.625727007896,39.7506297060119],[-121.62577115811,39.750620441432],[-121.62578624008,39.7506179341352],[-121.625898503391,39.750599279308],[-121.625940897298,39.7505922346701],[-121.625948839383,39.7505912538413],[-121.626105192841,39.7505719453888],[-121.626112345617,39.750571062018],[-121.626112812557,39.7505710238708],[-121.626278494252,39.7505575154852],[-121.626285013888,39.7505569840623],[-121.62632850081,39.7505552432712],[-121.62644877755,39.7505504271212],[-121.626458410705,39.7505500415706],[-121.626472858429,39.7505500594888],[-121.626631853421,39.7505502530905],[-121.626632040113,39.7505502536825],[-121.626744631433,39.7505641857825],[-121.627344030882,39.7506383553525],[-121.628256991242,39.7508032896823],[-121.628824990954,39.7508146146164],[-121.629449518794,39.750645001033],[-121.630052848145,39.7503474701591],[-121.63019858691,39.7502755996217],[-121.630918380561,39.7496010683686],[-121.631686820252,39.7487300278826],[-121.631949576043,39.7485602125365],[-121.632002684803,39.7485258896049],[-121.633044488912,39.7478112439598],[-121.633451038939,39.7475503738376],[-121.634019845695,39.7472542605035],[-121.634689148101,39.7469256894299],[-121.635215047616,39.7467158234843],[-121.635675161104,39.7465414970376],[-121.636104726947,39.7463969509407],[-121.636359373166,39.7463112640719],[-121.637027986325,39.7461431541185],[-121.637277141902,39.7460861486164],[-121.637475981524,39.7460406551076],[-121.637926069286,39.7459479656697],[-121.638074779604,39.7459173394618],[-121.638082194194,39.7459637384559],[-121.638097166815,39.7460574609824],[-121.638621960154,39.7460590731183],[-121.639741533224,39.7459818141302],[-121.639950729907,39.7459673766876],[-121.641047750419,39.7458781725027],[-121.641181475457,39.7456977148091],[-121.641614038449,39.7451139717796],[-121.641699046151,39.7450057855139],[-121.641831083837,39.7448377459309],[-121.641950572756,39.7446856740779],[-121.642033288227,39.7445804042049],[-121.642243709312,39.7443125986173],[-121.642448569416,39.7440518695293],[-121.642457952457,39.7440399288373],[-121.642684106452,39.7437520939518],[-121.642697786322,39.7437346838172],[-121.642953729547,39.7433810294267],[-121.643575814684,39.7436466682536],[-121.643724536333,39.7434639445047],[-121.643896628829,39.7432525062887],[-121.643914345092,39.7432307390014],[-121.64398625866,39.743264881684],[-121.644124682881,39.7430919067976],[-121.644292992302,39.742881548172],[-121.644568524669,39.7425371741933],[-121.644977963963,39.742743509085],[-121.645782648481,39.7431490155113],[-121.645813122891,39.7419972768137],[-121.647258766035,39.7420023309431],[-121.648182177941,39.7420055509981],[-121.649308690935,39.7420094636177],[-121.649305447684,39.74147518317],[-121.65041349499,39.7407371488034],[-121.650737823588,39.7407346421043],[-121.651557441461,39.7407283056157],[-121.651558244511,39.740584701897],[-121.651560579825,39.7401661695153],[-121.651565269063,39.7393260449833],[-121.651567363583,39.7389505779673],[-121.65156776152,39.7388791421795],[-121.652699436429,39.7388777318452],[-121.653815350955,39.7388763372371],[-121.655089205671,39.7388747257344],[-121.655087571684,39.7389982661492],[-121.655087498244,39.7390037123779],[-121.655087456361,39.7390067736845],[-121.655083839874,39.7392687372979],[-121.65508210753,39.7393942454035],[-121.655079590819,39.73956989955],[-121.65507736809,39.73973748621],[-121.655076879406,39.7397730519294],[-121.655073899053,39.7399889013619],[-121.655072558283,39.7400860128863],[-121.655069856868,39.7402759702227],[-121.655063977341,39.7407011032355],[-121.655062877906,39.740787090184],[-121.655062073374,39.7408453675294],[-121.655059608607,39.7410239615677],[-121.655030384929,39.7410238588169],[-121.654985031352,39.7410236286232],[-121.654985030997,39.741023700677],[-121.654984295452,39.7410942698617],[-121.654982748329,39.7412428017222],[-121.654979105207,39.7412968032943],[-121.654978172417,39.7413104495336],[-121.654996710045,39.7413210923127],[-121.654996919248,39.741321255049],[-121.655012344312,39.741337562115],[-121.655021543825,39.7413652824219],[-121.655022043302,39.7413676274668],[-121.655022017248,39.7413729261173],[-121.655030962094,39.7414094940011],[-121.655031551667,39.7414122608303],[-121.655038468972,39.7414438149656],[-121.655044665009,39.7414756597089],[-121.655050250216,39.7415128581313],[-121.655050048296,39.7416168055296],[-121.65505008922,39.7417152603614],[-121.655050273238,39.7417658667527],[-121.65505029289,39.7417727849668],[-121.655050292576,39.7417728489145],[-121.655050436084,39.741830745325],[-121.655050681546,39.7419462101715],[-121.655049064255,39.7420416491446],[-121.655049267775,39.7420536459547],[-121.655049795225,39.7420889804431],[-121.655051004736,39.7421180013318],[-121.655051747105,39.7421369133729],[-121.655051246717,39.7422253951245],[-121.655051246446,39.7422254500655],[-121.655051049925,39.7423135877426],[-121.655050145617,39.7424258463662],[-121.655051561723,39.7424892568772],[-121.655049899988,39.7426252913336],[-121.655051412088,39.7427565002115],[-121.655051535654,39.742786894156],[-121.655051678977,39.7428351000849],[-121.655052086578,39.7428696587228],[-121.655052554738,39.7429092226387],[-121.655052605037,39.7429137045895],[-121.655052604886,39.7429137352124],[-121.655052608468,39.7429545317032],[-121.6550526041,39.7429867419501],[-121.65505259615,39.743027273605],[-121.655052885666,39.7430680520176],[-121.655053365279,39.7431408800221],[-121.655053358318,39.7431586685086],[-121.655053268654,39.7431963618665],[-121.655053217646,39.7432171765214],[-121.65505315116,39.7432280881117],[-121.655053305179,39.743268661669],[-121.655053438758,39.7433152904633],[-121.655053568026,39.743334084511],[-121.655053780767,39.743365325353],[-121.655054116246,39.7434143154294],[-121.655053599759,39.7434892228865],[-121.655079649239,39.7434818487588],[-121.65507964896,39.7434819055011],[-121.655076996812,39.7439285476819],[-121.655097669694,39.744038978923],[-121.655118342633,39.7441494119572],[-121.655118345814,39.7441494768157],[-121.655114494359,39.744408891206],[-121.655112929996,39.7445139801695],[-121.655111758386,39.7445930513374],[-121.655110222999,39.7446965164464],[-121.65510790992,39.7448485252038],[-121.655103757246,39.7451326452854],[-121.655103756972,39.7451327011269],[-121.655103000286,39.7451831416737],[-121.655099521858,39.7454174451101],[-121.655098450921,39.7454895605705],[-121.655097600174,39.7455458417648],[-121.655095122219,39.7457097786369],[-121.655091011477,39.7459874849863],[-121.655063258122,39.7478556022734],[-121.655063073488,39.7479152196952],[-121.655062904334,39.7479548411139],[-121.65506129271,39.7480564585697],[-121.655059510333,39.7481655124544],[-121.655058678969,39.748271466271],[-121.655057568286,39.7484048000017],[-121.655056498504,39.7485336115209],[-121.655044614409,39.7493508401835],[-121.655028712446,39.7504445246057],[-121.652548631858,39.7503845361741],[-121.651174635251,39.7504246579147],[-121.650770111017,39.7504364672001],[-121.648620739921,39.7505635231283],[-121.647559266948,39.7507725634925],[-121.647285716746,39.7508264336646],[-121.645530771185,39.7510975974233],[-121.644789204928,39.7512192817503],[-121.643730821424,39.7513113524385],[-121.643306646344,39.7513482506786],[-121.640984149595,39.7515127711852],[-121.640225704329,39.7516605518239],[-121.640188630027,39.7516677754771],[-121.635907016707,39.7552448904539],[-121.63588297475,39.7558882360908],[-121.63564682698,39.7558873146141],[-121.635522640263,39.755886830272],[-121.635511961911,39.7558867891095],[-121.633491092436,39.7558788855536],[-121.63204064493,39.7558731916069],[-121.631213691107,39.7558699369262],[-121.631257988438,39.7593194843641],[-121.631260839648,39.7595414089658],[-121.629790350232,39.759526020834],[-121.629291784989,39.7595207990763],[-121.62929184021,39.7594968826104],[-121.629292031146,39.7594139486543],[-121.629293516066,39.7587686840162],[-121.629257924842,39.7587683855158]]]},"properties":{"FID":128,"Zone":"BUT-TOP-09","SubZone":" ","Community":"Town of Paradise","Status":"No Order or Warning","StructureC":1209,"Descriptio":" ","Shape_Leng":12852.9910335,"points":340,"Zone_Num":"9","GlobalID":"5b2a5331-3346-4ac8-9bc2-f2bc126f22c7","GlobalID_2":"92081a36-459f-43b4-9526-15ebb7587a46","Shape__Area":29474413.809570312,"Shape__Length":32408.762318926576}},{"type":"Feature","id":194,"geometry":{"type":"Polygon","coordinates":[[[-121.533303186588,39.7611659919085],[-121.533363479852,39.7610875543857],[-121.53337277492,39.7610896979194],[-121.533459231629,39.760990007025],[-121.533469183375,39.7609851845669],[-121.534067002552,39.7599347653648],[-121.534925308495,39.7588130848589],[-121.53458198603,39.7582852280525],[-121.535268631746,39.7572295038239],[-121.536212768844,39.7567016353782],[-121.53664192279,39.7557778562126],[-121.538787690323,39.7517526714031],[-121.537586061091,39.7510267937711],[-121.537586060775,39.7495750156798],[-121.536641922956,39.7491130799192],[-121.536899414936,39.7483871745465],[-121.538015213273,39.7477932453186],[-121.538873521143,39.747331297195],[-121.538701860196,39.746341398403],[-121.538530198262,39.7454174806913],[-121.537414398281,39.7450215110008],[-121.535783615596,39.7441635714911],[-121.535783615516,39.7435036105924],[-121.536212769483,39.7431076299016],[-121.536985246,39.7418536795601],[-121.536212769262,39.7413256923799],[-121.535526123616,39.7408637016812],[-121.536298600254,39.7399397092146],[-121.537414399329,39.7402037088562],[-121.537671890727,39.7400717092459],[-121.537500230541,39.7394117089563],[-121.537929382769,39.7388837037291],[-121.538530198021,39.7388177027701],[-121.53895935176,39.7380256868738],[-121.539474335939,39.7376296758614],[-121.540590134535,39.7365736345675],[-121.541190949089,39.7353855694534],[-121.541576133382,39.7344376953401],[-121.54162010279,39.7343294935418],[-121.541963426016,39.7336034321688],[-121.542907563782,39.7333394078032],[-121.544109193144,39.7324153149312],[-121.545053330157,39.7316232252565],[-121.547714082362,39.7301050296733],[-121.54874405038,39.7301050291161],[-121.549171306036,39.7294067775941],[-121.54957094442,39.7293682421952],[-121.549505249541,39.7290448806032],[-121.550148979117,39.7277906729215],[-121.551264776862,39.7272955852765],[-121.551736847072,39.726602456664],[-121.551951423359,39.7256122599103],[-121.552123084969,39.7248861070359],[-121.551651016411,39.7241599457498],[-121.551951423652,39.7230706906028],[-121.552091403382,39.7226265709877],[-121.552724649578,39.7223069385805],[-121.553067971976,39.7223234430748],[-121.554012108904,39.7223894592933],[-121.554484177762,39.7220098623881],[-121.554913332176,39.721696280749],[-121.555449772766,39.7216137592387],[-121.55559997715,39.7219108363472],[-121.555728723823,39.7228350699518],[-121.556179335089,39.7234127096089],[-121.557853032079,39.7249970685816],[-121.558091429227,39.7253766481956],[-121.558241632486,39.7260367830203],[-121.558263091093,39.727142495561],[-121.557984141458,39.7274230464094],[-121.557876853263,39.728083161381],[-121.557922499308,39.7285629392706],[-121.557941225908,39.7287597731812],[-121.558306006004,39.7293538661211],[-121.558606414148,39.7298159342639],[-121.558692243806,39.7303110037564],[-121.559035567384,39.7307235601486],[-121.559271602036,39.7311526143438],[-121.560172824279,39.7316641766649],[-121.560730723961,39.7321757355054],[-121.561224249511,39.732703791862],[-121.561395910156,39.7332978503308],[-121.561567571928,39.7330668285003],[-121.561267165346,39.7324562661962],[-121.560795096136,39.7319282071703],[-121.559979705263,39.7311526148231],[-121.559614924737,39.7308555767231],[-121.558778075267,39.72950238754],[-121.558680206916,39.7292765853453],[-121.558811398117,39.7292479091687],[-121.558811583317,39.7292503642504],[-121.561812653082,39.7309270872215],[-121.562070737481,39.7310219593316],[-121.562206882294,39.731209619687],[-121.562409178644,39.7314884587729],[-121.562629035985,39.7317915066749],[-121.5628383609,39.732080029184],[-121.563042769609,39.7323617733432],[-121.56324717996,39.7326435171181],[-121.563398041099,39.7328514483832],[-121.563379346754,39.7329401817885],[-121.563321727472,39.7332136295364],[-121.56325787721,39.733516677838],[-121.563188154542,39.7338475437359],[-121.563135917786,39.7340954631857],[-121.563075057934,39.7343843139974],[-121.56305516912,39.7344787064132],[-121.565363160611,39.7344167878872],[-121.565481547375,39.7479456794919],[-121.560789255626,39.7478718616954],[-121.560949515249,39.7708695782978],[-121.560951613374,39.7709406820761],[-121.545519986518,39.7706785629799],[-121.533471638542,39.7612971657285],[-121.533303186588,39.7611659919085]]]},"properties":{"FID":194,"Zone":"BUT-CON-507","SubZone":"Jordan Hill","Community":"Concow","Status":"No Order or Warning","StructureC":45,"Descriptio":"West Branch of Feather River east to Concow Creek. South of the intersection of Jordan Hill Rd and Granite Ridge Rd south to north of West Branch of Lake Oroville.  ","Shape_Leng":21050.2613875,"points":115,"Zone_Num":"507","GlobalID":"7145a06a-e2fe-4fdd-bf85-b1de766c4b90","GlobalID_2":"6c4dde72-265a-4330-80b5-f13a5162b3ac","Shape__Area":105102322.33496094,"Shape__Length":53032.23072099566}},{"type":"Feature","id":296,"geometry":{"type":"Polygon","coordinates":[[[-121.577514424499,39.9287785795596],[-121.580604330092,39.9267381721329],[-121.581462637099,39.9234470616746],[-121.582149282695,39.9223280481408],[-121.585067525955,39.9209457119665],[-121.586685121462,39.9209139019867],[-121.590299640928,39.9208735495102],[-121.600334657662,39.9137688170337],[-121.604461988523,39.9080385702284],[-121.606670490858,39.898972769372],[-121.606377677523,39.8878863338998],[-121.611634684869,39.8786388535141],[-121.610177059527,39.8756238441683],[-121.61053877429,39.8709409505832],[-121.612521382357,39.8710485039408],[-121.63273873204,39.8721433434169],[-121.631312035275,39.8798689113486],[-121.631311752399,39.8798700173463],[-121.623115083762,39.9021160425753],[-121.622069649404,39.9028038569082],[-121.622189245227,39.9042423081403],[-121.621417450514,39.9050665121062],[-121.620127340542,39.9070866362923],[-121.617558584583,39.9093496296915],[-121.615806154823,39.9099909061923],[-121.615539203514,39.9103571082832],[-121.615598381572,39.9107227036513],[-121.616312512983,39.9113168572526],[-121.615898148814,39.9133750989761],[-121.616135811228,39.9138103981663],[-121.616136067298,39.9142698892102],[-121.615304753841,39.9149536908205],[-121.611797871391,39.9141098651506],[-121.611797577735,39.9141098821972],[-121.611025501388,39.9141546641559],[-121.610549957478,39.9143832106577],[-121.610431451172,39.9146385616079],[-121.610637132481,39.9206683612041],[-121.606517258331,39.9229064233198],[-121.606774751062,39.9237621344382],[-121.6067747505,39.9241570736293],[-121.606088105541,39.9247494789678],[-121.605143967345,39.9242228972725],[-121.604371491836,39.9240254279825],[-121.604285661132,39.9246178340705],[-121.604371491211,39.9253418799908],[-121.604028168952,39.9254735233593],[-121.602225725265,39.925605166799],[-121.601109925313,39.9262633812793],[-121.601109925669,39.9269874083663],[-121.60162490958,39.9274481500668],[-121.602654877411,39.9274481498159],[-121.603084032182,39.9280405259495],[-121.602654877155,39.9285670798759],[-121.602225724368,39.9287645352519],[-121.601624910285,39.9287645354716],[-121.601195755734,39.9294227184018],[-121.601624910282,39.9302125310834],[-121.602225724801,39.9306074329817],[-121.602311554871,39.9308707008442],[-121.602489882387,39.9321469706861],[-121.575692035907,39.9308966404738],[-121.574351958861,39.9289333744479],[-121.577514424499,39.9287785795596]]]},"properties":{"FID":296,"Zone":"BUT-MA-282","SubZone":"Humbug","Community":"Magalia","Status":"No Order or Warning","StructureC":20,"Descriptio":"Butte Creek east to Powellton Rd. Just north of Powerhouse Rd, north to intersection of Powellton Rd and Lovelock Rd. ","Shape_Leng":29655.9889862,"points":64,"Zone_Num":"282","GlobalID":"98b257be-e095-4708-a87b-bc35a1a0a161","GlobalID_2":"fa5711a8-3c00-4ba6-a19d-60e0ab7cea4d","Shape__Area":119667079.15136719,"Shape__Length":68754.96800091035}},{"type":"Feature","id":302,"geometry":{"type":"Polygon","coordinates":[[[-121.660353736392,39.6406456683946],[-121.647256085608,39.6421422823653],[-121.646140285748,39.6421422829086],[-121.64390868882,39.6420761891475],[-121.641848751552,39.6422744700266],[-121.640217968829,39.6436624150272],[-121.638587185651,39.6457112355759],[-121.637299724963,39.6466364901724],[-121.634896466623,39.6473634662325],[-121.622794339459,39.6474295544801],[-121.618502804591,39.6471652010243],[-121.6125804873,39.6470991119663],[-121.608288951778,39.6473634664708],[-121.605971524123,39.6479582596116],[-121.604941555653,39.6486191344124],[-121.600907513164,39.650535638209],[-121.594126888905,39.6530468385005],[-121.592238613696,39.6531129209171],[-121.588032909843,39.6524520885154],[-121.588027397651,39.6525185753687],[-121.586230465731,39.6526503390628],[-121.584170529411,39.6540380763827],[-121.582883068931,39.6550953800252],[-121.580651471229,39.6556240272878],[-121.574557491907,39.6571438623963],[-121.573184200881,39.6569456248009],[-121.56837768313,39.655293623249],[-121.567090222323,39.6552275427095],[-121.565802761395,39.6554257848401],[-121.564228940756,39.656202498664],[-121.559838621786,39.6512760115853],[-121.55937245643,39.6507762656081],[-121.559203141309,39.6505947523025],[-121.558824172961,39.6501923805953],[-121.568022910644,39.6446094548255],[-121.581892101234,39.6353816494224],[-121.594962402697,39.6234788861173],[-121.61661240645,39.6039692942929],[-121.619621320301,39.6005954867263],[-121.620531843317,39.5971540715511],[-121.620041285662,39.5891816641262],[-121.619416040919,39.5857375259137],[-121.621835144458,39.5836098520648],[-121.622524264656,39.5821815072687],[-121.625473470932,39.5846624840702],[-121.656259511314,39.599080188543],[-121.656271439781,39.599200933801],[-121.660354943007,39.6405054771202],[-121.660353736392,39.6406456683946]]]},"properties":{"FID":302,"Zone":"BUT-BV-469","SubZone":"Wheelock","Community":"Butte Valley","Status":"No Order or Warning","StructureC":118,"Descriptio":"Just east of the intersection of Shippee Rd and Openshaw Rd, east to Pentz Rd. Durham Pentz Rd south to Hwy 70/149.","Shape_Leng":35814.4138725,"points":49,"Zone_Num":"469","GlobalID":"e47880a1-a695-4153-9fc1-eee44ca78942","GlobalID_2":"cc9efc86-6d9c-4a1e-ac0e-23de6529ebc9","Shape__Area":365508321.7373047,"Shape__Length":90469.09523388524}},{"type":"Feature","id":303,"geometry":{"type":"Polygon","coordinates":[[[-121.705086456825,39.639202961571],[-121.703586242515,39.6391847935495],[-121.70012418221,39.6392204099789],[-121.697968694225,39.6392393841593],[-121.696162068224,39.639252881893],[-121.692939711923,39.6392705675356],[-121.688463492156,39.6393143673759],[-121.685914842574,39.6392188028334],[-121.685610830376,39.6391558469547],[-121.683632108902,39.6387155421351],[-121.682220181675,39.6386318154415],[-121.680385315483,39.6389702628715],[-121.678553150549,39.6395452784431],[-121.677319823737,39.6397372059513],[-121.674786471903,39.6396473670374],[-121.671442197614,39.6394486844939],[-121.668763374574,39.6393642167869],[-121.666872339557,39.6394239727232],[-121.664543175032,39.639855315717],[-121.661973388774,39.6404421654764],[-121.66070652029,39.6406989198175],[-121.660645188393,39.6407060962146],[-121.660352921307,39.6407402926353],[-121.660353736392,39.6406456683946],[-121.660354943007,39.6405054771202],[-121.656271439781,39.599200933801],[-121.656259511314,39.599080188543],[-121.667225315058,39.6043844150591],[-121.681379930847,39.6154209551136],[-121.693758046008,39.6226749930479],[-121.69373345435,39.6228029862679],[-121.693921470706,39.6229699311744],[-121.699294979169,39.6277407375854],[-121.71562519572,39.6422919525535],[-121.713765753966,39.6422546668438],[-121.712007753048,39.6421775058901],[-121.710437314716,39.6415189263681],[-121.709244817252,39.640844470001],[-121.706469586831,39.6394476164807],[-121.705086456825,39.639202961571]]]},"properties":{"FID":303,"Zone":"BUT-BV-468","SubZone":"Openshaw","Community":"Butte Valley","Status":"No Order or Warning","StructureC":9,"Descriptio":"North and East of Hwy 99 and 149. South of Durham Pentz Rd. West of, but not including Villa Vista Dr. ","Shape_Leng":21511.7581968,"points":40,"Zone_Num":"468","GlobalID":"5a837f9b-8a70-47fb-8501-0fd782cee41f","GlobalID_2":"ae3e361a-00f7-4ec7-9adb-8e125ab2b363","Shape__Area":120028629.61914062,"Shape__Length":54376.52475773586}},{"type":"Feature","id":304,"geometry":{"type":"Polygon","coordinates":[[[-121.569048035455,39.6657326582203],[-121.572068402391,39.6689710062986],[-121.576016613964,39.6787483454501],[-121.581256247053,39.694545540511],[-121.581255780259,39.6958824465795],[-121.583341898953,39.7110865579079],[-121.583565334587,39.7127148097442],[-121.579526880861,39.7257441005541],[-121.579713332334,39.7268405807818],[-121.579711639633,39.726926691746],[-121.579709949261,39.7270128027158],[-121.579709210713,39.7270504201996],[-121.579707937981,39.727111983385],[-121.579708802551,39.7273884909191],[-121.579709753265,39.7277109898782],[-121.579711660016,39.728280318764],[-121.579712718349,39.7285992656723],[-121.579712718144,39.7285992998979],[-121.579713594616,39.7288931069103],[-121.579681289835,39.7306056618844],[-121.579635196708,39.7306063727398],[-121.579615669833,39.7306066740811],[-121.578373457874,39.7306258341699],[-121.57645565763,39.7306553615517],[-121.576064510734,39.7306613606075],[-121.575687588163,39.730667176366],[-121.575510649963,39.7306699384592],[-121.575335144605,39.7306726379044],[-121.575319581875,39.730672877178],[-121.575310667856,39.7306729918264],[-121.575191507834,39.7306748468522],[-121.574953998845,39.7306784991246],[-121.574933925971,39.730678804923],[-121.574933879306,39.7306788056551],[-121.574551807174,39.730684681142],[-121.57455171501,39.7306846826102],[-121.574551191197,39.7306846906244],[-121.57451265884,39.7306852835943],[-121.574267612963,39.7308144771323],[-121.574155593364,39.7308735355313],[-121.574121043199,39.7308745435891],[-121.573826757225,39.7308744736344],[-121.573524070295,39.7308743544897],[-121.573360627466,39.7308743367833],[-121.573286572283,39.7308743466323],[-121.573286354144,39.7308743467421],[-121.573160742683,39.7308743163954],[-121.572796428461,39.7308742339681],[-121.57271658519,39.7308742161446],[-121.572449370552,39.7308741446476],[-121.572229805665,39.7308740908171],[-121.572140275758,39.7308740536087],[-121.57175556186,39.7308739091117],[-121.571245898398,39.7308738432616],[-121.571080133166,39.7308738013186],[-121.570699549604,39.7308737026481],[-121.570482041287,39.7308736458529],[-121.570319050301,39.7308735589206],[-121.570210333409,39.7308735402654],[-121.56993837549,39.7308735006888],[-121.569458207737,39.7308733727456],[-121.568978032992,39.7308732419173],[-121.568977940839,39.7308732415798],[-121.56849785475,39.7308731091172],[-121.568040773499,39.730872980768],[-121.56801768818,39.7308729735002],[-121.567591042871,39.7308727857789],[-121.567557543655,39.7308728437403],[-121.567539931613,39.7308728393754],[-121.567042014204,39.7308726930991],[-121.567039860561,39.7307678104299],[-121.567036217868,39.730587024582],[-121.567030276981,39.7303011591516],[-121.567030277176,39.730301127628],[-121.566806747559,39.7302990504539],[-121.566088677599,39.7302920108604],[-121.565349897712,39.7302847634085],[-121.565352289744,39.7305678813444],[-121.565353025325,39.7306545864651],[-121.565353058856,39.7306587775083],[-121.565354763801,39.7308692097406],[-121.565189233322,39.7308700574569],[-121.565156219851,39.7308702264137],[-121.564818707831,39.7308719548469],[-121.564737653302,39.7308719991875],[-121.564668531481,39.7308719777245],[-121.564658565955,39.7308719732891],[-121.564465204501,39.7308719127243],[-121.564214663997,39.7308718346945],[-121.561961293833,39.7308711031808],[-121.562070737481,39.7310219593316],[-121.561812653082,39.7309270872215],[-121.558811583317,39.7292503642504],[-121.558811398117,39.7292479091687],[-121.558680206916,39.7292765853453],[-121.558520583648,39.7289082969011],[-121.55852058339,39.7276045788863],[-121.558636151497,39.7273201536837],[-121.558645211516,39.726978706879],[-121.558795416004,39.7263515875551],[-121.558709584987,39.7252953733875],[-121.558065855415,39.724321661857],[-121.55656381786,39.7227867998086],[-121.556177580324,39.7215159752223],[-121.556177579914,39.7208557969642],[-121.556199037293,39.7202121173546],[-121.556370699101,39.7192713437084],[-121.556306326049,39.718710174446],[-121.555283438889,39.7173311639706],[-121.555197608336,39.7169185293669],[-121.555476557694,39.7164893853588],[-121.555991541914,39.7162418005341],[-121.556249033501,39.7160932498089],[-121.556399237084,39.7159281932462],[-121.556678187849,39.715878675766],[-121.556699644646,39.7154660309949],[-121.556849849227,39.7153504905708],[-121.556785476125,39.7149213369044],[-121.556764017924,39.7143271208107],[-121.55674256055,39.7139309725502],[-121.55676401836,39.7137494042379],[-121.556485068706,39.7134357857385],[-121.556313407689,39.7121978008012],[-121.556420695521,39.7115705472389],[-121.556742560404,39.7112569182705],[-121.557021510647,39.7112734247785],[-121.557193170871,39.7107617111254],[-121.557429206048,39.7106461622283],[-121.557772528946,39.7103490362258],[-121.557772528535,39.7102004731326],[-121.557879817051,39.7100519088108],[-121.558223140618,39.7099858810219],[-121.558480632195,39.7099693730669],[-121.559124362539,39.7095897085244],[-121.559532058693,39.7094576500656],[-121.559832466222,39.7094411430859],[-121.560175788668,39.7094411434563],[-121.560347448716,39.7093420992307],[-121.560390365105,39.7090284595821],[-121.561260473965,39.7089789380657],[-121.561453592161,39.7089129090031],[-121.561646710874,39.7090614748194],[-121.561839830598,39.708252610474],[-121.561925661127,39.7080545194911],[-121.562097322306,39.7079554735895],[-121.562247526139,39.7079719812127],[-121.562333357117,39.7078564282266],[-121.562354814358,39.7077738895726],[-121.56222606833,39.707443735629],[-121.562912713869,39.7066348516275],[-121.563213122044,39.7065027879573],[-121.563513528909,39.7064532636583],[-121.563706648481,39.7063212005606],[-121.563792478524,39.7061891357217],[-121.564178716497,39.706205643888],[-121.564307462675,39.7055453193874],[-121.564843904772,39.7051656302686],[-121.565079938473,39.7051491213195],[-121.565058481691,39.704934513192],[-121.565230142481,39.7048354626509],[-121.565058481852,39.704587837198],[-121.565165769368,39.7039274969316],[-121.564028512476,39.7036468504879],[-121.563728104899,39.7033001676812],[-121.5635779016,39.7031515893955],[-121.563663732761,39.7028544305095],[-121.563620817141,39.701929929356],[-121.563406240178,39.7018143658713],[-121.563127290017,39.701649274772],[-121.563105833346,39.7014346551829],[-121.563234578316,39.7012035268008],[-121.563363324935,39.7009393785417],[-121.56257175182,39.70010103155],[-121.562485920728,39.6991764928221],[-121.562721955622,39.6989288467913],[-121.562786327147,39.6986812001112],[-121.563258396278,39.6986316702982],[-121.563365684933,39.6984500617916],[-121.563430058562,39.6981693922733],[-121.5637090084,39.6980208033078],[-121.564417111429,39.6978557029449],[-121.56493209572,39.6977566425571],[-121.56609080967,39.6979217434598],[-121.566262470815,39.6980868429822],[-121.566477047985,39.6979052326469],[-121.566455590085,39.6975915415178],[-121.566541419811,39.6967990528698],[-121.566047894408,39.6963202525523],[-121.565854775487,39.6959240015951],[-121.565940604916,39.6954121738957],[-121.566992030955,39.6954286847557],[-121.567142235385,39.6950984713302],[-121.567485558392,39.6951149830435],[-121.567743050377,39.6952635781955],[-121.568000542439,39.6953956637808],[-121.569717155626,39.6963532724293],[-121.569824444255,39.6963367631176],[-121.569867360052,39.696254210292],[-121.569738613911,39.6961386377362],[-121.569609867871,39.6956433222942],[-121.568987595053,39.6950489396416],[-121.5690734266,39.6948177886227],[-121.56864427242,39.6944875733414],[-121.56853698444,39.6943059538034],[-121.5686442716,39.6940252682636],[-121.568129288372,39.6941408449104],[-121.567893253539,39.6940913121944],[-121.567635762233,39.6937776029693],[-121.56774304942,39.693529937995],[-121.567979085489,39.693265760344],[-121.567464100299,39.692886003581],[-121.56752847422,39.6927043790833],[-121.567099320023,39.6923411308142],[-121.567077862821,39.6922585734459],[-121.56682037092,39.6924401982831],[-121.566519963242,39.6924567103206],[-121.566305385905,39.6926878678695],[-121.565790401225,39.6929520478046],[-121.565017926381,39.6930015815344],[-121.564202534462,39.6925722889931],[-121.563966499878,39.692275084329],[-121.563987957259,39.6921099710461],[-121.563773380594,39.6917632310533],[-121.563515888466,39.6917302080823],[-121.563344227243,39.6915650923846],[-121.562228429099,39.691135790782],[-121.559868084316,39.6911357907734],[-121.559846626603,39.6912843952739],[-121.55911706585,39.6915981158982],[-121.558687912395,39.6914990467398],[-121.558494793805,39.6913174190458],[-121.558761943646,39.6895102004549],[-121.559062351266,39.6891964708644],[-121.559491503535,39.6891304232109],[-121.56009231909,39.6889487890493],[-121.560907710905,39.68873413062],[-121.561336863262,39.6887011060234],[-121.561293947813,39.6884534229945],[-121.561143744852,39.6883213235916],[-121.560778963816,39.6882717868682],[-121.560199607351,39.6880075895618],[-121.559942114768,39.6877103653372],[-121.56013523366,39.6871819650846],[-121.560263980843,39.6867030977283],[-121.560306895315,39.685910484108],[-121.560564387851,39.6855141734479],[-121.559126722762,39.6843747671362],[-121.558976519616,39.6841435815106],[-121.55895506276,39.6839949608906],[-121.558804858638,39.6838133139186],[-121.558461535477,39.6838298280508],[-121.557968009627,39.6835490999161],[-121.556830752766,39.6829380990469],[-121.556594718421,39.6830206672309],[-121.555993903572,39.682657367176],[-121.555736411622,39.6823766340129],[-121.555714954528,39.6821124139915],[-121.5547493587,39.6814683723718],[-121.554465473425,39.681132478739],[-121.554530970628,39.6808132301788],[-121.554533019689,39.6808130803159],[-121.554810422154,39.6800302690568],[-121.555239575074,39.6795348392117],[-121.55506791425,39.6791550066984],[-121.555153744884,39.6790724337086],[-121.555196660367,39.6786595694934],[-121.555561440473,39.6785274526308],[-121.555754560097,39.6784283638599],[-121.556934732167,39.6786100250237],[-121.55721368128,39.6788577447044],[-121.557385343181,39.6788742595685],[-121.557642834878,39.6789403171935],[-121.557557004714,39.679287122198],[-121.55772866658,39.679303636554],[-121.558179276952,39.6790889483974],[-121.55860842983,39.6791054629488],[-121.558737176314,39.6792871227814],[-121.559080498961,39.6791384919099],[-121.559273618378,39.6789733466005],[-121.559359448825,39.6789403176583],[-121.559552567462,39.6789403177848],[-121.559810060107,39.6791715210502],[-121.560003178325,39.679468781383],[-121.560110467135,39.6793366659323],[-121.560239213574,39.6788742595781],[-121.560346501948,39.6788412299871],[-121.560453789478,39.6787751712952],[-121.560603993831,39.6788082004291],[-121.560711282612,39.6788907738046],[-121.560775654918,39.6790724332245],[-121.56071128257,39.6794687812145],[-121.561505215964,39.6790394046684],[-121.561569589318,39.6790394041732],[-121.561762707712,39.6790559196696],[-121.561891454292,39.6791880352361],[-121.562020200166,39.6795018100954],[-121.562299149652,39.6794852964699],[-121.562642472521,39.6795513535686],[-121.562964337642,39.6796834689607],[-121.563093083615,39.679865126642],[-121.56311454174,39.6801623843174],[-121.56335057512,39.6802449551259],[-121.563586610271,39.6803110118753],[-121.563672440929,39.6805256971187],[-121.563887018113,39.6803935835669],[-121.564080137326,39.680426611526],[-121.564273255654,39.680476154551],[-121.564638036404,39.6807734088044],[-121.564766781931,39.6806247820747],[-121.56487407099,39.6805256976373],[-121.565045731138,39.6805091831193],[-121.56532468133,39.6805917537304],[-121.565474885999,39.680822951312],[-121.56575383462,39.6806578099339],[-121.565968412301,39.6806578102838],[-121.566483396211,39.6808559802526],[-121.566504853134,39.6811036910014],[-121.56686963374,39.6811862607924],[-121.566934007038,39.6813514012507],[-121.567127126416,39.6815991105976],[-121.567298786583,39.6818468190153],[-121.567127126864,39.6821770956418],[-121.567434301497,39.6822845507138],[-121.567599194932,39.6823422330872],[-121.567899601533,39.6824743432368],[-121.568114178455,39.6825238839641],[-121.568006890136,39.6823752605143],[-121.567856686499,39.6822431504795],[-121.567685026154,39.682193609407],[-121.567620652453,39.682111039988],[-121.567685025981,39.6819789293463],[-121.567770856124,39.6817807630555],[-121.567727940783,39.6815495683888],[-121.567577737111,39.6814174570499],[-121.567470448993,39.68128534482],[-121.567534821765,39.6811036907805],[-121.567963974716,39.6808394654912],[-121.567663568011,39.6807073527017],[-121.567406075566,39.6807073525269],[-121.567277329481,39.6805917539993],[-121.567427533258,39.6802944981978],[-121.567384618189,39.6802119273467],[-121.567062752748,39.6802284409797],[-121.567013111543,39.6802488178008],[-121.566929500419,39.6801049082325],[-121.567170041751,39.6799642122828],[-121.567127126804,39.6797990697875],[-121.566934007629,39.679733011541],[-121.566757930798,39.6798096060047],[-121.566440481458,39.6799476983061],[-121.566268819565,39.6798981550963],[-121.566247360859,39.6797660402099],[-121.566526311833,39.6796669540268],[-121.566655161433,39.6795155955301],[-121.566934006855,39.6791880351578],[-121.566783803726,39.6789403176171],[-121.566547768861,39.6789898614981],[-121.566495986785,39.6790208585791],[-121.566441992383,39.6788530331525],[-121.566310709544,39.6789292912931],[-121.5662902775,39.6788412302158],[-121.566247360662,39.6786760846146],[-121.566333192068,39.6785109373303],[-121.566268819259,39.6784448788435],[-121.565839666089,39.6787421424434],[-121.565668004406,39.6789733465423],[-121.565474886082,39.6792871228294],[-121.565364664735,39.6793931585885],[-121.565303223984,39.6794522674919],[-121.565131562492,39.6795678684259],[-121.564702409454,39.6795018099005],[-121.564402002015,39.6794027239621],[-121.564123052552,39.6792210650463],[-121.564058678675,39.6791054627734],[-121.564058678939,39.6788247154459],[-121.563994305117,39.6785274527432],[-121.563908475009,39.6785274524645],[-121.563736814625,39.6786430550077],[-121.563522237318,39.6786265405703],[-121.563264745366,39.6784944225175],[-121.563200372167,39.6781476140295],[-121.563393491206,39.6777347444002],[-121.563414435268,39.6777025056058],[-121.563522237574,39.6775365654659],[-121.563715355983,39.677437476246],[-121.563608068138,39.6773879309849],[-121.563286203677,39.6773218716371],[-121.563157456835,39.6774209614942],[-121.562985796095,39.6776851989253],[-121.56274057697,39.6778110208493],[-121.562728303247,39.6778173180093],[-121.562492268925,39.6778833772801],[-121.562213319247,39.6779329221567],[-121.561891454072,39.6779329224261],[-121.561676877235,39.6778338329895],[-121.561526674089,39.6776356547563],[-121.561512545615,39.6775124255715],[-121.561462301248,39.6770741466606],[-121.561312096791,39.6769420270284],[-121.561076062379,39.6769915716633],[-121.560689825463,39.6772227818934],[-121.560684805959,39.6772260002931],[-121.560561078227,39.6773053562161],[-121.560453789599,39.6773218715022],[-121.560260671276,39.6772888420211],[-121.560174840849,39.6771897519554],[-121.560131924845,39.6770576320922],[-121.560199342036,39.6769242072129],[-121.560282129315,39.6767603606441],[-121.560239214122,39.6765456646351],[-121.560110467338,39.6764796042609],[-121.55991734804,39.6765291494646],[-121.559574025555,39.6767603608305],[-121.559280412766,39.6768572103693],[-121.559123414334,39.6769089972856],[-121.558522599512,39.676958541429],[-121.557685750705,39.6768264216655],[-121.557943242691,39.6762483919037],[-121.55759991945,39.6760502092907],[-121.557342427629,39.6760502086385],[-121.55712785169,39.6761658157512],[-121.556763070983,39.6762814221044],[-121.556205170523,39.6759676327888],[-121.556054966846,39.6755712649913],[-121.55614079767,39.6753730796271],[-121.556527036216,39.6752739877584],[-121.556720154867,39.6751748955219],[-121.556827443558,39.6750758020087],[-121.556848900593,39.6749271629688],[-121.556999104542,39.674910646906],[-121.557063477916,39.6749436788432],[-121.557299512389,39.6751253491908],[-121.557514089171,39.6753235339009],[-121.55783595453,39.6753730802169],[-121.558265107484,39.6754391423954],[-121.558329480416,39.6753730801941],[-121.558372395999,39.6751253487876],[-121.55850114181,39.6748445853949],[-121.558629888351,39.6747124606781],[-121.559037583791,39.6745473046316],[-121.559256672711,39.6745192005218],[-121.559269907063,39.6744716007368],[-121.559445279232,39.6744812424331],[-121.559874432896,39.6744647270508],[-121.559981721767,39.6742830544219],[-121.559917348059,39.6741178979501],[-121.559831517577,39.6740353184319],[-121.559981721626,39.6733581705243],[-121.55987443304,39.6728626924114],[-121.559788602911,39.6729617880179],[-121.559630425115,39.6731748480186],[-121.561888663159,39.6650510448282],[-121.569048035455,39.6657326582203]]]},"properties":{"FID":304,"Zone":"BUT-BV-461","SubZone":"Kunkle Reservoir","Community":"Butte Valley","Status":"No Order or Warning","StructureC":498,"Descriptio":"East of, and not including Dry Creek Rd, east to west branch of Lake Oroville. From the intersection of Arden Way and Pentz Rd, to north of the Intersection of Pentz Rd and Messilla Valley Rd. ","Shape_Leng":31853.5150649,"points":453,"Zone_Num":"461","GlobalID":"6afd1f25-e0d7-47b1-91d5-46636a03b8a4","GlobalID_2":"c737ca51-dc43-4290-aab6-0121980e7513","Shape__Area":127298558.58203125,"Shape__Length":80316.13080576852}},{"type":"Feature","id":305,"geometry":{"type":"Polygon","coordinates":[[[-121.627163150645,39.7265549349375],[-121.629402031531,39.7248935263021],[-121.6308698055,39.7242310045317],[-121.631952676981,39.7229305165575],[-121.633925868455,39.7200105426702],[-121.636572783765,39.7161527133379],[-121.638374779571,39.7138780106487],[-121.640641342497,39.711668533539],[-121.642514280708,39.7105003098057],[-121.643999845716,39.7085870089936],[-121.644256518727,39.7055826554825],[-121.645568784469,39.7042075355057],[-121.64782436749,39.7015336521473],[-121.647791068286,39.7005856776097],[-121.647695177137,39.6978556979192],[-121.647736700385,39.6935324135508],[-121.648529775776,39.6917355279092],[-121.650601305293,39.6891355251073],[-121.652504466289,39.6872879765374],[-121.654655382166,39.6841152439876],[-121.657290195379,39.6798284820452],[-121.660338748397,39.6774652143564],[-121.660452216293,39.6777079280751],[-121.668988823827,39.6959588050555],[-121.64663428711,39.7261026577079],[-121.645978371743,39.7260982185834],[-121.645923110548,39.7261001212237],[-121.645864806774,39.7261021263684],[-121.643517798299,39.7261750129212],[-121.643410563257,39.7261786988292],[-121.643304589338,39.7261823416258],[-121.642130605362,39.7262244876565],[-121.642108051298,39.7262251486311],[-121.642092639221,39.7262255998438],[-121.642051652088,39.7262260111006],[-121.642026648268,39.7262262620002],[-121.641472864051,39.726245290335],[-121.640990818621,39.7262618517685],[-121.640795399245,39.7262685645841],[-121.640593908728,39.7262754665946],[-121.640591766668,39.7262755609303],[-121.639691521557,39.7263064886652],[-121.639691464388,39.7263064911923],[-121.639249277029,39.7263490227247],[-121.638577560299,39.7264136426072],[-121.63669537999,39.726486153433],[-121.636267693408,39.726503655927],[-121.636160422428,39.7265068973846],[-121.63616042533,39.7265009384273],[-121.636160425568,39.7265008924929],[-121.636116247018,39.7265003713115],[-121.636116230275,39.7264878543681],[-121.636116231047,39.726487480584],[-121.636116288622,39.7264725536234],[-121.635574738896,39.7264758804013],[-121.635428857021,39.7264767634125],[-121.63466868644,39.7264813612874],[-121.634166091322,39.7264843971891],[-121.63378636582,39.7264866901792],[-121.631542113103,39.7265002139156],[-121.627163150645,39.7265549349375]]]},"properties":{"FID":305,"Zone":"BUT-BV-462","SubZone":"Calernbar Rd","Community":"Butte Valley","Status":"No Order or Warning","StructureC":45,"Descriptio":"Wayland Rd south to north of Hwy 99.  All of York Rd, Calernbar Rd and all roads off of Calernbar Rd.","Shape_Leng":18340.6489234,"points":61,"Zone_Num":"462","GlobalID":"a511951a-118b-49f3-8d7a-047990dd7916","GlobalID_2":"365a9f52-49e4-44b2-84e3-8e1150ceb7c0","Shape__Area":77042910.84667969,"Shape__Length":46212.54170874206}},{"type":"Feature","id":311,"geometry":{"type":"Polygon","coordinates":[[[-121.532609738399,39.7257426278842],[-121.524317841767,39.7190468086684],[-121.523073296874,39.7169341402402],[-121.521342160291,39.7163734607635],[-121.521384735141,39.7163430417029],[-121.521690045568,39.7154335224529],[-121.522633942263,39.7126215751018],[-121.523358840339,39.7109289888299],[-121.524646301168,39.7106648778131],[-121.528508681713,39.7101366519924],[-121.529967803286,39.7091462195976],[-121.530959517862,39.7060186570693],[-121.530826110341,39.7051183122859],[-121.529624480591,39.703269357743],[-121.529452820335,39.7020807180727],[-121.530568618441,39.6993731844964],[-121.530396956988,39.6965334630469],[-121.530873687459,39.6955187178522],[-121.532027739924,39.6940238437034],[-121.53253738101,39.6935782157758],[-121.533916015078,39.6923727287545],[-121.534430999306,39.6914480865571],[-121.534688491514,39.6900611014401],[-121.535546799079,39.6887401365905],[-121.538776530738,39.6860416584271],[-121.539495010699,39.6843147206133],[-121.539039898434,39.682309524058],[-121.538244985936,39.6815087676255],[-121.550864696989,39.6811392815741],[-121.550699369242,39.6812156228728],[-121.550645725298,39.6813394788453],[-121.550699369859,39.6813807633109],[-121.55081738684,39.6813890205402],[-121.550999776727,39.681405534323],[-121.552308694899,39.6821651726771],[-121.552426712589,39.682322054164],[-121.552566187078,39.6825945302764],[-121.553263561391,39.6829660869073],[-121.553767816644,39.683502777552],[-121.553907291691,39.6836926813507],[-121.553894095428,39.6839541707045],[-121.553690246988,39.6841275608934],[-121.553711704511,39.6842348976776],[-121.553840450202,39.6843917732761],[-121.553915552191,39.6844247997571],[-121.554173044466,39.6844247996912],[-121.554773859514,39.6848046034527],[-121.555213742004,39.6848623998211],[-121.55526738527,39.6849201956943],[-121.555417589648,39.6851018399331],[-121.555449775404,39.6851183526568],[-121.556179336259,39.6852504574905],[-121.556469014707,39.6854733835533],[-121.556672863175,39.6858449245067],[-121.55730586398,39.6861504127512],[-121.557531170115,39.6863155413422],[-121.557649187549,39.6864889254384],[-121.557627729142,39.6866870785633],[-121.55734878064,39.6870421009448],[-121.556812338037,39.6875127086217],[-121.556629947882,39.6875705023235],[-121.556383185172,39.6875539905928],[-121.555975488837,39.6874961968305],[-121.55587892935,39.6882704631461],[-121.556157878767,39.6887080378823],[-121.556232981044,39.6888566486149],[-121.556211522898,39.6890630508987],[-121.556361726448,39.6893602685904],[-121.55630808271,39.6900124924541],[-121.556254437717,39.6901115631627],[-121.556157878637,39.6901610988476],[-121.555503419425,39.6900950512568],[-121.55555706385,39.6904087769646],[-121.555882468663,39.6908234694533],[-121.555914655478,39.6911784706747],[-121.555828825265,39.6913931215317],[-121.555421129597,39.6917150966443],[-121.55512072195,39.6921031159127],[-121.554884688032,39.6923012526791],[-121.554959790087,39.6924333432991],[-121.555281654891,39.6924085761496],[-121.555485502495,39.6924415990827],[-121.556365267035,39.6931350709055],[-121.556515470649,39.693308438357],[-121.556622759086,39.6937047042175],[-121.556944623646,39.6939771352268],[-121.557169929251,39.6940596900893],[-121.557373777682,39.6940431799845],[-121.557631270202,39.6941505001345],[-121.558028236483,39.6940431799969],[-121.558232084531,39.6940431801143],[-121.558425203839,39.6940596900455],[-121.558521762231,39.6941009678562],[-121.558693424434,39.6941009679715],[-121.558950916915,39.6940019023692],[-121.559154763754,39.6940184134938],[-121.559375429875,39.6938647883969],[-121.559448197331,39.6939010188561],[-121.559576943552,39.6938184641307],[-121.559855893885,39.6938349759895],[-121.560735658263,39.6940661291074],[-121.560950234958,39.6936863754614],[-121.561272099461,39.6933066207611],[-121.561465219745,39.6933231329203],[-121.561765626593,39.693719398606],[-121.561787083771,39.6941817054722],[-121.561701253788,39.6942807711879],[-121.561400845601,39.6942477494668],[-121.560842946826,39.6941321730052],[-121.560800030798,39.6942477487505],[-121.560864405016,39.6943963467419],[-121.561357930797,39.6946274982754],[-121.562023117921,39.6954365236381],[-121.562066034135,39.6957006931374],[-121.56202311761,39.6958327773515],[-121.561980202299,39.6960969452011],[-121.561937287284,39.6962455392646],[-121.561121895486,39.6968068906567],[-121.560628368894,39.6976654207176],[-121.560263589545,39.6977149510676],[-121.560027554967,39.6979791111833],[-121.560091928023,39.6982762902224],[-121.559855894028,39.6984413897661],[-121.559576943249,39.6984579004663],[-121.559426739565,39.6984579000812],[-121.559147790709,39.6986395085826],[-121.558546976218,39.6996135829205],[-121.558568433278,39.6999272645814],[-121.558761552526,39.6999272639911],[-121.558954671032,39.699679621278],[-121.559362367048,39.6996631115544],[-121.559469655238,39.6996631116428],[-121.560049012897,39.700092359373],[-121.560318305185,39.7006464161252],[-121.560296847639,39.7010426393766],[-121.560468508823,39.7013067874586],[-121.560489965491,39.7014718788821],[-121.560489965973,39.7023303510736],[-121.56059725429,39.7033208819379],[-121.560854747043,39.7038986846996],[-121.561026407828,39.7040142448427],[-121.561219527807,39.7040472616731],[-121.561305357893,39.7042123478467],[-121.561198069757,39.7044104495847],[-121.560833289105,39.7045590254582],[-121.560318305216,39.7055330164925],[-121.560189559175,39.706209848407],[-121.559266879077,39.7067876273963],[-121.559138132348,39.7072828632932],[-121.558751894341,39.7074644484448],[-121.558623148717,39.7078441257067],[-121.558365657433,39.7079761865271],[-121.558000875805,39.7084549058622],[-121.557764842659,39.7086034729173],[-121.557421519002,39.7086364878394],[-121.557335688613,39.708735532828],[-121.557400060942,39.7091317098593],[-121.556756331486,39.7101386497916],[-121.556770904534,39.7101452104383],[-121.556420088728,39.710201046764],[-121.555390120391,39.7113235193726],[-121.555304289703,39.7122974149412],[-121.555325746791,39.7130567126554],[-121.555197001559,39.7131557513915],[-121.555390121155,39.7133043083417],[-121.555261373897,39.7134858780968],[-121.555390120182,39.7137004596549],[-121.555261374476,39.7139315461609],[-121.555475950822,39.7142781754088],[-121.555518866323,39.7151364880083],[-121.555368662021,39.7154831105831],[-121.555132628244,39.7157141921746],[-121.555025339626,39.7158792500101],[-121.554445983201,39.7165394755035],[-121.554424525289,39.7171336732277],[-121.554639101502,39.7176453391392],[-121.554896594243,39.7180414661128],[-121.555647612391,39.7188667203936],[-121.555733443073,39.7192298304804],[-121.555390120075,39.7210123394716],[-121.55536394325,39.7212176531933],[-121.554419805576,39.7215642455344],[-121.553840448067,39.72219140865],[-121.553625871543,39.7222244169562],[-121.552681733683,39.7221584003238],[-121.552338410565,39.7222904346653],[-121.552165014581,39.7223930252472],[-121.552059461267,39.7224554758398],[-121.551909258057,39.7226205175548],[-121.55188780001,39.7227195420429],[-121.552038003544,39.7226535254944],[-121.552091403382,39.7226265709877],[-121.551951423652,39.7230706906028],[-121.551651016411,39.7241599457498],[-121.552123084969,39.7248861070359],[-121.551951423359,39.7256122599103],[-121.551736847072,39.726602456664],[-121.551264776862,39.7272955852765],[-121.550148979117,39.7277906729215],[-121.549505249541,39.7290448806032],[-121.54957094442,39.7293682421952],[-121.549171306036,39.7294067775941],[-121.54874405038,39.7301050291161],[-121.547714082362,39.7301050296733],[-121.545053330157,39.7316232252565],[-121.544109193144,39.7324153149312],[-121.542907563782,39.7333394078032],[-121.541963426016,39.7336034321688],[-121.54162010279,39.7343294935418],[-121.541576133382,39.7344376953401],[-121.537196025488,39.7325280413767],[-121.534792765885,39.7317029491284],[-121.534363612907,39.7309438565025],[-121.53367696756,39.729095594157],[-121.53384309092,39.7274346794439],[-121.532609738399,39.7257426278842]]]},"properties":{"FID":311,"Zone":"BUT-CON-509","SubZone":"Nelson Bar","Community":"Concow","Status":"No Order or Warning","StructureC":77,"Descriptio":"West Branch of Lake Oroville east to Hwy 70. South, southwest of Concow Rd, excluding residences located on Concow Rd, south to the south end of Nelson Bar Rd. This will include Lunt Rd, Skycrest Rd, Sunset Canyon, Dawn Terrace and Bob Rd.   ","Shape_Leng":22256.7358887,"points":216,"Zone_Num":"509","GlobalID":"bb7c9959-3b91-44ac-bed0-3815d7f9c325","GlobalID_2":"a8533c32-e8e3-4e21-9930-d6d9b73a9c06","Shape__Area":130927166.45996094,"Shape__Length":56116.44448313817}},{"type":"Feature","id":312,"geometry":{"type":"Polygon","coordinates":[[[-121.4778123449,39.808705081794],[-121.475662922183,39.8076366784919],[-121.473860686734,39.8076796741017],[-121.470011628834,39.8077715016998],[-121.458807116472,39.8039129623491],[-121.451635365947,39.8014430865446],[-121.453766711045,39.7945290892149],[-121.452907837749,39.7942498958628],[-121.4529991341,39.7941725563261],[-121.453411178709,39.793533814177],[-121.453506044364,39.7933375060318],[-121.453518558193,39.7933116101896],[-121.453580933735,39.7931825353614],[-121.453625698299,39.7929372689969],[-121.453604179319,39.7926469216376],[-121.453413730739,39.7921787787364],[-121.453401419782,39.7921506736362],[-121.453307606989,39.7919365049758],[-121.453258616193,39.7916524652767],[-121.453200399196,39.791314934714],[-121.453056077088,39.7908419144328],[-121.452948639256,39.7904816381524],[-121.452940656777,39.7903380258803],[-121.45293956637,39.790318419371],[-121.452865619095,39.7889879513774],[-121.452749707349,39.7887296091571],[-121.452747298097,39.7887277578789],[-121.452567317064,39.7885894591971],[-121.452256181432,39.7884328196919],[-121.451580264348,39.7882844241992],[-121.451172568985,39.7880700751772],[-121.450893880366,39.7878709711869],[-121.450775602148,39.7876908397759],[-121.450771912121,39.7876830461119],[-121.450744315617,39.7876247597192],[-121.450728660901,39.7875916939643],[-121.45022839843,39.7865350732784],[-121.450116001402,39.7862672306876],[-121.449991708644,39.7857820120153],[-121.449970939435,39.7851515601315],[-121.449923890693,39.7848261671727],[-121.449906565334,39.7844837469126],[-121.449980889103,39.7842810393339],[-121.450323219952,39.7838657747866],[-121.450502596295,39.7835349867626],[-121.450641395443,39.7831047146001],[-121.450764872923,39.7825627170251],[-121.450818517875,39.782018552647],[-121.450968721536,39.7816722647763],[-121.451214468401,39.7813575187778],[-121.451612451129,39.7808889864378],[-121.45178411255,39.7806168990386],[-121.451897862766,39.7803174944373],[-121.451955773549,39.7796769490517],[-121.452031307525,39.7794391126074],[-121.452223994271,39.7791492536372],[-121.452674605768,39.7788029504722],[-121.453115180597,39.7782583751247],[-121.453440173244,39.7779494403326],[-121.453442939846,39.7779471834531],[-121.453462638499,39.7779311157316],[-121.453772660857,39.7776782347197],[-121.454231236828,39.7774912489259],[-121.454930323709,39.7773372966384],[-121.455423850168,39.7769909850838],[-121.455751586381,39.7764624521989],[-121.456004115392,39.7759991505462],[-121.45654177197,39.7755665490922],[-121.457518283972,39.7751877962697],[-121.45793439756,39.7750120255623],[-121.458599585669,39.7743853433041],[-121.459007282076,39.7741544587434],[-121.459766114816,39.7741160801172],[-121.460781905426,39.7745261577763],[-121.461445595005,39.7748232196877],[-121.462075729554,39.774929568085],[-121.462419052019,39.7748965846226],[-121.463131139534,39.7744906654367],[-121.463168349244,39.7744694546526],[-121.463470478361,39.7740225248223],[-121.463491934922,39.7736432127048],[-121.463148612457,39.7728680895011],[-121.462891120872,39.7721259414345],[-121.462996700607,39.7715665869499],[-121.463534850283,39.7710374435891],[-121.463830368614,39.7709685261745],[-121.464140683517,39.7708961572772],[-121.46522512731,39.7709410149225],[-121.465654037876,39.770774700622],[-121.466023941118,39.7704107260938],[-121.465787905696,39.7695860874274],[-121.465680618447,39.7692397362166],[-121.465766448742,39.7688933829318],[-121.465824803576,39.7688130210956],[-121.465839247047,39.768818699675],[-121.50555053474,39.7844203977336],[-121.505549084861,39.784393574001],[-121.509869258588,39.7843935739203],[-121.510372433679,39.7843935734215],[-121.511059079083,39.7836350613354],[-121.512518201006,39.7829754784826],[-121.513376507735,39.7827446228779],[-121.5149643749,39.782843560094],[-121.51483562963,39.7929674840814],[-121.517753872106,39.7981113175891],[-121.522715140956,39.8005100595165],[-121.523375782339,39.8006830893877],[-121.524690568964,39.8061543518249],[-121.524738845327,39.8063552360929],[-121.52476527835,39.806465228694],[-121.484764429105,39.8074195421318],[-121.482704694572,39.8092984855026],[-121.4778123449,39.808705081794]]]},"properties":{"FID":312,"Zone":"BUT-CON-504","SubZone":"Windemere","Community":"Concow","Status":"No Order or Warning","StructureC":181,"Descriptio":"West of Windermere Ln east to Hwy 70. Concow Rd/Rim Rd,  south to just north of Hoffman Rd.","Shape_Leng":24544.8913919,"points":113,"Zone_Num":"504","GlobalID":"47296d5b-057a-4888-be6b-e108ef123d0e","GlobalID_2":"bfb22401-3c3c-420f-9c58-42dae4255607","Shape__Area":196674193.7216797,"Shape__Length":62291.96303211904}},{"type":"Feature","id":322,"geometry":{"type":"Polygon","coordinates":[[[-121.561664444829,39.7997689429302],[-121.566181145043,39.7997808944129],[-121.566181318005,39.7998857724525],[-121.566182436091,39.8005720630812],[-121.570400758869,39.8005925798516],[-121.570596851707,39.8010641195903],[-121.570916031009,39.8027744650752],[-121.570864271828,39.8032387540463],[-121.569648037629,39.8045391694531],[-121.569558836183,39.8048624178806],[-121.569548110898,39.8053924720532],[-121.569529455774,39.8063144930107],[-121.569529220834,39.806326126952],[-121.569450371851,39.8065918657737],[-121.52515083361,39.8064637478737],[-121.525117312824,39.8064549186324],[-121.525102682771,39.8064571797881],[-121.52476527835,39.806465228694],[-121.524738845327,39.8063552360929],[-121.524690568964,39.8061543518249],[-121.523375782339,39.8006830893877],[-121.522715140956,39.8005100595165],[-121.517753872106,39.7981113175891],[-121.51483562963,39.7929674840814],[-121.5149643749,39.782843560094],[-121.513376507735,39.7827446228779],[-121.512518201006,39.7829754784826],[-121.511059079083,39.7836350613354],[-121.510372433679,39.7843935734215],[-121.509869258588,39.7843935739203],[-121.509391102146,39.783148340612],[-121.510163578545,39.781284988702],[-121.513124737534,39.7790917749959],[-121.515828404209,39.777706552074],[-121.520491343059,39.7706861717427],[-121.527314871765,39.7637514082301],[-121.528875397727,39.7625842607726],[-121.528902738942,39.762563811173],[-121.530104369348,39.7629926683457],[-121.530233115558,39.763058645461],[-121.531005590652,39.7637514079019],[-121.532335966925,39.7627617457035],[-121.533065527415,39.7614751621236],[-121.533303186588,39.7611659919085],[-121.533471638542,39.7612971657285],[-121.545519986518,39.7706785629799],[-121.560951613374,39.7709406820761],[-121.561664444829,39.7997689429302]]]},"properties":{"FID":322,"Zone":"BUT-CON-503","SubZone":"Hog Ranch","Community":"Concow","Status":"No Order or Warning","StructureC":69,"Descriptio":"Just south of Sawmill Peak Rd, south to Concow Reservoir dam. West Branch Feather River east to east of Pine Point Ln, amd Meadows Springs Rd.","Shape_Leng":24029.1920647,"points":48,"Zone_Num":"503","GlobalID":"a9d5fe9f-8ffb-407a-bead-0eb4b89a74c8","GlobalID_2":"68734e65-2855-4136-a3c2-44b6d3a28255","Shape__Area":180885279.4326172,"Shape__Length":60537.566698173556}},{"type":"Feature","id":323,"geometry":{"type":"Polygon","coordinates":[[[-121.466691431118,39.7625104479558],[-121.467338236272,39.7623937473638],[-121.467791535954,39.7622938240367],[-121.468147178692,39.7620949048095],[-121.469025352303,39.76150207769],[-121.469367464892,39.7613544013507],[-121.469797828318,39.7612958921955],[-121.470191921323,39.7613598449521],[-121.470808834209,39.7616270093065],[-121.471483410309,39.7619493332467],[-121.472403758433,39.7622195160623],[-121.473469876841,39.7625173686139],[-121.474024990353,39.7624917589189],[-121.474207378985,39.7624587698305],[-121.474529245303,39.7623350599021],[-121.474870966142,39.7620346518892],[-121.475258805105,39.7617247570101],[-121.47575265446,39.7615708930728],[-121.476645612768,39.761560677712],[-121.478106952409,39.7614434437092],[-121.478488955476,39.7613905600401],[-121.479024626995,39.7612051706804],[-121.479539611187,39.7608752723294],[-121.47967834882,39.7607000607267],[-121.479757173428,39.7605986485883],[-121.479831952335,39.7604814240871],[-121.479834978524,39.7604332570434],[-121.47984083919,39.7603597815257],[-121.4798772251,39.7599036211979],[-121.479893720121,39.7596410448613],[-121.479921811533,39.7595281300729],[-121.479979493565,39.7593577200304],[-121.480136452001,39.7591968398414],[-121.480294595461,39.7590597301877],[-121.480550643051,39.7589132960351],[-121.48079197459,39.7587752772987],[-121.480851089177,39.758745990023],[-121.481076498062,39.7585927149138],[-121.481258887546,39.7583370344921],[-121.481291074168,39.7580409826722],[-121.481265382462,39.7579550907542],[-121.481252475146,39.7579119378134],[-121.481190430456,39.7577045118103],[-121.481119414007,39.7574627642616],[-121.481159661894,39.7567734591429],[-121.481383016428,39.7560268256261],[-121.481527109833,39.7558049201049],[-121.481688041657,39.7556399579502],[-121.482130092232,39.7553547349951],[-121.482514161618,39.755054340148],[-121.482825297837,39.7546089371509],[-121.483018416479,39.7542047728299],[-121.483024196991,39.7541351578964],[-121.483028771342,39.7540800504551],[-121.483050603845,39.7538171029921],[-121.482945889892,39.7535289227597],[-121.482907147901,39.7534878946808],[-121.482886835598,39.7534663816915],[-121.482624131356,39.7531881640534],[-121.482277694129,39.7528184459305],[-121.482277470682,39.7528182071661],[-121.482078227166,39.7524567517885],[-121.482020635472,39.7521344255662],[-121.482083064815,39.7517525594583],[-121.482184297139,39.7510792621717],[-121.482161946468,39.7504131130114],[-121.482014994682,39.7496446934183],[-121.482040032333,39.749343375092],[-121.482044610578,39.7492882766117],[-121.482048183515,39.7492452780799],[-121.48229958445,39.7487689460774],[-121.482546420488,39.7485364273632],[-121.483007688077,39.7482657600204],[-121.483600438022,39.7480946859585],[-121.483600469638,39.7480946707854],[-121.484130394327,39.7478527205526],[-121.48462272259,39.747738883271],[-121.487558573881,39.7464155519226],[-121.488619614248,39.7457886744052],[-121.489217194333,39.7448186693663],[-121.489470992994,39.7445442741144],[-121.489995982708,39.7480426214411],[-121.493343379421,39.7522659859777],[-121.495832469581,39.7527279006417],[-121.502355601958,39.7541136271149],[-121.510767009507,39.757082945934],[-121.515408261389,39.7597426921259],[-121.51539723613,39.759814733041],[-121.519045040466,39.7621900021115],[-121.528875397727,39.7625842607726],[-121.527314871765,39.7637514082301],[-121.520491343059,39.7706861717427],[-121.515828404209,39.777706552074],[-121.513124737534,39.7790917749959],[-121.510163578545,39.781284988702],[-121.509391102146,39.783148340612],[-121.509869258588,39.7843935739203],[-121.505549084861,39.784393574001],[-121.50555053474,39.7844203977336],[-121.465839247047,39.768818699675],[-121.465824803576,39.7688130210956],[-121.466281433507,39.7681841792446],[-121.466367263903,39.7677223675484],[-121.466303777595,39.767169317943],[-121.465073978597,39.7660151898029],[-121.465070676032,39.7660051979101],[-121.465065912154,39.7660007268844],[-121.464923232559,39.7655689755237],[-121.464919718989,39.7655583458815],[-121.464917252409,39.7655562694018],[-121.464939266151,39.7655492468091],[-121.465224495987,39.7639718647788],[-121.465431191768,39.7634154479794],[-121.465866842891,39.7629428776905],[-121.466243716725,39.7626860671358],[-121.466691431118,39.7625104479558]]]},"properties":{"FID":323,"Zone":"BUT-CON-505","SubZone":"Ishi Trail","Community":"Concow","Status":"No Order or Warning","StructureC":92,"Descriptio":"East of Concow Reservoir east to Hwy 70. From just north of Hoffman Rd, south to north of Crain Ridge Rd.","Shape_Leng":20583.0633431,"points":116,"Zone_Num":"505","GlobalID":"6754eaeb-74cc-44a0-8ea7-264197847105","GlobalID_2":"163f318a-ea25-484b-b38a-8dc5340659db","Shape__Area":122299110.20703125,"Shape__Length":51870.25824421755}},{"type":"Feature","id":324,"geometry":{"type":"Polygon","coordinates":[[[-121.53384309092,39.7274346794439],[-121.53367696756,39.729095594157],[-121.534363612907,39.7309438565025],[-121.534792765885,39.7317029491284],[-121.537196025488,39.7325280413767],[-121.541576133382,39.7344376953401],[-121.541190949089,39.7353855694534],[-121.540590134535,39.7365736345675],[-121.539474335939,39.7376296758614],[-121.53895935176,39.7380256868738],[-121.538530198021,39.7388177027701],[-121.537929382769,39.7388837037291],[-121.537500230541,39.7394117089563],[-121.537671890727,39.7400717092459],[-121.537414399329,39.7402037088562],[-121.536298600254,39.7399397092146],[-121.535526123616,39.7408637016812],[-121.536212769262,39.7413256923799],[-121.536985246,39.7418536795601],[-121.536212769483,39.7431076299016],[-121.535783615516,39.7435036105924],[-121.535783615596,39.7441635714911],[-121.537414398281,39.7450215110008],[-121.538530198262,39.7454174806913],[-121.538701860196,39.746341398403],[-121.538873521143,39.747331297195],[-121.538015213273,39.7477932453186],[-121.536899414936,39.7483871745465],[-121.536641922956,39.7491130799192],[-121.537586060775,39.7495750156798],[-121.537586061091,39.7510267937711],[-121.538787690323,39.7517526714031],[-121.53664192279,39.7557778562126],[-121.536212768844,39.7567016353782],[-121.535268631746,39.7572295038239],[-121.53458198603,39.7582852280525],[-121.534925308495,39.7588130848589],[-121.534067002552,39.7599347653648],[-121.533469183375,39.7609851845669],[-121.533459231629,39.760990007025],[-121.53337277492,39.7610896979194],[-121.533363479852,39.7610875543857],[-121.533303186594,39.7611659910079],[-121.533065527415,39.7614751621236],[-121.532335966925,39.7627617457035],[-121.531005590652,39.7637514079019],[-121.530233115558,39.763058645461],[-121.530104369348,39.7629926683457],[-121.528902738942,39.762563811173],[-121.528875397727,39.7625842607726],[-121.519045040466,39.7621900021115],[-121.51539723613,39.759814733041],[-121.515408261389,39.7597426921259],[-121.510767009507,39.757082945934],[-121.502355601958,39.7541136271149],[-121.495832469581,39.7527279006417],[-121.493343379421,39.7522659859777],[-121.489995982708,39.7480426214411],[-121.489467131645,39.7445185408347],[-121.489884871712,39.7440668978624],[-121.491258163819,39.743604924399],[-121.492202300577,39.7428789607148],[-121.494433898372,39.7420869928018],[-121.496922988594,39.7384570173667],[-121.496322172905,39.7342988111839],[-121.49503471292,39.7329126868502],[-121.494519728775,39.7321866103471],[-121.49405232241,39.7294561540266],[-121.494910630083,39.7281359434001],[-121.495721358552,39.7273679103959],[-121.504866990161,39.725099362994],[-121.506707686725,39.724463325118],[-121.512505920749,39.7220626494388],[-121.516454132,39.7194219192664],[-121.518484311425,39.718299525477],[-121.51920071378,39.7179034543704],[-121.521242698123,39.7164445238856],[-121.521342160291,39.7163734607635],[-121.523073296874,39.7169341402402],[-121.524317841767,39.7190468086684],[-121.532609738399,39.7257426278842],[-121.53384309092,39.7274346794439]]]},"properties":{"FID":324,"Zone":"BUT-CON-508","SubZone":"Deadwood","Community":"Concow","Status":"No Order or Warning","StructureC":126,"Descriptio":"Concow Creek east to Hwy 70. Concow Reservoir south to north of Skycrest Dr, which will include Concow Rd.","Shape_Leng":21263.290343,"points":82,"Zone_Num":"508","GlobalID":"bf59f1f6-80cc-4044-abec-8d5c3d7724f6","GlobalID_2":"eb6962ef-db3c-4928-9ac7-8b7e230abce2","Shape__Area":157523233.49121094,"Shape__Length":53609.564054265575}},{"type":"Feature","id":408,"geometry":{"type":"Polygon","coordinates":[[[-121.429702408086,39.9003165625907],[-121.410782089492,39.9003425598251],[-121.411390341998,39.8713092252909],[-121.398513473922,39.8710219389138],[-121.398573577888,39.8629389077492],[-121.387318397388,39.8628726687447],[-121.387095051397,39.8628775659421],[-121.388945565961,39.8596829672956],[-121.39226903677,39.852964167821],[-121.394464638735,39.8480155681615],[-121.396140440419,39.8446230336365],[-121.399256978896,39.8429871679744],[-121.399257040881,39.842987161085],[-121.402534163377,39.8424343408408],[-121.402534220702,39.8424343321248],[-121.405753059609,39.8420319610194],[-121.405753111099,39.8420319513717],[-121.411532884968,39.8405483066287],[-121.414719064338,39.837186308033],[-121.414116624554,39.834090377233],[-121.414094529196,39.8340848273958],[-121.414094463081,39.8340844911194],[-121.414094423445,39.834084481015],[-121.411299106276,39.8333823052295],[-121.411277366926,39.833376844003],[-121.409371600977,39.8314406412329],[-121.408660444667,39.8298451791058],[-121.408241439615,39.8267325583837],[-121.40949260451,39.8251806794723],[-121.412895201829,39.8235738937069],[-121.415709101882,39.8222973360907],[-121.41964183016,39.8218236429168],[-121.422682540365,39.821436720735],[-121.425475641084,39.8180069031584],[-121.426981908144,39.8158031061092],[-121.426981894438,39.8158030682145],[-121.426640318372,39.8134310904017],[-121.42931625747,39.8108482337155],[-121.431922562596,39.8087674000888],[-121.43220104091,39.8085450558503],[-121.432234220362,39.8084981357815],[-121.432750341405,39.8077682658404],[-121.45649940209,39.8095112963437],[-121.458807116472,39.8039129623491],[-121.470011628834,39.8077715016998],[-121.473860686734,39.8076796741017],[-121.475662922183,39.8076366784919],[-121.4778123449,39.808705081794],[-121.482704694572,39.8092984855026],[-121.484764429105,39.8074195421318],[-121.52476527835,39.806465228694],[-121.525102682771,39.8064571797881],[-121.525117312824,39.8064549186324],[-121.52515083361,39.8064637478737],[-121.569450371851,39.8065918657737],[-121.571371408138,39.8208649868348],[-121.559320728328,39.8400309724199],[-121.547032470949,39.8453770910094],[-121.537407873368,39.8567720653697],[-121.527926091245,39.8629835720219],[-121.51281554231,39.8600967829776],[-121.5090360768,39.8702740409114],[-121.507679435713,39.8864407213239],[-121.513723536915,39.8922557225683],[-121.513166304866,39.8996871092603],[-121.476221162855,39.9128076834076],[-121.442085524565,39.9248544759739],[-121.442085524613,39.929011934545],[-121.420318609376,39.9293838064695],[-121.410980118745,39.9294183407707],[-121.410818693975,39.9150192549583],[-121.429888025024,39.9147610532094],[-121.429702408086,39.9003165625907]]]},"properties":{"FID":408,"Zone":"BUT-CON-501","SubZone":"Rag Dump","Community":"Concow","Status":"No Order or Warning","StructureC":0,"Descriptio":"From the intersection of Concow Rd and Cow Camp Rd, south to just north of Jordan Hill Rd. From the drainage of the West Branch of the Feather River, east to the Butte/Plumas County line.","Shape_Leng":85854.4381092,"points":346,"Zone_Num":"501","GlobalID":"78e10f6c-5eee-44e9-b80b-61d185cd825f","GlobalID_2":"b11bcef7-56c9-42f7-8f2e-c659c871fe04","Shape__Area":1385789006.1982422,"Shape__Length":187861.37675878147}},{"type":"Feature","id":409,"geometry":{"type":"Polygon","coordinates":[[[-121.611180677735,39.7267084043912],[-121.611611911195,39.7280953421809],[-121.613500186372,39.7286234292589],[-121.617478923538,39.7266492280647],[-121.618452972154,39.726648260255],[-121.618453011812,39.7266482603835],[-121.621809816358,39.7266284086045],[-121.622030520209,39.7266271081749],[-121.622016176657,39.72810739554],[-121.621999060265,39.7298740663925],[-121.621993320734,39.7304663576148],[-121.621980506064,39.7315781200741],[-121.621957773081,39.7335503014205],[-121.621685202657,39.7336609777089],[-121.621511426901,39.7337315382921],[-121.621023546693,39.7338334539258],[-121.620924991264,39.7345385772103],[-121.620307736462,39.7348620053813],[-121.619999959924,39.7346989630504],[-121.619715638435,39.7347916893363],[-121.618389347291,39.7352242188296],[-121.618390978018,39.7354713413702],[-121.618395965368,39.7362269688513],[-121.618125481587,39.7365707595693],[-121.617790103968,39.7369414298088],[-121.61733099689,39.7373593594483],[-121.617183503693,39.7374794413593],[-121.617183580494,39.7375175361783],[-121.617187473483,39.7394423141857],[-121.617188958905,39.7401767252955],[-121.617199127111,39.7414189063949],[-121.61721238949,39.7430394065042],[-121.617214016086,39.7431991024156],[-121.617233191042,39.7450817712813],[-121.617233228191,39.7450854407917],[-121.617239160952,39.7456669132679],[-121.617236553319,39.7463090693782],[-121.616861137631,39.7465278817422],[-121.616455131787,39.7466273192297],[-121.616082233305,39.746718647248],[-121.615712361998,39.7467176827463],[-121.615789647332,39.7474353443265],[-121.61579747391,39.7475080361535],[-121.616185124719,39.7475089187347],[-121.616173264264,39.7480738241205],[-121.616031485105,39.7484460467028],[-121.61429477128,39.7485714470094],[-121.614294586927,39.7485714464055],[-121.611773402113,39.7485729597345],[-121.610319687063,39.7485738086944],[-121.610319501539,39.748573808981],[-121.607812099527,39.7485847258703],[-121.607811914007,39.7485847252523],[-121.607597883181,39.7485827727141],[-121.607058180008,39.748577847205],[-121.605960767462,39.7485678231176],[-121.604242450261,39.748552107655],[-121.604242265899,39.7485521088367],[-121.604012848224,39.74855434478],[-121.604012384974,39.7485543495266],[-121.604001984634,39.7485544514478],[-121.603314359302,39.7485611496404],[-121.603310894858,39.7485611830011],[-121.603093766631,39.7485632973403],[-121.603101409875,39.7476685706915],[-121.603102731675,39.7475139312217],[-121.60310602017,39.7472834886519],[-121.603107916127,39.7471506890955],[-121.603112318132,39.7467541522706],[-121.603114515685,39.7466490893931],[-121.603116248895,39.7465667050913],[-121.603116905062,39.746484339673],[-121.603125085978,39.7461581580861],[-121.603125346765,39.7461353662311],[-121.603269801322,39.745981373044],[-121.603265419571,39.7455849370404],[-121.603258101566,39.7449224961813],[-121.603253940923,39.7445457839765],[-121.603247079467,39.7440910650391],[-121.603245581739,39.743991770202],[-121.603244241748,39.7439029571727],[-121.60321994404,39.7422923469147],[-121.603204509771,39.7412691817297],[-121.603192465046,39.7404706643019],[-121.60318531575,39.7398875210318],[-121.603178755975,39.7393523952604],[-121.603176103293,39.7391359700725],[-121.603172812115,39.7388674226354],[-121.603168684139,39.7385306623825],[-121.603167138282,39.7384044402194],[-121.603151259742,39.7376242839403],[-121.60312438759,39.7363037431932],[-121.603096056524,39.7349115290656],[-121.603077585018,39.7340037416828],[-121.601680742607,39.7340308919879],[-121.600788195553,39.7340482318099],[-121.600774249771,39.733174317741],[-121.600773856712,39.7331497023667],[-121.600764426468,39.7325588027247],[-121.600741772894,39.7322712590569],[-121.600724225368,39.7320485048835],[-121.600709935897,39.7317817080979],[-121.600770001097,39.7317155886491],[-121.601117082082,39.7312860653792],[-121.601536842919,39.7307822225727],[-121.601611583339,39.7306925101397],[-121.601922518158,39.7304400169908],[-121.60194779924,39.7304094898324],[-121.60212392526,39.7301968081943],[-121.602217059388,39.7299041157972],[-121.602274615225,39.7294368095832],[-121.602378951025,39.7285896859715],[-121.602412815787,39.7282313325817],[-121.602386428434,39.7279788544912],[-121.602370234097,39.7279023284013],[-121.60231209374,39.7276276003857],[-121.602278918133,39.7274708319505],[-121.602308813871,39.727365350339],[-121.602355586092,39.7272003260906],[-121.602336308217,39.7268600680046],[-121.602323765095,39.7267775862308],[-121.60232369538,39.7267771266426],[-121.602540203568,39.7267784713962],[-121.602975023278,39.7267811630898],[-121.603357110962,39.7267732121374],[-121.604178467053,39.7267561613119],[-121.605180963183,39.7267352406376],[-121.60519409657,39.7267349667517],[-121.605402067886,39.7267306311683],[-121.607785677162,39.7266809618744],[-121.608367045391,39.7266856675306],[-121.608380374911,39.7266857767357],[-121.608770130658,39.726688928444],[-121.60892357654,39.726690169795],[-121.610144736808,39.7267000397533],[-121.610258677024,39.7267009602478],[-121.610866061966,39.7267058649082],[-121.611180677735,39.7267084043912]]]},"properties":{"FID":409,"Zone":"BUT-TOP-12","SubZone":" ","Community":"Town of Paradise","Status":"No Order or Warning","StructureC":553,"Descriptio":" ","Shape_Leng":10777.3008604,"points":138,"Zone_Num":"12","GlobalID":"f969fe0f-b319-4219-b2f8-ea87aaaadd70","GlobalID_2":"df99266c-84db-4bda-956b-f2a2584b8344","Shape__Area":35741778.95019531,"Shape__Length":27808.279164684558}},{"type":"Feature","id":424,"geometry":{"type":"Polygon","coordinates":[[[-121.586685121462,39.9209139019867],[-121.585067525955,39.9209457119665],[-121.582149282695,39.9223280481408],[-121.581462637099,39.9234470616746],[-121.580604330092,39.9267381721329],[-121.577514424499,39.9287785795596],[-121.574351958861,39.9289333744479],[-121.574091241025,39.9286134866251],[-121.574091240782,39.9241577605797],[-121.549703297397,39.9244664543908],[-121.548249386006,39.9016318608812],[-121.553796547499,39.9011840349246],[-121.555727736867,39.9002292727967],[-121.562637107628,39.8988903889005],[-121.563924567062,39.899087930967],[-121.564739959319,39.8999768625995],[-121.566799896512,39.9040921346735],[-121.566628233943,39.9072524961654],[-121.569546477524,39.9056064923146],[-121.570318954854,39.904948080113],[-121.572850959866,39.9043555039825],[-121.576255579483,39.907559744747],[-121.577457208624,39.9100615831608],[-121.575053949363,39.9122341572502],[-121.586685121462,39.9209139019867]]]},"properties":{"FID":424,"Zone":"BUT-MA-281","SubZone":"Powelton","Community":"Magalia","Status":"No Order or Warning","StructureC":2,"Descriptio":"East of Lovelock Rd/Bollinger Rd east to west of Quartz St. South of Powellton Rd/Lovelock Rd intersection south just north of Skyway.","Shape_Leng":29655.9889862,"points":26,"Zone_Num":"281","GlobalID":"5eda4f5a-217a-4a7e-90de-3f7bea7cbfe4","GlobalID_2":"aa9aaaf5-50df-48c8-bf76-63b0bc79f7ee","Shape__Area":70668395.97363281,"Shape__Length":39924.53133468274}},{"type":"Feature","id":425,"geometry":{"type":"Polygon","coordinates":[[[-121.56267796698,39.8881425196116],[-121.548138353519,39.8754609743398],[-121.578934300561,39.8748080008158],[-121.579048391632,39.8747680737852],[-121.579510272602,39.874763571771],[-121.579702914179,39.8748202340995],[-121.579893875188,39.8749583296234],[-121.58051344995,39.8756718459799],[-121.580739643859,39.8758103715914],[-121.58103657786,39.8759361878476],[-121.581296884439,39.8761294303192],[-121.581608640712,39.8763911826412],[-121.581851338212,39.8765842082678],[-121.582356863233,39.876848328623],[-121.582529101648,39.8770404917653],[-121.583335506301,39.8780956652836],[-121.58356255314,39.8781934686219],[-121.583773101939,39.8782367696806],[-121.584002104216,39.8782395679693],[-121.584267453978,39.8781885087347],[-121.584602147885,39.8781925978839],[-121.584989691821,39.8781973304715],[-121.585254482458,39.8781734141074],[-121.586336559921,39.8778200827476],[-121.586761002559,39.8777438075689],[-121.587006783165,39.8777875325069],[-121.587197766671,39.8779256160352],[-121.587316340757,39.8781578445747],[-121.587470979686,39.8783497856512],[-121.587680974072,39.8784202239315],[-121.588297244007,39.8784413089044],[-121.589034598156,39.8785724698404],[-121.589472762528,39.8786864088518],[-121.589892537545,39.878838132518],[-121.590199682926,39.8789830553821],[-121.590532346717,39.8792586126305],[-121.590768809968,39.8794135324461],[-121.591341721732,39.8796594277181],[-121.591578633922,39.8797926330481],[-121.591773265006,39.8799253223084],[-121.591997641068,39.879982351572],[-121.592490669024,39.8799992019346],[-121.59327898108,39.8800522161637],[-121.593632413533,39.8800022060279],[-121.593871768197,39.8800159707504],[-121.594388326872,39.8802611671213],[-121.594570427377,39.8803176777316],[-121.594810671752,39.880288010352],[-121.59512293328,39.8801831928219],[-121.595450836062,39.8800025421794],[-121.595707390593,39.8798644669132],[-121.596427387631,39.8797799029967],[-121.597176589329,39.8797084990789],[-121.597752201755,39.8796247515419],[-121.598070025721,39.8796519588537],[-121.598253176667,39.8796676369577],[-121.599132672398,39.8798992137242],[-121.599442889925,39.8799213758267],[-121.599754981635,39.8798515010164],[-121.600094332563,39.8796162499583],[-121.600284632819,39.8792786109668],[-121.600464015017,39.8788846844059],[-121.600604832401,39.8787015419466],[-121.601040392284,39.8783503189259],[-121.601351460073,39.8782220417397],[-121.601729448439,39.8781737925522],[-121.602105021751,39.8782443389785],[-121.602373512216,39.8785248429525],[-121.602642810546,39.8787657479511],[-121.602966455967,39.8788620712389],[-121.603240577098,39.8788653758069],[-121.603739298324,39.8787789663263],[-121.604359823023,39.878601598154],[-121.604634479203,39.8785784999837],[-121.604872730046,39.8786605881033],[-121.605142036333,39.8789014864778],[-121.605318200484,39.8790663595824],[-121.605537049692,39.8791349808278],[-121.605842479037,39.8791575108822],[-121.606329678089,39.8792670658128],[-121.606619440757,39.8794590874628],[-121.606786309062,39.8796779088182],[-121.608195172514,39.8796115592321],[-121.609189682298,39.8795838927561],[-121.610686637985,39.8792849770188],[-121.611274747432,39.879014762953],[-121.611634684869,39.8786388535141],[-121.606377677523,39.8878863338998],[-121.606670490858,39.898972769372],[-121.604461988523,39.9080385702284],[-121.600334657662,39.9137688170337],[-121.590299640928,39.9208735495102],[-121.586685121462,39.9209139019867],[-121.575053949363,39.9122341572502],[-121.577457208624,39.9100615831608],[-121.576255579483,39.907559744747],[-121.572850959866,39.9043555039825],[-121.570318954854,39.904948080113],[-121.569546477524,39.9056064923146],[-121.566628233943,39.9072524961654],[-121.566799896512,39.9040921346735],[-121.564739959319,39.8999768625995],[-121.563924567062,39.899087930967],[-121.562637107628,39.8988903889005],[-121.555727736867,39.9002292727967],[-121.553796547499,39.9011840349246],[-121.548249386006,39.9016318608812],[-121.56267796698,39.8881425196116]]]},"properties":{"FID":425,"Zone":"BUT-MA-283","SubZone":"Lovelock","Community":"Magalia","Status":"No Order or Warning","StructureC":92,"Descriptio":"Powellton Rd. east to the west side of Stirling City. Intersection of Lovelock and Powellton Rd, south to Hupp Coutolenc Rd. Includes Lovelock, Toadtown, Coutolenc Rd and Lovelock Rd.","Shape_Leng":29655.9889862,"points":167,"Zone_Num":"283","GlobalID":"3db22229-dc62-4c48-b514-577f0d3249cb","GlobalID_2":"73393ae0-86db-4641-a64e-8df0360fb283","Shape__Area":176392121.48535156,"Shape__Length":68256.2246424413}}],"egress":{"scenarioId":"camp-fire-2018","source":"Butte County ButteEvacuationZones_2_view","attribution":"Butte County OEM evacuation zones (ArcGIS FeatureServer, keyless)","idField":"Zone","provenance":"cache (C:\\My projects Main\\dreamhacks\\scripts\\.cache\\evaczones-camp-fire-2018.json) — pass --refresh to force a live fetch","query":"https://services.arcgis.com/3t3QfTXFRFX44zo8/arcgis/rest/services/ButteEvacuationZones_2_view/FeatureServer/0/query?where=Community+IN+%28%27Town+of+Paradise%27%2C%27Paradise+East%27%2C%27Magalia%27%2C%27Concow%27%2C%27Butte+Valley%27%29&outFields=*&outSR=4326&returnGeometry=true&f=geojson","featureCount":46,"fetchedAt":"2026-08-20T01:09:42.802Z"}}